#pragma once

#include <Arduino.h>

constexpr uint16_t kGreylineMapWidth = 300;
constexpr uint16_t kGreylineMapHeight = 108;

const uint16_t kGreylineMapRgb565[] PROGMEM = {
  0x0084, 0x0084, 0x0084, 0x0084, 0x0084, 0x0084, 0x0084, 0x0084, 0x0084, 0x0084, 0x0084, 0x0084,
  0x0084, 0x0084, 0x0084, 0x0084, 0x0084, 0x0084, 0x0084, 0x0084, 0x0084, 0x0084, 0x0084, 0x0084,
  0x0084, 0x0084, 0x0084, 0x0084, 0x0084, 0x0084, 0x0084, 0x0084, 0x0084, 0x0084, 0x0084, 0x0084,
  0x0084, 0x0084, 0x0084, 0x0084, 0x0084, 0x0084, 0x0084, 0x0084, 0x0084, 0x0084, 0x0084, 0x0084,
  0x0084, 0x0084, 0x0084, 0x0084, 0x0084, 0x0084, 0x0084, 0x0084, 0x0084, 0x0084, 0x0084, 0x0084,
  0x0084, 0x0084, 0x0084, 0x0084, 0x0084, 0x0084, 0x0084, 0x0084, 0x0084, 0x0084, 0x0084, 0x0084,
  0x0084, 0x0084, 0x0084, 0x0084, 0x0084, 0x0084, 0x0084, 0x0064, 0x0064, 0x0064, 0x0044, 0x0044,
  0x0044, 0x0044, 0x0044, 0x0044, 0x0024, 0x0023, 0x0023, 0x0023, 0x0044, 0x0023, 0x0044, 0x0044,
  0x0044, 0x0064, 0x0064, 0x0084, 0x0084, 0x0084, 0x0084, 0x0084, 0x0084, 0x0084, 0x0084, 0x0084,
  0x0084, 0x0084, 0x0084, 0x0064, 0x0064, 0x0044, 0x0044, 0x0044, 0x0044, 0x0044, 0x0044, 0x0044,
  0x0044, 0x0044, 0x0064, 0x0064, 0x0044, 0x0044, 0x0044, 0x0044, 0x0044, 0x0064, 0x0084, 0x0084,
  0x0084, 0x0084, 0x0084, 0x0084, 0x0084, 0x0084, 0x0084, 0x0084, 0x0084, 0x0084, 0x0084, 0x0084,
  0x0084, 0x0084, 0x0084, 0x0084, 0x0084, 0x0084, 0x0084, 0x0084, 0x0084, 0x0084, 0x0084, 0x0084,
  0x0084, 0x0084, 0x0084, 0x0084, 0x0084, 0x0084, 0x0084, 0x0084, 0x0084, 0x0084, 0x0084, 0x0084,
  0x0084, 0x0084, 0x0084, 0x0084, 0x0084, 0x0084, 0x0084, 0x0084, 0x0084, 0x0084, 0x0084, 0x0084,
  0x0084, 0x0084, 0x0084, 0x0084, 0x0084, 0x0084, 0x0084, 0x0084, 0x0084, 0x0084, 0x0084, 0x0084,
  0x0084, 0x0084, 0x0084, 0x0084, 0x0084, 0x0084, 0x0084, 0x0084, 0x0084, 0x0084, 0x0084, 0x0084,
  0x0084, 0x0084, 0x0084, 0x0084, 0x0084, 0x0084, 0x0084, 0x0084, 0x0084, 0x0084, 0x0084, 0x0084,
  0x0084, 0x0084, 0x0084, 0x0084, 0x0084, 0x0084, 0x0084, 0x0084, 0x0084, 0x0084, 0x0084, 0x0084,
  0x0084, 0x0084, 0x0084, 0x0084, 0x0084, 0x0084, 0x0084, 0x0084, 0x0084, 0x0084, 0x0084, 0x0084,
  0x0084, 0x0084, 0x0084, 0x0084, 0x0084, 0x0084, 0x0084, 0x0084, 0x0084, 0x0084, 0x0084, 0x0084,
  0x0084, 0x0084, 0x0084, 0x0084, 0x0084, 0x0084, 0x0084, 0x0084, 0x0084, 0x0084, 0x0084, 0x0084,
  0x0084, 0x0084, 0x0084, 0x0084, 0x0084, 0x0084, 0x0084, 0x0084, 0x0084, 0x0084, 0x0084, 0x0084,
  0x0084, 0x0084, 0x0084, 0x0084, 0x0084, 0x0084, 0x0084, 0x0084, 0x0084, 0x0084, 0x0084, 0x0084,
  0x0084, 0x0084, 0x0084, 0x0084, 0x0084, 0x0084, 0x0084, 0x0084, 0x0084, 0x0084, 0x0084, 0x0084,
  0x0085, 0x0085, 0x0085, 0x0085, 0x0085, 0x0085, 0x0085, 0x0085, 0x0085, 0x0085, 0x0085, 0x0085,
  0x0085, 0x0085, 0x0085, 0x0085, 0x0085, 0x0085, 0x0085, 0x0085, 0x0085, 0x0085, 0x0085, 0x0085,
  0x0085, 0x0085, 0x0085, 0x0085, 0x0085, 0x0085, 0x0085, 0x0085, 0x0085, 0x0085, 0x0085, 0x0085,
  0x0085, 0x0085, 0x0085, 0x0085, 0x0085, 0x0085, 0x0085, 0x0085, 0x0085, 0x0085, 0x0085, 0x0085,
  0x0085, 0x0085, 0x0085, 0x0085, 0x0085, 0x0085, 0x0085, 0x0085, 0x0085, 0x0085, 0x0085, 0x0085,
  0x0085, 0x0085, 0x0085, 0x0085, 0x0085, 0x0085, 0x0085, 0x0085, 0x0085, 0x0085, 0x0085, 0x0085,
  0x0085, 0x0065, 0x0085, 0x0064, 0x0064, 0x0064, 0x0085, 0x08E6, 0x00A5, 0x0906, 0x2187, 0x29C8,
  0x29C8, 0x3208, 0x3A49, 0x3A29, 0x3A69, 0x4269, 0x3A49, 0x3229, 0x29C8, 0x3209, 0x29C8, 0x29A7,
  0x2167, 0x1126, 0x00A5, 0x0044, 0x0044, 0x0044, 0x0044, 0x0064, 0x0064, 0x0044, 0x0044, 0x0084,
  0x0064, 0x0084, 0x00A5, 0x1926, 0x21A8, 0x31E8, 0x31E8, 0x29C8, 0x3A29, 0x4269, 0x4ACA, 0x52EB,
  0x52EB, 0x4ACB, 0x4ACA, 0x4AEA, 0x4AAA, 0x428A, 0x3228, 0x21A7, 0x1946, 0x1106, 0x00A5, 0x0064,
  0x0065, 0x0065, 0x0064, 0x0044, 0x0064, 0x0085, 0x0085, 0x0085, 0x0085, 0x0085, 0x0085, 0x0085,
  0x0085, 0x0085, 0x0085, 0x0085, 0x0085, 0x0085, 0x0085, 0x0085, 0x0085, 0x0085, 0x0085, 0x0085,
  0x0085, 0x0085, 0x0085, 0x0085, 0x0085, 0x0085, 0x0085, 0x0085, 0x0085, 0x0085, 0x0085, 0x0085,
  0x0085, 0x0085, 0x0085, 0x0085, 0x0085, 0x0085, 0x0085, 0x0085, 0x0085, 0x0085, 0x0085, 0x0085,
  0x0085, 0x0085, 0x0085, 0x0085, 0x0085, 0x0085, 0x0085, 0x0085, 0x0085, 0x0085, 0x0065, 0x0064,
  0x0085, 0x0085, 0x0085, 0x0085, 0x0085, 0x0085, 0x0085, 0x0085, 0x0085, 0x0085, 0x0085, 0x0085,
  0x0085, 0x0085, 0x0085, 0x0085, 0x0085, 0x0085, 0x0085, 0x0085, 0x0085, 0x0085, 0x0085, 0x0085,
  0x0085, 0x0085, 0x0085, 0x0085, 0x0085, 0x0085, 0x0085, 0x0085, 0x0085, 0x0085, 0x0085, 0x0085,
  0x0085, 0x0085, 0x0085, 0x0085, 0x0085, 0x0085, 0x0085, 0x0085, 0x0085, 0x0085, 0x0085, 0x0085,
  0x0085, 0x0085, 0x0085, 0x00A5, 0x0085, 0x0085, 0x0085, 0x0085, 0x0085, 0x0085, 0x0085, 0x0085,
  0x0085, 0x0085, 0x0085, 0x0085, 0x0085, 0x0085, 0x0085, 0x0085, 0x0085, 0x0085, 0x0085, 0x0085,
  0x0085, 0x0085, 0x0085, 0x0085, 0x0085, 0x0085, 0x0085, 0x0085, 0x0085, 0x0085, 0x0085, 0x0085,
  0x0085, 0x0085, 0x0085, 0x0085, 0x0085, 0x0085, 0x0085, 0x0085, 0x0085, 0x0085, 0x0085, 0x0085,
  0x0085, 0x0085, 0x0085, 0x0085, 0x0085, 0x0085, 0x0085, 0x0085, 0x0085, 0x0085, 0x0085, 0x0084,
  0x0084, 0x0085, 0x0085, 0x0085, 0x0085, 0x0085, 0x0085, 0x0085, 0x0085, 0x0085, 0x0085, 0x0085,
  0x0085, 0x0085, 0x0085, 0x0085, 0x0085, 0x0085, 0x0085, 0x0085, 0x0085, 0x0085, 0x0085, 0x0085,
  0x0085, 0x0085, 0x0085, 0x0085, 0x0085, 0x0085, 0x0085, 0x0085, 0x0085, 0x0085, 0x0085, 0x0085,
  0x0085, 0x0085, 0x0085, 0x0085, 0x0085, 0x0085, 0x0085, 0x0085, 0x0085, 0x0085, 0x0085, 0x0085,
  0x0085, 0x0085, 0x0085, 0x0085, 0x0085, 0x0085, 0x0085, 0x0085, 0x0085, 0x0085, 0x0085, 0x0085,
  0x0085, 0x0085, 0x0085, 0x0085, 0x0085, 0x0085, 0x0085, 0x0085, 0x0085, 0x00A5, 0x0064, 0x0064,
  0x08C5, 0x08C5, 0x08C5, 0x29A8, 0x4ACA, 0x5B0B, 0x634C, 0x740E, 0x73EE, 0x740E, 0x7C2E, 0x7C2E,
  0x7C4E, 0x844E, 0x7C4E, 0x844E, 0x846E, 0x846F, 0x848F, 0x8CAF, 0x8C8F, 0x844E, 0x73CD, 0x5B2B,
  0x4AAA, 0x3A09, 0x1946, 0x29C7, 0x3A29, 0x4269, 0x4ACA, 0x530B, 0x428A, 0x4269, 0x3A49, 0x4AA9,
  0x5B2B, 0x5B0B, 0x52EB, 0x4ACA, 0x6BAD, 0x7C2E, 0x7C4E, 0x7C4E, 0x844E, 0x844E, 0x7C4E, 0x7C2E,
  0x7C4E, 0x73ED, 0x6B8C, 0x6BAD, 0x73CD, 0x6BAD, 0x634B, 0x530B, 0x636C, 0x4AAA, 0x10E6, 0x1927,
  0x1106, 0x1926, 0x29E8, 0x3208, 0x29C7, 0x10E6, 0x0085, 0x0085, 0x0085, 0x0085, 0x0085, 0x0085,
  0x0085, 0x0085, 0x0085, 0x0085, 0x0085, 0x0085, 0x0085, 0x0085, 0x0085, 0x0085, 0x0085, 0x0085,
  0x0085, 0x0085, 0x0085, 0x0085, 0x0085, 0x0064, 0x0064, 0x0084, 0x0064, 0x0064, 0x0064, 0x0085,
  0x0085, 0x0085, 0x0085, 0x0085, 0x0085, 0x0085, 0x0085, 0x0085, 0x0085, 0x0085, 0x0085, 0x0085,
  0x0085, 0x0084, 0x0064, 0x0044, 0x0064, 0x0085, 0x0085, 0x0064, 0x0084, 0x08A5, 0x1106, 0x1926,
  0x0065, 0x0064, 0x08C5, 0x08C5, 0x00A5, 0x0085, 0x0085, 0x0085, 0x0085, 0x0085, 0x0085, 0x0085,
  0x0085, 0x0085, 0x0085, 0x0085, 0x0085, 0x0085, 0x0085, 0x0085, 0x0085, 0x0085, 0x0085, 0x00A5,
  0x0064, 0x0044, 0x0064, 0x0084, 0x0064, 0x0085, 0x0085, 0x0085, 0x0085, 0x0085, 0x0085, 0x0085,
  0x0085, 0x0085, 0x0085, 0x0085, 0x0085, 0x0085, 0x0085, 0x0085, 0x0085, 0x0085, 0x0085, 0x0085,
  0x0085, 0x0085, 0x0085, 0x0085, 0x0085, 0x0085, 0x0085, 0x0085, 0x0085, 0x0085, 0x0085, 0x0085,
  0x0085, 0x0085, 0x0085, 0x0085, 0x0085, 0x0085, 0x0085, 0x0085, 0x0085, 0x0085, 0x0085, 0x0085,
  0x0085, 0x0085, 0x0085, 0x0085, 0x0085, 0x0085, 0x0085, 0x0085, 0x0085, 0x0085, 0x0085, 0x0085,
  0x0085, 0x0085, 0x0085, 0x0085, 0x0085, 0x0085, 0x0085, 0x0085, 0x0085, 0x0085, 0x0085, 0x0085,
  0x0085, 0x0085, 0x0085, 0x0085, 0x0085, 0x0085, 0x0085, 0x0085, 0x0085, 0x0085, 0x0085, 0x0084,
  0x0084, 0x0085, 0x0085, 0x0085, 0x0085, 0x0085, 0x0085, 0x0085, 0x0085, 0x0085, 0x0085, 0x0085,
  0x0085, 0x0085, 0x0085, 0x0085, 0x0085, 0x0085, 0x0085, 0x0085, 0x0085, 0x0085, 0x0085, 0x0085,
  0x0085, 0x0085, 0x0085, 0x0085, 0x0085, 0x0085, 0x0085, 0x0085, 0x0085, 0x0085, 0x0085, 0x0085,
  0x0085, 0x0085, 0x0085, 0x0085, 0x0085, 0x0085, 0x0085, 0x0085, 0x0085, 0x0085, 0x0085, 0x0085,
  0x0085, 0x0085, 0x0085, 0x0085, 0x0085, 0x0085, 0x0085, 0x0085, 0x0085, 0x0085, 0x0085, 0x0084,
  0x0085, 0x0085, 0x0085, 0x0064, 0x0044, 0x0044, 0x0044, 0x08C5, 0x08E5, 0x0044, 0x1126, 0x5B0B,
  0x7C2E, 0x7C2E, 0x634C, 0x4A8A, 0x52EA, 0x530B, 0x4AAA, 0x638C, 0x530B, 0x530B, 0x638C, 0x636C,
  0x636C, 0x73ED, 0x7C2E, 0x7C2E, 0x844E, 0x7C4E, 0x73ED, 0x5B2B, 0x3A49, 0x29C8, 0x3A28, 0x4249,
  0x52EB, 0x636C, 0x6B8C, 0x7C4E, 0x846E, 0x7C4E, 0x844E, 0x844E, 0x7C4E, 0x844E, 0x846E, 0x7C2E,
  0x7C4E, 0x844E, 0x844E, 0x7C0E, 0x7C0D, 0x7C0E, 0x7C0D, 0x7C0D, 0x740D, 0x740D, 0x740D, 0x740D,
  0x740D, 0x740D, 0x73ED, 0x740D, 0x740D, 0x740D, 0x73ED, 0x740E, 0x73ED, 0x636C, 0x636C, 0x6BAD,
  0x740E, 0x6BAD, 0x5B0B, 0x3A49, 0x21A8, 0x08C5, 0x0085, 0x0085, 0x0085, 0x0085, 0x0085, 0x0085,
  0x0085, 0x0085, 0x0085, 0x0085, 0x0085, 0x0085, 0x0085, 0x0085, 0x0085, 0x0085, 0x0085, 0x0064,
  0x0044, 0x0044, 0x0044, 0x0064, 0x0044, 0x08C5, 0x1967, 0x08E5, 0x1126, 0x1126, 0x1126, 0x08E5,
  0x0085, 0x0085, 0x0085, 0x0085, 0x0085, 0x0085, 0x0085, 0x0085, 0x0085, 0x0085, 0x0085, 0x0085,
  0x0085, 0x1106, 0x29A7, 0x3208, 0x3228, 0x2187, 0x08A5, 0x1106, 0x2166, 0x4269, 0x5B2B, 0x3A08,
  0x31E8, 0x3209, 0x1126, 0x29C7, 0x1946, 0x0085, 0x0085, 0x0085, 0x0085, 0x0085, 0x0085, 0x0085,
  0x0085, 0x0085, 0x0085, 0x0085, 0x0085, 0x0085, 0x0085, 0x0085, 0x0085, 0x0085, 0x00A5, 0x10E5,
  0x1926, 0x52EA, 0x6BAC, 0x6B8C, 0x31C8, 0x0064, 0x0085, 0x0044, 0x0044, 0x0064, 0x0085, 0x0085,
  0x0085, 0x0085, 0x0085, 0x0085, 0x0085, 0x0085, 0x0085, 0x0085, 0x0085, 0x0085, 0x0085, 0x0085,
  0x0085, 0x0085, 0x0085, 0x0085, 0x0085, 0x0085, 0x0085, 0x0085, 0x0085, 0x0085, 0x0085, 0x0085,
  0x0085, 0x0085, 0x0085, 0x0085, 0x0085, 0x0085, 0x0085, 0x0085, 0x0085, 0x0085, 0x0085, 0x0085,
  0x0085, 0x0085, 0x0085, 0x0085, 0x0085, 0x0085, 0x0085, 0x0085, 0x0085, 0x0085, 0x0085, 0x0085,
  0x0085, 0x0085, 0x0085, 0x0085, 0x0085, 0x0085, 0x0085, 0x0085, 0x0085, 0x0085, 0x0085, 0x0085,
  0x0085, 0x0085, 0x0085, 0x0085, 0x0085, 0x0085, 0x0085, 0x0085, 0x0085, 0x0085, 0x0085, 0x0084,
  0x0084, 0x0085, 0x0085, 0x0085, 0x0085, 0x0085, 0x0085, 0x0085, 0x0085, 0x0085, 0x0085, 0x0085,
  0x0085, 0x0085, 0x0085, 0x0085, 0x0085, 0x0085, 0x0085, 0x0085, 0x0085, 0x0085, 0x0085, 0x0085,
  0x0085, 0x0085, 0x0085, 0x0085, 0x0085, 0x0085, 0x0085, 0x0085, 0x0085, 0x0085, 0x0085, 0x0085,
  0x0085, 0x0085, 0x0085, 0x0085, 0x0085, 0x0085, 0x0085, 0x0085, 0x0085, 0x0085, 0x0085, 0x0085,
  0x0085, 0x0085, 0x0085, 0x0085, 0x0085, 0x0085, 0x0084, 0x0084, 0x0084, 0x0084, 0x00A5, 0x08C5,
  0x00A5, 0x0084, 0x0064, 0x1946, 0x4289, 0x3208, 0x2186, 0x1126, 0x0906, 0x1927, 0x1926, 0x3A28,
  0x5B0B, 0x7C2E, 0x8C8F, 0x848F, 0x844E, 0x636C, 0x52EB, 0x530B, 0x636C, 0x634C, 0x6B8C, 0x7C2E,
  0x844E, 0x7C2E, 0x7C2E, 0x5B2B, 0x31E8, 0x2167, 0x08C5, 0x0085, 0x00C5, 0x2167, 0x31E8, 0x5B4B,
  0x7C4E, 0x7C2E, 0x7C2E, 0x7C2E, 0x7C0D, 0x7C0D, 0x7C0D, 0x7C0E, 0x7C0E, 0x7C0E, 0x7C0E, 0x7C2E,
  0x7C0D, 0x7C0D, 0x7C0D, 0x7C0D, 0x7C0D, 0x7C0D, 0x7C0D, 0x7C0D, 0x740D, 0x740D, 0x740D, 0x740D,
  0x740D, 0x740D, 0x7C0D, 0x7C0D, 0x7C0D, 0x7C2E, 0x7C2E, 0x7C2E, 0x7C2E, 0x7C4E, 0x844E, 0x52EB,
  0x31C8, 0x1107, 0x0064, 0x0044, 0x0064, 0x0085, 0x0085, 0x0085, 0x0085, 0x0085, 0x0085, 0x0085,
  0x0085, 0x0085, 0x0085, 0x0085, 0x0085, 0x0085, 0x0085, 0x0085, 0x0085, 0x0085, 0x0064, 0x29E8,
  0x530B, 0x4289, 0x3A28, 0x52CA, 0x4AAA, 0x52EB, 0x5B4C, 0x52EB, 0x5B0B, 0x5B4B, 0x530B, 0x29A8,
  0x0085, 0x00A5, 0x0085, 0x0085, 0x0085, 0x0085, 0x0085, 0x0085, 0x0085, 0x0085, 0x0085, 0x0085,
  0x0085, 0x00A5, 0x08C5, 0x1126, 0x08E6, 0x00A5, 0x00A5, 0x08E5, 0x0085, 0x00C5, 0x08E6, 0x1106,
  0x08E5, 0x00A5, 0x0085, 0x0085, 0x0085, 0x0085, 0x0085, 0x0085, 0x0085, 0x0085, 0x0085, 0x0085,
  0x0085, 0x0085, 0x0085, 0x0085, 0x0085, 0x0085, 0x0085, 0x0085, 0x0085, 0x0085, 0x0085, 0x0064,
  0x29A7, 0x426A, 0x63AD, 0x7C2E, 0x7C0E, 0x636C, 0x1947, 0x21A8, 0x3208, 0x1126, 0x00A5, 0x0084,
  0x0085, 0x0085, 0x0085, 0x0085, 0x0085, 0x0085, 0x0085, 0x0085, 0x0085, 0x0085, 0x0085, 0x0085,
  0x0085, 0x0085, 0x0085, 0x0085, 0x0085, 0x0085, 0x0085, 0x0085, 0x0085, 0x0085, 0x0085, 0x0085,
  0x0085, 0x0085, 0x0085, 0x0085, 0x0085, 0x0085, 0x0085, 0x0085, 0x0085, 0x0085, 0x0085, 0x0085,
  0x0085, 0x0085, 0x0085, 0x0085, 0x0085, 0x0085, 0x0085, 0x0085, 0x0085, 0x0085, 0x0085, 0x0085,
  0x0085, 0x0085, 0x0085, 0x0085, 0x0085, 0x0085, 0x0085, 0x0085, 0x0085, 0x0085, 0x0085, 0x0085,
  0x0085, 0x0085, 0x0085, 0x0085, 0x0085, 0x0085, 0x0085, 0x0085, 0x0085, 0x0085, 0x0085, 0x0084,
  0x0084, 0x0085, 0x0085, 0x0085, 0x0085, 0x0085, 0x0085, 0x0085, 0x0085, 0x0085, 0x0085, 0x0085,
  0x0085, 0x0085, 0x0085, 0x0085, 0x0085, 0x0085, 0x0085, 0x0085, 0x0085, 0x0085, 0x0085, 0x0085,
  0x0085, 0x0085, 0x0085, 0x0085, 0x0085, 0x0085, 0x0085, 0x0085, 0x0085, 0x0085, 0x0085, 0x0085,
  0x0085, 0x0085, 0x0085, 0x0085, 0x0085, 0x0085, 0x0085, 0x0085, 0x0085, 0x0085, 0x0085, 0x0085,
  0x0085, 0x0085, 0x0085, 0x0044, 0x0044, 0x08A5, 0x08C5, 0x00A5, 0x08C6, 0x1947, 0x4ACA, 0x4289,
  0x0084, 0x0044, 0x0084, 0x1946, 0x29A8, 0x428A, 0x428A, 0x3A49, 0x00A5, 0x4248, 0x4289, 0x1946,
  0x08C5, 0x1927, 0x3A29, 0x3A29, 0x31E9, 0x3A29, 0x530B, 0x5B2B, 0x7C2E, 0x7C0E, 0x7C2E, 0x7C0D,
  0x6BAC, 0x5B2B, 0x4289, 0x08E6, 0x0065, 0x29E8, 0x52EA, 0x636B, 0x6BCD, 0x6BCD, 0x73ED, 0x7C2E,
  0x7C0D, 0x7C0D, 0x740D, 0x7C0D, 0x7C0D, 0x7C0D, 0x7C0E, 0x7C2E, 0x7C0E, 0x7C2E, 0x7C0E, 0x7C0E,
  0x7C0D, 0x7C0D, 0x7C0D, 0x7C0D, 0x7C0D, 0x7C0D, 0x7C0D, 0x7C0D, 0x740D, 0x7C0D, 0x740D, 0x740D,
  0x7C0D, 0x740D, 0x7C0D, 0x7C0D, 0x7C0D, 0x7C2E, 0x7C2E, 0x7C2E, 0x7C2E, 0x846E, 0x5B4C, 0x1947,
  0x0043, 0x0084, 0x0085, 0x0085, 0x0085, 0x0085, 0x0085, 0x0085, 0x0085, 0x0085, 0x0085, 0x0085,
  0x0085, 0x0085, 0x0085, 0x0085, 0x0085, 0x0085, 0x0085, 0x0085, 0x0085, 0x0085, 0x0085, 0x2187,
  0x52EB, 0x73ED, 0x6BAD, 0x7C0D, 0x8CCF, 0x5B2B, 0x29C8, 0x52EB, 0x31C7, 0x10C5, 0x0064, 0x0085,
  0x00A5, 0x08C5, 0x0085, 0x0085, 0x0085, 0x0085, 0x0085, 0x0085, 0x0085, 0x0085, 0x0085, 0x0085,
  0x0085, 0x0085, 0x0085, 0x0064, 0x0084, 0x0085, 0x0085, 0x0084, 0x0084, 0x0084, 0x0064, 0x0064,
  0x0085, 0x0084, 0x0084, 0x0085, 0x0085, 0x0064, 0x0044, 0x0084, 0x0085, 0x0085, 0x0085, 0x0085,
  0x0085, 0x0085, 0x0085, 0x0085, 0x0085, 0x0085, 0x0085, 0x0085, 0x0085, 0x0085, 0x0085, 0x0085,
  0x0064, 0x0044, 0x0064, 0x08C5, 0x1106, 0x1967, 0x3209, 0x52EB, 0x52CA, 0x4A89, 0x10E6, 0x0085,
  0x0065, 0x0064, 0x0064, 0x0064, 0x0085, 0x0085, 0x0085, 0x0085, 0x0085, 0x0085, 0x0085, 0x0085,
  0x0085, 0x0085, 0x0085, 0x0085, 0x0085, 0x0085, 0x0085, 0x0085, 0x0085, 0x0085, 0x0085, 0x0085,
  0x0085, 0x0085, 0x0085, 0x0085, 0x0085, 0x0085, 0x0085, 0x0085, 0x0085, 0x0085, 0x0085, 0x0085,
  0x0085, 0x0085, 0x0085, 0x0085, 0x0085, 0x0085, 0x0085, 0x0085, 0x0085, 0x0085, 0x0085, 0x0085,
  0x0085, 0x0085, 0x0085, 0x0085, 0x0085, 0x0085, 0x0085, 0x0085, 0x0085, 0x0085, 0x0085, 0x0085,
  0x0085, 0x0085, 0x0085, 0x0085, 0x0085, 0x0085, 0x0085, 0x0085, 0x0085, 0x0085, 0x0085, 0x0084,
  0x0084, 0x0085, 0x0085, 0x0085, 0x0085, 0x0085, 0x0085, 0x0085, 0x0085, 0x0085, 0x0085, 0x0085,
  0x0085, 0x0085, 0x0085, 0x0085, 0x0085, 0x0085, 0x0085, 0x0085, 0x0085, 0x0085, 0x0085, 0x0085,
  0x0085, 0x0085, 0x0085, 0x0085, 0x0085, 0x0085, 0x0085, 0x0085, 0x0085, 0x0085, 0x0085, 0x0085,
  0x0085, 0x0085, 0x0085, 0x0085, 0x0085, 0x0085, 0x0085, 0x0085, 0x0085, 0x0085, 0x0085, 0x0085,
  0x0085, 0x0085, 0x08C5, 0x29A7, 0x52EA, 0x5B4B, 0x636C, 0x29E9, 0x2147, 0x2166, 0x10C4, 0x08C5,
  0x29C8, 0x00A5, 0x08C6, 0x2187, 0x1947, 0x1106, 0x1946, 0x2146, 0x2987, 0x08A5, 0x29C8, 0x52EB,
  0x3A49, 0x1946, 0x29C7, 0x1967, 0x2188, 0x4ACA, 0x5B2B, 0x5B0B, 0x530B, 0x5B0B, 0x638C, 0x638C,
  0x3A4A, 0x0085, 0x0044, 0x0064, 0x0085, 0x08C5, 0x29C8, 0x52EB, 0x73ED, 0x6BCD, 0x73ED, 0x7C2D,
  0x740D, 0x7C2E, 0x7C2E, 0x844E, 0x844E, 0x7C2E, 0x7C2E, 0x7C0E, 0x7C2E, 0x7C2E, 0x7C0E, 0x7C0E,
  0x7C0D, 0x7C0D, 0x7C0D, 0x7C0D, 0x7C0D, 0x7C0D, 0x7C0D, 0x7C0D, 0x7C0D, 0x7C0D, 0x740D, 0x7C0D,
  0x7C0D, 0x7C0D, 0x7C0D, 0x7C0D, 0x7C2E, 0x7C2E, 0x7C2E, 0x7C2E, 0x7C2E, 0x7C0D, 0x5B2B, 0x426A,
  0x31E8, 0x0085, 0x0085, 0x0085, 0x0085, 0x0085, 0x0085, 0x0085, 0x0085, 0x0085, 0x0085, 0x0085,
  0x0085, 0x0085, 0x0085, 0x0085, 0x0085, 0x0085, 0x0085, 0x0085, 0x0085, 0x0085, 0x0085, 0x0064,
  0x0024, 0x1106, 0x4AAA, 0x6BAC, 0x3A49, 0x0085, 0x0064, 0x29A7, 0x3228, 0x1106, 0x0064, 0x0085,
  0x0085, 0x0085, 0x0085, 0x0085, 0x0085, 0x0085, 0x0085, 0x0085, 0x0085, 0x0085, 0x0085, 0x0085,
  0x0085, 0x0085, 0x0085, 0x0085, 0x0085, 0x0085, 0x0085, 0x0085, 0x0085, 0x0085, 0x0064, 0x0044,
  0x0044, 0x0084, 0x0085, 0x00A5, 0x08E5, 0x29A7, 0x3208, 0x08E5, 0x0064, 0x0085, 0x0085, 0x0085,
  0x0085, 0x0085, 0x0085, 0x0085, 0x0085, 0x0085, 0x0085, 0x0085, 0x0085, 0x0084, 0x0064, 0x0044,
  0x0044, 0x0044, 0x0084, 0x0085, 0x0024, 0x0044, 0x08C5, 0x29C8, 0x5B0B, 0x636C, 0x42AA, 0x21A8,
  0x1946, 0x1966, 0x1946, 0x08C5, 0x0085, 0x0085, 0x0085, 0x0085, 0x0085, 0x0085, 0x0085, 0x0085,
  0x0085, 0x0085, 0x0085, 0x0085, 0x0085, 0x0085, 0x0085, 0x0085, 0x0085, 0x0085, 0x0064, 0x0064,
  0x0044, 0x0064, 0x0044, 0x0064, 0x0085, 0x0064, 0x00A5, 0x0085, 0x0085, 0x0085, 0x0085, 0x0085,
  0x0085, 0x0085, 0x0085, 0x0085, 0x0085, 0x0085, 0x0085, 0x0085, 0x0085, 0x0085, 0x0085, 0x0085,
  0x0085, 0x0085, 0x0085, 0x0085, 0x0085, 0x0085, 0x0085, 0x0085, 0x0085, 0x0085, 0x0085, 0x0085,
  0x0085, 0x0085, 0x0085, 0x0085, 0x0085, 0x0085, 0x0085, 0x0085, 0x0085, 0x0085, 0x0085, 0x0084,
  0x0084, 0x0085, 0x0085, 0x0085, 0x0085, 0x0085, 0x0085, 0x0085, 0x0085, 0x0085, 0x0085, 0x0085,
  0x0085, 0x0085, 0x0085, 0x0085, 0x0085, 0x0085, 0x0085, 0x0085, 0x0085, 0x0085, 0x0085, 0x0085,
  0x0085, 0x0085, 0x0085, 0x0085, 0x0085, 0x0085, 0x0085, 0x0085, 0x0085, 0x0085, 0x0085, 0x0085,
  0x0085, 0x0085, 0x0085, 0x0085, 0x0085, 0x0085, 0x0085, 0x0085, 0x0085, 0x0085, 0x0085, 0x0085,
  0x0085, 0x0044, 0x08C5, 0x2187, 0x1967, 0x1927, 0x31E8, 0x5B4B, 0x6BCC, 0x6BAC, 0x4A8A, 0x3A29,
  0x740E, 0x5B4C, 0x4AAA, 0x08C5, 0x3208, 0x3229, 0x52EB, 0x6BAC, 0x740D, 0x2187, 0x1927, 0x530B,
  0x1947, 0x428A, 0x8CCF, 0x638D, 0x426A, 0x3A28, 0x3A28, 0x426A, 0x4ACB, 0x530B, 0x5B0B, 0x29C8,
  0x0085, 0x0085, 0x0085, 0x0085, 0x0085, 0x0084, 0x0064, 0x00A5, 0x21A7, 0x29C8, 0x2167, 0x1967,
  0x1126, 0x1147, 0x2167, 0x29C8, 0x52CA, 0x7C4E, 0x844E, 0x7C2E, 0x7C2E, 0x7C0E, 0x7C2E, 0x7C0E,
  0x7C0D, 0x7C0E, 0x7C0D, 0x7C0D, 0x7C0E, 0x7C0D, 0x7C0D, 0x7C0D, 0x7C0D, 0x7C0D, 0x7C0D, 0x7C0D,
  0x7C0D, 0x7C0D, 0x7C0D, 0x7C2E, 0x7C2E, 0x7C2E, 0x7C2E, 0x7C2E, 0x7C2E, 0x740D, 0x636C, 0x3A49,
  0x21A8, 0x08C6, 0x0085, 0x0085, 0x0085, 0x0085, 0x0085, 0x0085, 0x0085, 0x0085, 0x0085, 0x0085,
  0x0085, 0x0085, 0x0085, 0x0085, 0x0085, 0x0085, 0x0085, 0x0085, 0x0085, 0x0085, 0x0085, 0x0085,
  0x0085, 0x0064, 0x0064, 0x00A5, 0x0064, 0x0084, 0x0084, 0x0044, 0x0044, 0x0064, 0x0085, 0x0085,
  0x0085, 0x0085, 0x0085, 0x0085, 0x0085, 0x0085, 0x0085, 0x0085, 0x0085, 0x0085, 0x0085, 0x0085,
  0x0085, 0x0085, 0x0085, 0x0085, 0x0085, 0x0085, 0x0085, 0x0085, 0x0064, 0x0064, 0x1926, 0x3A49,
  0x530B, 0x5B4C, 0x4ACA, 0x428A, 0x4AAA, 0x42AA, 0x3208, 0x08C5, 0x0064, 0x0085, 0x0085, 0x0085,
  0x0085, 0x0085, 0x0085, 0x0085, 0x0085, 0x0085, 0x0085, 0x0085, 0x0085, 0x00A5, 0x1946, 0x29A7,
  0x31E8, 0x4AAA, 0x5B4C, 0x530B, 0x4ACA, 0x5B0B, 0x6BCD, 0x7C4E, 0x7C4E, 0x7C2E, 0x7C4E, 0x7C2E,
  0x7C2E, 0x844E, 0x846E, 0x73ED, 0x3208, 0x0064, 0x0085, 0x0085, 0x0085, 0x0085, 0x0085, 0x0085,
  0x0085, 0x0085, 0x0085, 0x0085, 0x0085, 0x0085, 0x0085, 0x0085, 0x08C5, 0x1106, 0x5B0B, 0x638C,
  0x4ACB, 0x5B2B, 0x4AAA, 0x29C8, 0x08C5, 0x2187, 0x2187, 0x1946, 0x00A5, 0x0084, 0x0085, 0x0085,
  0x0085, 0x0085, 0x0085, 0x0085, 0x0085, 0x0085, 0x0085, 0x0085, 0x0085, 0x0085, 0x0085, 0x0085,
  0x0085, 0x0085, 0x0085, 0x0085, 0x0085, 0x0085, 0x0085, 0x0085, 0x0085, 0x0085, 0x0085, 0x0085,
  0x0085, 0x0085, 0x0085, 0x0085, 0x0085, 0x0085, 0x0085, 0x0085, 0x0085, 0x0085, 0x0085, 0x0084,
  0x0084, 0x0085, 0x0085, 0x0085, 0x0085, 0x0085, 0x0085, 0x0085, 0x0085, 0x0085, 0x0085, 0x0085,
  0x0085, 0x0085, 0x0085, 0x0085, 0x0085, 0x0085, 0x0085, 0x0085, 0x0085, 0x0085, 0x0085, 0x0085,
  0x0085, 0x0085, 0x0085, 0x0084, 0x0084, 0x0084, 0x0085, 0x0085, 0x0085, 0x0085, 0x0085, 0x0085,
  0x0085, 0x0085, 0x0085, 0x0085, 0x0085, 0x0085, 0x0085, 0x0085, 0x0085, 0x0085, 0x0085, 0x0085,
  0x0064, 0x29C7, 0x4289, 0x3A69, 0x29E8, 0x31E9, 0x2187, 0x10C4, 0x0084, 0x29A7, 0x3209, 0x1947,
  0x00A5, 0x08A4, 0x08C4, 0x1106, 0x00C6, 0x0044, 0x0064, 0x2187, 0x2188, 0x08E6, 0x10E6, 0x52EA,
  0x4269, 0x29A7, 0x3A49, 0x29C8, 0x29A7, 0x4269, 0x4ACB, 0x3A4A, 0x3209, 0x3A4A, 0x31E8, 0x1926,
  0x0084, 0x0064, 0x0064, 0x0085, 0x0085, 0x0085, 0x0085, 0x0084, 0x0044, 0x0044, 0x0064, 0x0064,
  0x0064, 0x0064, 0x0044, 0x0024, 0x0044, 0x1947, 0x636C, 0x846E, 0x7C2E, 0x7C2E, 0x7C2E, 0x7C0E,
  0x7C0E, 0x7C0E, 0x7C0D, 0x7C0D, 0x7C0E, 0x7C0D, 0x7C0D, 0x7C0D, 0x7C0D, 0x7C0D, 0x7C0D, 0x7C0D,
  0x7C0D, 0x7C0D, 0x7C0E, 0x7C2E, 0x7C2E, 0x7C2E, 0x7C2E, 0x7C2E, 0x7C2E, 0x846E, 0x7C0E, 0x4AAA,
  0x2146, 0x08C5, 0x0085, 0x0085, 0x0085, 0x0085, 0x0085, 0x0085, 0x0085, 0x0085, 0x0085, 0x0085,
  0x0085, 0x0085, 0x0085, 0x0085, 0x0085, 0x0085, 0x0085, 0x0085, 0x0085, 0x0085, 0x0085, 0x0085,
  0x0085, 0x0085, 0x0085, 0x0084, 0x0085, 0x00A5, 0x0085, 0x0085, 0x0085, 0x0085, 0x0085, 0x0085,
  0x0085, 0x0085, 0x0085, 0x0085, 0x0085, 0x0085, 0x0085, 0x0085, 0x0085, 0x0085, 0x0085, 0x0085,
  0x0085, 0x0085, 0x0085, 0x0085, 0x0085, 0x0085, 0x0085, 0x0044, 0x1106, 0x6B8C, 0x8C8F, 0x6BCD,
  0x4269, 0x1946, 0x08C5, 0x00A5, 0x0085, 0x0044, 0x0044, 0x0064, 0x0064, 0x0064, 0x0085, 0x0085,
  0x0085, 0x0085, 0x0084, 0x0085, 0x0064, 0x0085, 0x0064, 0x0064, 0x29C8, 0x6BAD, 0x7C2E, 0x7C4E,
  0x844E, 0x844E, 0x7C2E, 0x7C4E, 0x844E, 0x844E, 0x7C2E, 0x7C0E, 0x740D, 0x740D, 0x7C2E, 0x7C4E,
  0x7C0E, 0x636C, 0x4ACA, 0x428A, 0x1967, 0x0044, 0x0064, 0x0044, 0x0044, 0x0064, 0x0064, 0x0064,
  0x0064, 0x0044, 0x0044, 0x0064, 0x0085, 0x0085, 0x0085, 0x0084, 0x08A5, 0x10E6, 0x3209, 0x3A6A,
  0x428A, 0x31E8, 0x2187, 0x1127, 0x00A5, 0x1946, 0x2187, 0x2187, 0x00A5, 0x0084, 0x0085, 0x0085,
  0x0085, 0x0085, 0x0085, 0x0085, 0x0085, 0x0085, 0x0085, 0x0085, 0x0085, 0x0085, 0x0085, 0x0085,
  0x0085, 0x0085, 0x0085, 0x0085, 0x0085, 0x0085, 0x0085, 0x0085, 0x0085, 0x0085, 0x0085, 0x0085,
  0x0085, 0x0085, 0x0085, 0x0085, 0x0085, 0x0085, 0x0085, 0x0085, 0x0085, 0x0085, 0x0085, 0x0084,
  0x0084, 0x0085, 0x0085, 0x0085, 0x0085, 0x0085, 0x0085, 0x0085, 0x0085, 0x0085, 0x0085, 0x0085,
  0x0085, 0x0085, 0x0085, 0x0085, 0x0085, 0x0085, 0x0085, 0x0085, 0x0085, 0x0085, 0x0085, 0x0085,
  0x0064, 0x0064, 0x0064, 0x0084, 0x0084, 0x0085, 0x0084, 0x0085, 0x0084, 0x0085, 0x0085, 0x0085,
  0x0085, 0x0085, 0x0085, 0x0085, 0x0085, 0x0085, 0x0085, 0x0085, 0x0085, 0x0085, 0x0085, 0x0064,
  0x1967, 0x844E, 0x8CAF, 0x8CAF, 0x8C8F, 0x73ED, 0x6BAC, 0x530B, 0x4269, 0x29E9, 0x1967, 0x1967,
  0x1105, 0x3208, 0x6BCD, 0x3A49, 0x0044, 0x2167, 0x4269, 0x7C2E, 0x846E, 0x5B2B, 0x10E6, 0x73ED,
  0x6BCD, 0x5B4C, 0x1967, 0x08E6, 0x530B, 0x73CD, 0x3A29, 0x428A, 0x5B2B, 0x6BAC, 0x4269, 0x4249,
  0x4ACA, 0x52EA, 0x1947, 0x0064, 0x0044, 0x0044, 0x0084, 0x0085, 0x0085, 0x0085, 0x0085, 0x0085,
  0x0085, 0x0085, 0x0085, 0x0085, 0x0085, 0x0044, 0x08A5, 0x636C, 0x844E, 0x7C4E, 0x7C2E, 0x7C2E,
  0x7C0E, 0x7C0D, 0x7C0D, 0x7C0D, 0x7C0D, 0x7C0D, 0x7C0D, 0x7C0D, 0x7C0D, 0x7C0D, 0x7C0D, 0x7C0D,
  0x7C0D, 0x7C0D, 0x7C0E, 0x7C2E, 0x7C2E, 0x740D, 0x73ED, 0x5B2B, 0x634C, 0x636C, 0x3209, 0x08C5,
  0x0064, 0x0084, 0x0085, 0x0085, 0x0085, 0x0085, 0x0085, 0x0085, 0x0085, 0x0085, 0x0085, 0x0085,
  0x0085, 0x0085, 0x0085, 0x0085, 0x0085, 0x0085, 0x0085, 0x0085, 0x0085, 0x0085, 0x0085, 0x0085,
  0x0085, 0x0085, 0x0085, 0x0085, 0x0085, 0x0085, 0x0085, 0x0085, 0x0085, 0x0085, 0x0085, 0x0085,
  0x0085, 0x0085, 0x0085, 0x0085, 0x0085, 0x0085, 0x0085, 0x0085, 0x0085, 0x0085, 0x0085, 0x0085,
  0x0085, 0x0085, 0x0085, 0x0085, 0x0085, 0x0064, 0x0064, 0x3A29, 0x7C2E, 0x740E, 0x31E9, 0x0085,
  0x0044, 0x0064, 0x0084, 0x0085, 0x0085, 0x0085, 0x0044, 0x1926, 0x3208, 0x1947, 0x0085, 0x00A5,
  0x00A5, 0x0064, 0x0085, 0x0085, 0x4ACB, 0x5B4C, 0x530B, 0x5B2B, 0x638C, 0x7C4E, 0x7C0D, 0x740D,
  0x7C0D, 0x7C0D, 0x7C0D, 0x7C0E, 0x7C0E, 0x7C0E, 0x7C0E, 0x7C0D, 0x7C0D, 0x7C2E, 0x73ED, 0x5B4C,
  0x4ACB, 0x428A, 0x5B4C, 0x636C, 0x532B, 0x530B, 0x5B2C, 0x52EB, 0x29C7, 0x1106, 0x10E5, 0x31E8,
  0x5B4B, 0x42AA, 0x4AAA, 0x29C8, 0x0084, 0x0084, 0x0064, 0x0064, 0x0085, 0x0085, 0x0024, 0x0003,
  0x1105, 0x3A49, 0x2187, 0x0064, 0x0064, 0x0044, 0x0023, 0x0023, 0x0064, 0x0085, 0x0085, 0x0085,
  0x0084, 0x0084, 0x0085, 0x0085, 0x0085, 0x0085, 0x0085, 0x0085, 0x0085, 0x0085, 0x0085, 0x0085,
  0x0085, 0x0085, 0x0085, 0x0085, 0x0085, 0x0085, 0x0064, 0x0044, 0x0084, 0x0085, 0x0085, 0x0085,
  0x0085, 0x0085, 0x0085, 0x0085, 0x0085, 0x0085, 0x0085, 0x0085, 0x0085, 0x0085, 0x0085, 0x0084,
  0x0084, 0x0085, 0x0085, 0x0085, 0x0085, 0x0085, 0x0085, 0x0085, 0x0085, 0x0085, 0x0085, 0x0085,
  0x0085, 0x0085, 0x0085, 0x0085, 0x0085, 0x0085, 0x0085, 0x0085, 0x0064, 0x0044, 0x0064, 0x0064,
  0x08E5, 0x1926, 0x00A5, 0x0085, 0x0064, 0x0044, 0x0044, 0x0044, 0x0044, 0x0064, 0x0064, 0x0064,
  0x0084, 0x0084, 0x0085, 0x0085, 0x0085, 0x0085, 0x0085, 0x0085, 0x0064, 0x0064, 0x0044, 0x0064,
  0x3208, 0x636C, 0x73CD, 0x636C, 0x2167, 0x428A, 0x7C2E, 0x846F, 0x8CAF, 0x8C8F, 0x7C4E, 0x7C4E,
  0x73ED, 0x6BAD, 0x8CCF, 0x4A89, 0x0002, 0x0084, 0x1926, 0x4269, 0x5B4B, 0x4289, 0x2188, 0x6BCD,
  0x3A49, 0x0044, 0x0024, 0x428A, 0x8CAF, 0x844E, 0x530B, 0x6BCD, 0x846E, 0x846E, 0x73ED, 0x6BAD,
  0x73ED, 0x844E, 0x7C0D, 0x52EA, 0x29A7, 0x29A7, 0x08C5, 0x0064, 0x0064, 0x0084, 0x0085, 0x0085,
  0x0085, 0x0085, 0x0085, 0x0085, 0x0085, 0x0085, 0x0044, 0x4AAA, 0x6BAC, 0x636C, 0x7C2E, 0x7C2E,
  0x7C0E, 0x7C0D, 0x7C0D, 0x7C0D, 0x7C0D, 0x7C0D, 0x7C0D, 0x7C0D, 0x7C0D, 0x7C0D, 0x7C0D, 0x7C0D,
  0x7C0D, 0x7C0E, 0x7C2E, 0x7C2E, 0x7C2E, 0x740D, 0x740E, 0x634C, 0x73ED, 0x4ACB, 0x0065, 0x0064,
  0x0085, 0x0085, 0x0085, 0x0085, 0x0085, 0x0085, 0x0085, 0x0085, 0x0085, 0x0085, 0x0085, 0x0085,
  0x0085, 0x0085, 0x0085, 0x0085, 0x0085, 0x0085, 0x0085, 0x0085, 0x0085, 0x0085, 0x0085, 0x0085,
  0x0085, 0x0085, 0x0085, 0x0085, 0x0085, 0x0084, 0x0085, 0x0064, 0x0064, 0x0044, 0x0064, 0x0044,
  0x0064, 0x0044, 0x0064, 0x0085, 0x0085, 0x0085, 0x0085, 0x0085, 0x0085, 0x0085, 0x0085, 0x0085,
  0x0085, 0x0085, 0x0085, 0x0085, 0x0085, 0x00A5, 0x4AAA, 0x848E, 0x846E, 0x1946, 0x0003, 0x0064,
  0x0085, 0x0085, 0x0085, 0x0084, 0x0085, 0x0085, 0x2187, 0x7C2E, 0x846E, 0x5B2B, 0x1946, 0x428A,
  0x2167, 0x31E8, 0x5B2B, 0x4AAA, 0x4AAA, 0x636C, 0x844E, 0x846E, 0x7C4E, 0x7C0D, 0x740D, 0x7C0D,
  0x7C0D, 0x7C0D, 0x7C0D, 0x7C0E, 0x7C0E, 0x7C0E, 0x7C0E, 0x7C0E, 0x7C0E, 0x7C0E, 0x73ED, 0x73ED,
  0x7C0E, 0x7C4E, 0x7C4E, 0x7C2E, 0x7C4E, 0x846E, 0x844E, 0x844E, 0x7C4E, 0x7C0E, 0x7C0D, 0x7C4E,
  0x844E, 0x844E, 0x848F, 0x6BAC, 0x0064, 0x0023, 0x1926, 0x08C5, 0x08E6, 0x10E5, 0x08C5, 0x2167,
  0x5B2B, 0x740D, 0x73ED, 0x638C, 0x4ACA, 0x5B2B, 0x5B4C, 0x3A49, 0x1106, 0x0084, 0x0044, 0x0064,
  0x0084, 0x0064, 0x0044, 0x0064, 0x0085, 0x0085, 0x0085, 0x0085, 0x0085, 0x0084, 0x0085, 0x0064,
  0x0064, 0x0084, 0x0084, 0x0084, 0x0084, 0x00A5, 0x1967, 0x29A7, 0x08E5, 0x0084, 0x0085, 0x0085,
  0x0085, 0x0085, 0x0085, 0x0085, 0x0085, 0x0085, 0x0085, 0x0085, 0x0085, 0x0085, 0x0085, 0x0084,
  0x0084, 0x0085, 0x0085, 0x0085, 0x0085, 0x0085, 0x0085, 0x0085, 0x0085, 0x0085, 0x0085, 0x0085,
  0x0085, 0x0085, 0x0085, 0x0085, 0x0085, 0x0085, 0x0044, 0x0024, 0x10E6, 0x3208, 0x530B, 0x638C,
  0x73ED, 0x7C0E, 0x6BAC, 0x6B8C, 0x5B2B, 0x4AAA, 0x4AAA, 0x3A29, 0x29C8, 0x2167, 0x1946, 0x1946,
  0x00A5, 0x0064, 0x0044, 0x0044, 0x0044, 0x0064, 0x0064, 0x0084, 0x10E5, 0x08C5, 0x29E8, 0x08C6,
  0x0064, 0x0085, 0x10E5, 0x0043, 0x0003, 0x0065, 0x3A4A, 0x636C, 0x6B8C, 0x636C, 0x740D, 0x846E,
  0x846F, 0x846E, 0x7C2E, 0x844E, 0x5B2B, 0x3A29, 0x08E6, 0x0044, 0x0085, 0x0044, 0x5B2B, 0x8C8F,
  0x846E, 0x3A29, 0x0023, 0x0044, 0x29A7, 0x4289, 0x638C, 0x6BCD, 0x7C0E, 0x73CD, 0x73ED, 0x7C0D,
  0x6BAC, 0x7C2E, 0x846E, 0x846E, 0x846E, 0x846F, 0x6BAD, 0x530B, 0x3208, 0x08C5, 0x0085, 0x0085,
  0x0085, 0x0085, 0x0085, 0x0085, 0x0085, 0x0085, 0x0085, 0x1106, 0x4269, 0x4249, 0x52EB, 0x73ED,
  0x7C2E, 0x7C0D, 0x7C0D, 0x7C0D, 0x7C0D, 0x740D, 0x740D, 0x7C0D, 0x7C0D, 0x7C0D, 0x7C0D, 0x7C0D,
  0x7C0D, 0x7C2E, 0x7C2E, 0x7C2E, 0x73ED, 0x634C, 0x636C, 0x3A49, 0x634B, 0x634C, 0x1106, 0x0064,
  0x0085, 0x0085, 0x0085, 0x0085, 0x0085, 0x0085, 0x0085, 0x0085, 0x08C5, 0x0085, 0x0085, 0x0085,
  0x0085, 0x0085, 0x0085, 0x0085, 0x0085, 0x0085, 0x0085, 0x0085, 0x0085, 0x0085, 0x0085, 0x0085,
  0x0085, 0x0085, 0x0064, 0x0064, 0x0044, 0x00A5, 0x00A5, 0x08E5, 0x2187, 0x4269, 0x4269, 0x4269,
  0x4AAA, 0x3A29, 0x10E6, 0x0044, 0x0044, 0x0044, 0x0044, 0x0084, 0x0085, 0x0085, 0x0085, 0x0085,
  0x0085, 0x0085, 0x0085, 0x0064, 0x0064, 0x00A5, 0x1126, 0x29C8, 0x4AEB, 0x426A, 0x10E5, 0x10E6,
  0x08E6, 0x0064, 0x0044, 0x0044, 0x0003, 0x29C7, 0x846E, 0x7C4E, 0x846E, 0x5B2B, 0x29E8, 0x846F,
  0x6BAC, 0x6BCD, 0x7C0E, 0x848F, 0x73ED, 0x4289, 0x6BCD, 0x7C2E, 0x7C0D, 0x7C0D, 0x7C0D, 0x7C0D,
  0x7C0D, 0x7C0D, 0x7C0E, 0x7C0E, 0x7C2E, 0x7C0E, 0x7C0E, 0x7C0E, 0x7C0E, 0x7C0E, 0x7C0D, 0x7C2E,
  0x7C2E, 0x7C2E, 0x7C2E, 0x7C2E, 0x7C0E, 0x7C0E, 0x7C0D, 0x7C0D, 0x7C0D, 0x7C0E, 0x7C2E, 0x7C0E,
  0x7C0E, 0x7C0E, 0x7C2E, 0x7C0E, 0x4ACA, 0x4269, 0x7C2E, 0x6BCD, 0x73CD, 0x73ED, 0x73ED, 0x7C0E,
  0x7C2E, 0x7C2E, 0x7C2E, 0x7C2E, 0x7C2E, 0x7C2E, 0x7C4E, 0x844E, 0x7C0D, 0x5B2B, 0x4ACA, 0x5B2B,
  0x636C, 0x634C, 0x530B, 0x1106, 0x0024, 0x0064, 0x0064, 0x0044, 0x0044, 0x00C5, 0x00A5, 0x08E5,
  0x08E5, 0x00A5, 0x00A5, 0x00A5, 0x0064, 0x0084, 0x1967, 0x2187, 0x08E5, 0x0084, 0x0085, 0x0085,
  0x0085, 0x0085, 0x0085, 0x0085, 0x0085, 0x0085, 0x0085, 0x0085, 0x0085, 0x0085, 0x0085, 0x0084,
  0x0084, 0x0085, 0x0085, 0x0085, 0x0085, 0x0085, 0x0085, 0x0085, 0x0085, 0x0085, 0x0085, 0x0085,
  0x0085, 0x0085, 0x0085, 0x0085, 0x0084, 0x08E5, 0x31E8, 0x3A49, 0x740D, 0x846E, 0x7C4E, 0x7C2E,
  0x7C2E, 0x7C0D, 0x7C2E, 0x7C2E, 0x844E, 0x846E, 0x844E, 0x844E, 0x7C4E, 0x7C2E, 0x7C2E, 0x7C2E,
  0x6BAC, 0x5B4C, 0x428A, 0x2167, 0x3208, 0x5B4C, 0x530B, 0x5B2B, 0x6BAC, 0x73CD, 0x844E, 0x636C,
  0x5B4C, 0x530B, 0x6B8C, 0x636C, 0x4AAA, 0x29C8, 0x29A8, 0x52EA, 0x428A, 0x636C, 0x6BAC, 0x636C,
  0x5B4C, 0x5B0B, 0x52EB, 0x5B2C, 0x636C, 0x426A, 0x10E6, 0x08A5, 0x52EB, 0x6BAC, 0x3208, 0x2166,
  0x73ED, 0x7C2E, 0x4AAA, 0x2167, 0x2187, 0x0045, 0x00A6, 0x6BAD, 0x7C4E, 0x52EB, 0x10E5, 0x10E5,
  0x1126, 0x1946, 0x52EB, 0x73ED, 0x846F, 0x7C4E, 0x844E, 0x844E, 0x5B2B, 0x1926, 0x0024, 0x0044,
  0x0085, 0x0085, 0x0085, 0x0085, 0x0085, 0x0085, 0x0085, 0x0085, 0x428A, 0x4AAA, 0x1947, 0x5B4C,
  0x844E, 0x7C0D, 0x7C0D, 0x7C0D, 0x7C0D, 0x7C0D, 0x740D, 0x7C0D, 0x7C0D, 0x7C0D, 0x7C0D, 0x7C0D,
  0x7C0E, 0x7C4E, 0x846E, 0x846E, 0x7C4E, 0x7C0E, 0x73ED, 0x5B2C, 0x29A8, 0x00A5, 0x0085, 0x0085,
  0x0085, 0x0085, 0x0085, 0x0085, 0x0085, 0x0085, 0x0085, 0x0085, 0x0085, 0x0085, 0x0085, 0x0085,
  0x0085, 0x0085, 0x0085, 0x0085, 0x0085, 0x0085, 0x0085, 0x0085, 0x0085, 0x0085, 0x0085, 0x0085,
  0x0085, 0x0084, 0x1106, 0x1126, 0x4269, 0x636C, 0x636C, 0x6BCD, 0x7C2E, 0x844E, 0x7C2E, 0x844E,
  0x844E, 0x7C0D, 0x636C, 0x5B4C, 0x3A49, 0x29C8, 0x2167, 0x0085, 0x0044, 0x0044, 0x0085, 0x00A5,
  0x0085, 0x0064, 0x0044, 0x1926, 0x21A7, 0x0044, 0x0044, 0x0085, 0x0024, 0x0065, 0x0064, 0x1905,
  0x29A7, 0x5B0B, 0x52EB, 0x3A49, 0x2126, 0x1926, 0x52EB, 0x7C2E, 0x7C4E, 0x6BAC, 0x2187, 0x6BAD,
  0x6BCD, 0x7C0E, 0x7C2E, 0x7C0E, 0x7C2E, 0x740D, 0x740D, 0x7C0E, 0x7C0D, 0x7C0D, 0x7C0D, 0x7C0D,
  0x7C0D, 0x7C0E, 0x7C0D, 0x7C2E, 0x7C2E, 0x7C2E, 0x7C2E, 0x7C2E, 0x7C0E, 0x7C0E, 0x7C0D, 0x7C0D,
  0x7C2E, 0x7C2E, 0x7C2E, 0x7C0E, 0x7C2E, 0x7C0E, 0x7C0D, 0x7C0D, 0x7C0D, 0x7C0D, 0x7C0D, 0x7C0D,
  0x7C0E, 0x7C0E, 0x7C0E, 0x7C2E, 0x844E, 0x846E, 0x7C2E, 0x7C2E, 0x7C2D, 0x7C2D, 0x7C2E, 0x7C0D,
  0x7C0D, 0x740D, 0x7C0D, 0x7C0D, 0x7C0D, 0x7C0D, 0x7C0D, 0x7C0D, 0x7C0E, 0x7C4E, 0x844E, 0x7C4E,
  0x7C2E, 0x7C2E, 0x846E, 0x636C, 0x4A8A, 0x5B0B, 0x5B0B, 0x4ACA, 0x52EB, 0x636C, 0x2987, 0x4269,
  0x740D, 0x6BAD, 0x6BAD, 0x6BAD, 0x5B4C, 0x4AAA, 0x21A7, 0x00A5, 0x0044, 0x0044, 0x0064, 0x0085,
  0x0085, 0x0085, 0x0085, 0x0085, 0x0085, 0x0085, 0x0085, 0x0085, 0x0085, 0x0085, 0x0085, 0x0084,
  0x0084, 0x0085, 0x0085, 0x0085, 0x0085, 0x0085, 0x0085, 0x0085, 0x0085, 0x0085, 0x0085, 0x0085,
  0x0085, 0x0085, 0x0085, 0x0085, 0x0084, 0x08C5, 0x3A08, 0x638C, 0x844E, 0x7C0E, 0x7C0D, 0x7C0D,
  0x740D, 0x740D, 0x7C0D, 0x7C0D, 0x7C0E, 0x7C0D, 0x740D, 0x740D, 0x740D, 0x7C0D, 0x7C0D, 0x7C0D,
  0x7C2E, 0x7C4E, 0x844E, 0x844E, 0x844E, 0x846E, 0x7C4E, 0x7C2E, 0x7C2E, 0x7C2E, 0x740D, 0x7C2E,
  0x7C4E, 0x7C4E, 0x7C2E, 0x7C4E, 0x846E, 0x846E, 0x7C2E, 0x73CD, 0x3A29, 0x31C8, 0x3208, 0x3A49,
  0x31E8, 0x5B0B, 0x73ED, 0x530B, 0x3A49, 0x29A7, 0x31C7, 0x52CA, 0x638C, 0x73ED, 0x3209, 0x426A,
  0x7C2E, 0x844E, 0x7C2E, 0x7C2D, 0x6BAC, 0x10E6, 0x52EB, 0x848F, 0x8C8F, 0x73CD, 0x08C6, 0x0085,
  0x0064, 0x2187, 0x4AAA, 0x1906, 0x3208, 0x7C2E, 0x7C2E, 0x7C2E, 0x6BCD, 0x5B4C, 0x4ACA, 0x21A7,
  0x0085, 0x0064, 0x0085, 0x0085, 0x0085, 0x0085, 0x0085, 0x0085, 0x0044, 0x31E8, 0x428A, 0x6BAC,
  0x7C2E, 0x7C0D, 0x7C0D, 0x740D, 0x740D, 0x7C0D, 0x7C0D, 0x7C0D, 0x7C0D, 0x7C0D, 0x7C0E, 0x7C2E,
  0x846E, 0x638C, 0x3A49, 0x3A28, 0x29C8, 0x1967, 0x08E6, 0x0064, 0x0044, 0x0044, 0x0085, 0x0085,
  0x0064, 0x0084, 0x0064, 0x0064, 0x0085, 0x0085, 0x0085, 0x0085, 0x0085, 0x0085, 0x0085, 0x0085,
  0x0085, 0x0085, 0x0085, 0x0085, 0x0085, 0x0085, 0x0085, 0x0085, 0x0085, 0x0085, 0x0085, 0x0085,
  0x0085, 0x08C5, 0x3A49, 0x6BAC, 0x844E, 0x7C4E, 0x7C2E, 0x7C2E, 0x7C0D, 0x7C0D, 0x7C0D, 0x7C0D,
  0x7C0D, 0x7C2E, 0x7C4E, 0x846E, 0x848F, 0x848F, 0x844E, 0x6BAC, 0x4289, 0x2187, 0x00A5, 0x0065,
  0x42AA, 0x52EB, 0x0065, 0x10E5, 0x31E7, 0x3A28, 0x5B2B, 0x5B2B, 0x428A, 0x5B2C, 0x636C, 0x5B2B,
  0x530B, 0x7C4E, 0x844E, 0x846E, 0x7C4E, 0x636C, 0x4269, 0x73ED, 0x7C4E, 0x7C4E, 0x1926, 0x4249,
  0x6BAD, 0x52EB, 0x7C2E, 0x7C2E, 0x7C0E, 0x7C2E, 0x7C2E, 0x7C0D, 0x7C0E, 0x7C0D, 0x7C0D, 0x7C0D,
  0x7C0D, 0x7C0E, 0x7C0E, 0x7C0E, 0x7C0E, 0x7C2E, 0x7C0E, 0x7C0E, 0x7C0E, 0x7C0D, 0x7C0E, 0x7C2E,
  0x7C2E, 0x7C2E, 0x7C2E, 0x7C0E, 0x7C2E, 0x7C0E, 0x7C0D, 0x7C0D, 0x7C0D, 0x7C0D, 0x7C0D, 0x7C0D,
  0x7C2E, 0x7C2E, 0x7C2E, 0x7C2E, 0x7C2E, 0x7C0E, 0x7C0D, 0x7C0D, 0x7C0D, 0x7C0D, 0x7C0D, 0x7C0D,
  0x740D, 0x7C0D, 0x740D, 0x7C0D, 0x7C0D, 0x7C0D, 0x7C0D, 0x7C0D, 0x7C0D, 0x7C0D, 0x740D, 0x7C0D,
  0x740D, 0x740D, 0x740D, 0x7C2E, 0x844E, 0x844E, 0x7C4E, 0x844E, 0x7C4E, 0x7C2E, 0x740D, 0x740D,
  0x7C2E, 0x7C2E, 0x7C2E, 0x7C2E, 0x7C4E, 0x844E, 0x846E, 0x7C0E, 0x5B4C, 0x3A29, 0x08C5, 0x0064,
  0x0044, 0x0064, 0x0085, 0x0085, 0x0085, 0x0085, 0x0085, 0x0085, 0x0085, 0x0085, 0x0085, 0x0084,
  0x0084, 0x0085, 0x0085, 0x0085, 0x0085, 0x0085, 0x0085, 0x0085, 0x0085, 0x0085, 0x0085, 0x0085,
  0x0085, 0x0085, 0x0085, 0x0085, 0x00A5, 0x08C5, 0x2167, 0x3209, 0x3208, 0x6B8C, 0x7C2E, 0x7C0D,
  0x7C0D, 0x7C0D, 0x7C0D, 0x7C0D, 0x7C0E, 0x7C0D, 0x740D, 0x7C0D, 0x740D, 0x740D, 0x7C0D, 0x7C0D,
  0x7C0D, 0x7C0D, 0x7C0D, 0x7C0E, 0x7C0E, 0x7C0D, 0x7C0D, 0x740D, 0x740D, 0x740D, 0x740D, 0x7C0D,
  0x7C0D, 0x740D, 0x7C0D, 0x7C0D, 0x7C0D, 0x7C0E, 0x7C2E, 0x7C0E, 0x7C2E, 0x7C4E, 0x7C4E, 0x846E,
  0x7C2E, 0x73ED, 0x7C2E, 0x7C4E, 0x846E, 0x844E, 0x844E, 0x7C4E, 0x7C2E, 0x7C2E, 0x73ED, 0x844E,
  0x7C2D, 0x740D, 0x7C2D, 0x740D, 0x740D, 0x7C0D, 0x634C, 0x52EB, 0x52CA, 0x3A29, 0x08C5, 0x0085,
  0x0064, 0x0085, 0x00A5, 0x0085, 0x4AAA, 0x7C2E, 0x7C2E, 0x7C2E, 0x73CD, 0x5B2B, 0x846E, 0x8CAF,
  0x73CD, 0x31E8, 0x0064, 0x0085, 0x0085, 0x0085, 0x0085, 0x0084, 0x0084, 0x6BAC, 0x846E, 0x73ED,
  0x7C0E, 0x7C0D, 0x7C0D, 0x740D, 0x740D, 0x740D, 0x7C0D, 0x7C2E, 0x846E, 0x7C4E, 0x7C4E, 0x7C0E,
  0x52EB, 0x00A5, 0x0024, 0x0044, 0x0064, 0x0064, 0x0064, 0x0084, 0x00A4, 0x1926, 0x0085, 0x0064,
  0x00A5, 0x0084, 0x1126, 0x08A5, 0x0064, 0x0085, 0x0085, 0x0085, 0x0085, 0x0085, 0x0085, 0x0085,
  0x0085, 0x0085, 0x0085, 0x0085, 0x0085, 0x0085, 0x0085, 0x0085, 0x0085, 0x0085, 0x0085, 0x0064,
  0x0084, 0x42AA, 0x740D, 0x7C2E, 0x7C0D, 0x740D, 0x740D, 0x7C2E, 0x846E, 0x846E, 0x7C2E, 0x740D,
  0x7C0D, 0x7C0E, 0x7C0E, 0x73ED, 0x5B4C, 0x638C, 0x740E, 0x7C2E, 0x848F, 0x73ED, 0x1947, 0x0884,
  0x4289, 0x636C, 0x29C8, 0x5B4C, 0x7C2E, 0x846E, 0x7C4E, 0x7C2E, 0x844E, 0x7C4E, 0x7C4E, 0x7C2E,
  0x7C4E, 0x7C0D, 0x740D, 0x740D, 0x7C0E, 0x7C4E, 0x844E, 0x73CD, 0x6BAC, 0x3A29, 0x3A08, 0x7C0E,
  0x7C4E, 0x73ED, 0x740D, 0x7C0E, 0x7C0E, 0x7C0E, 0x7C0E, 0x7C0D, 0x7C0E, 0x7C0E, 0x7C0E, 0x7C0E,
  0x7C0E, 0x7C2E, 0x7C2E, 0x7C2E, 0x7C2E, 0x7C0E, 0x7C0E, 0x7C0E, 0x7C0D, 0x7C0D, 0x7C2D, 0x7C0E,
  0x7C2E, 0x7C0E, 0x7C0E, 0x7C2E, 0x7C2E, 0x7C0E, 0x7C0E, 0x7C0E, 0x7C0D, 0x7C0D, 0x7C2E, 0x7C0E,
  0x7C2E, 0x7C2E, 0x7C2E, 0x7C2E, 0x7C0E, 0x7C0E, 0x7C0D, 0x740D, 0x740D, 0x7C0D, 0x7C0D, 0x7C0D,
  0x7C0D, 0x7C0D, 0x7C0D, 0x7C0D, 0x7C0D, 0x7C0D, 0x7C0D, 0x7C0D, 0x7C0D, 0x7C0D, 0x7C0D, 0x7C0D,
  0x740D, 0x740D, 0x7C0D, 0x7C0D, 0x7C0D, 0x7C0D, 0x7C0D, 0x7C0D, 0x7C0D, 0x7C0D, 0x7C0D, 0x7C0D,
  0x7C0D, 0x7C0E, 0x7C0E, 0x7C2E, 0x7C2E, 0x7C2E, 0x740D, 0x73ED, 0x8CAF, 0x94CF, 0x634C, 0x5B0B,
  0x5B4B, 0x31E8, 0x0085, 0x0085, 0x0085, 0x0085, 0x0085, 0x0085, 0x0085, 0x0085, 0x0085, 0x0084,
  0x0084, 0x0085, 0x0085, 0x0085, 0x0085, 0x0085, 0x0085, 0x0085, 0x0085, 0x0085, 0x0085, 0x0085,
  0x0085, 0x0085, 0x0085, 0x0084, 0x10E5, 0x5B2B, 0x8C8F, 0x846E, 0x6BCD, 0x6BAD, 0x7C0D, 0x7C0D,
  0x7C0D, 0x740D, 0x7C0D, 0x740D, 0x7C0D, 0x7C0D, 0x7C0D, 0x7C0D, 0x7C0D, 0x740D, 0x7C0D, 0x7C0D,
  0x7C0D, 0x7C0D, 0x7C0E, 0x7C0D, 0x7C0D, 0x7C0D, 0x7C0D, 0x7C0D, 0x7C0D, 0x740D, 0x740D, 0x7C0D,
  0x740D, 0x740D, 0x7C0D, 0x7C0D, 0x7C0D, 0x7C0E, 0x7C0E, 0x7C2E, 0x7C2E, 0x7C2E, 0x7C0E, 0x7C0E,
  0x7C2E, 0x7C2E, 0x7C2E, 0x7C2E, 0x7C0D, 0x7C0D, 0x7C0E, 0x7C2D, 0x7C2E, 0x7C2E, 0x7C2E, 0x7C2E,
  0x7C0D, 0x7C2E, 0x7C4E, 0x7C2E, 0x7C2E, 0x5B2B, 0x3A49, 0x5B2B, 0x29C7, 0x0064, 0x0044, 0x0064,
  0x1126, 0x4AAB, 0x3A2A, 0x5B2B, 0x8CCF, 0x7C4E, 0x7C0E, 0x7C4E, 0x73ED, 0x2167, 0x1967, 0x530B,
  0x3A49, 0x08C5, 0x0084, 0x0085, 0x0085, 0x0085, 0x0085, 0x0085, 0x0064, 0x29A8, 0x7C0E, 0x7C2E,
  0x7C0D, 0x7C0D, 0x740D, 0x740D, 0x740D, 0x7C0D, 0x7C0E, 0x73ED, 0x4AAA, 0x31E8, 0x29A8, 0x10E5,
  0x0064, 0x0064, 0x0085, 0x0085, 0x0085, 0x0085, 0x0085, 0x0064, 0x29A7, 0x638C, 0x5B2B, 0x5B2B,
  0x73CD, 0x6BCD, 0x846E, 0x740D, 0x2167, 0x0064, 0x0085, 0x0085, 0x0085, 0x0085, 0x0085, 0x0085,
  0x0085, 0x0085, 0x0085, 0x0085, 0x0085, 0x0085, 0x0085, 0x0085, 0x0085, 0x0085, 0x0044, 0x0064,
  0x4AAA, 0x846E, 0x7C2E, 0x7C0D, 0x7C0D, 0x7C0D, 0x7C4E, 0x5B4C, 0x29C8, 0x29C8, 0x636C, 0x7C2E,
  0x7C0E, 0x7C0E, 0x7C0E, 0x7C2E, 0x740E, 0x2187, 0x0085, 0x2167, 0x1906, 0x3A29, 0x638C, 0x73ED,
  0x6BAC, 0x7C2D, 0x7C4E, 0x7C2D, 0x740D, 0x740D, 0x7C0D, 0x7C0D, 0x7C0D, 0x740D, 0x740D, 0x7C0D,
  0x7C0D, 0x7C0D, 0x740D, 0x7C0D, 0x7C0D, 0x7C0D, 0x7C0D, 0x740D, 0x73CD, 0x6BAC, 0x844E, 0x7C2E,
  0x740D, 0x7C2E, 0x7C0D, 0x7C0E, 0x7C0D, 0x7C0E, 0x7C0D, 0x7C0E, 0x7C0E, 0x7C0D, 0x7C2E, 0x7C0E,
  0x7C2E, 0x7C2E, 0x7C2E, 0x7C2E, 0x7C0E, 0x7C0E, 0x7C0E, 0x7C0E, 0x7C0D, 0x7C0E, 0x7C0D, 0x7C0E,
  0x7C2E, 0x7C2E, 0x7C2E, 0x7C0E, 0x7C0E, 0x7C0E, 0x7C0E, 0x7C0D, 0x7C0D, 0x7C0D, 0x7C2E, 0x7C2E,
  0x7C2E, 0x7C2E, 0x7C2E, 0x7C2E, 0x7C0E, 0x7C0D, 0x7C0D, 0x7C0D, 0x7C0D, 0x7C0D, 0x7C0D, 0x7C0D,
  0x7C0D, 0x7C0D, 0x7C0D, 0x7C0D, 0x7C0D, 0x7C0D, 0x7C0D, 0x7C0D, 0x7C0D, 0x7C0D, 0x7C0D, 0x7C0D,
  0x7C0D, 0x7C0D, 0x7C0D, 0x7C0D, 0x7C0D, 0x7C0D, 0x7C0D, 0x7C0D, 0x7C0D, 0x7C0D, 0x7C0D, 0x740D,
  0x7C0D, 0x7C0E, 0x7C2E, 0x740D, 0x6BCD, 0x73ED, 0x4AAA, 0x1106, 0x3A29, 0x4ACA, 0x7C2E, 0x8C8F,
  0x638C, 0x31E8, 0x00A5, 0x0084, 0x0085, 0x0085, 0x0085, 0x0085, 0x0085, 0x0085, 0x0085, 0x0084,
  0x0084, 0x0085, 0x0085, 0x0085, 0x0085, 0x0085, 0x0085, 0x0085, 0x0085, 0x0085, 0x0085, 0x0085,
  0x0085, 0x0085, 0x0085, 0x0085, 0x0084, 0x08C5, 0x1926, 0x1106, 0x1926, 0x29C8, 0x7C0E, 0x7C2D,
  0x7C0D, 0x7C0D, 0x7C0D, 0x7C0D, 0x7C0D, 0x7C0E, 0x7C0D, 0x7C0D, 0x7C0D, 0x7C0D, 0x7C0D, 0x7C0D,
  0x7C0D, 0x7C0D, 0x7C0D, 0x7C0D, 0x7C0D, 0x7C0D, 0x7C0D, 0x7C0D, 0x7C0D, 0x7C0D, 0x7C0D, 0x7C0D,
  0x7C0D, 0x7C0D, 0x7C0D, 0x7C0D, 0x7C0E, 0x7C0E, 0x7C0E, 0x7C2E, 0x7C2E, 0x7C0E, 0x7C0E, 0x7C0D,
  0x7C2E, 0x7C2E, 0x7C2E, 0x7C0E, 0x7C0D, 0x7C0D, 0x7C2E, 0x7C2E, 0x7C2E, 0x7C2E, 0x7C2E, 0x7C0E,
  0x740E, 0x7C2E, 0x7C2E, 0x530B, 0x4249, 0x1106, 0x530B, 0x846E, 0x4289, 0x52CA, 0x29A8, 0x0065,
  0x1947, 0x4248, 0x2166, 0x1946, 0x3208, 0x73ED, 0x8CAF, 0x844E, 0x6BCD, 0x7C2E, 0x6BAC, 0x10E6,
  0x0044, 0x0084, 0x0085, 0x0085, 0x0085, 0x0085, 0x0085, 0x0085, 0x00A5, 0x0044, 0x29C8, 0x73CD,
  0x7C2E, 0x7C0D, 0x740D, 0x740D, 0x740D, 0x7C0D, 0x848E, 0x52EB, 0x0024, 0x0044, 0x0044, 0x0064,
  0x0084, 0x0085, 0x0085, 0x0085, 0x0085, 0x0085, 0x0085, 0x0085, 0x0085, 0x2167, 0x73ED, 0x846E,
  0x846E, 0x740D, 0x5B4B, 0x4289, 0x1106, 0x0064, 0x0085, 0x0085, 0x0085, 0x0064, 0x0085, 0x0084,
  0x0085, 0x0085, 0x0085, 0x0085, 0x0085, 0x0085, 0x0085, 0x0064, 0x0044, 0x0064, 0x2167, 0x636C,
  0x7C4E, 0x740D, 0x740D, 0x740D, 0x7C2E, 0x844E, 0x73EE, 0x08C6, 0x0864, 0x428A, 0x73ED, 0x7C2E,
  0x7C0E, 0x7C0E, 0x7C2E, 0x7C0E, 0x844E, 0x5B4C, 0x2987, 0x3A49, 0x4ACA, 0x636C, 0x844E, 0x7C0D,
  0x7C2D, 0x740D, 0x740D, 0x740D, 0x740D, 0x740D, 0x7C0D, 0x740D, 0x740D, 0x740D, 0x740D, 0x7C0D,
  0x7C0D, 0x7C0D, 0x7C0D, 0x7C0D, 0x7C0D, 0x7C0D, 0x7C0D, 0x7C2E, 0x7C2E, 0x7C2E, 0x7C0D, 0x7C0E,
  0x7C0E, 0x7C0D, 0x7C0D, 0x7C0E, 0x7C0D, 0x7C0D, 0x7C0E, 0x7C0E, 0x7C2E, 0x7C2E, 0x7C2E, 0x7C2E,
  0x7C2E, 0x7C2E, 0x7C2E, 0x7C0E, 0x7C0E, 0x7C0D, 0x7C0D, 0x7C0D, 0x7C0D, 0x7C0D, 0x7C0D, 0x7C2E,
  0x7C0E, 0x7C2E, 0x7C2E, 0x7C2E, 0x7C0E, 0x7C0E, 0x7C0D, 0x7C0D, 0x7C0E, 0x7C0E, 0x7C2E, 0x7C2E,
  0x7C2E, 0x7C2E, 0x7C0E, 0x7C0E, 0x7C0E, 0x7C0D, 0x7C0D, 0x7C0D, 0x7C0D, 0x7C0D, 0x7C0D, 0x7C0D,
  0x7C0D, 0x7C0D, 0x7C0D, 0x7C0D, 0x7C0D, 0x7C0D, 0x740D, 0x740D, 0x7C0D, 0x7C0D, 0x7C0D, 0x7C0D,
  0x7C0D, 0x7C0D, 0x7C0D, 0x7C0D, 0x740D, 0x7C2E, 0x7C4E, 0x7C0E, 0x7C0D, 0x7C0D, 0x740D, 0x740D,
  0x7C0D, 0x7C0E, 0x7C2E, 0x7C2E, 0x73ED, 0x3A49, 0x0044, 0x0064, 0x0044, 0x0064, 0x10E5, 0x29C8,
  0x08E5, 0x0044, 0x0085, 0x0085, 0x0085, 0x0085, 0x0085, 0x0085, 0x0085, 0x0085, 0x0085, 0x0084,
  0x0084, 0x0085, 0x0085, 0x0085, 0x0085, 0x0085, 0x0085, 0x0085, 0x0085, 0x0085, 0x0085, 0x0085,
  0x0085, 0x0085, 0x0085, 0x0085, 0x0085, 0x0064, 0x1946, 0x530B, 0x5B2B, 0x73ED, 0x7C0E, 0x7C0D,
  0x7C0D, 0x7C0D, 0x7C0D, 0x7C0D, 0x7C2E, 0x7C2E, 0x7C0D, 0x7C2E, 0x7C2E, 0x7C0E, 0x7C0D, 0x7C0D,
  0x7C0E, 0x7C0D, 0x7C0D, 0x7C0D, 0x7C0D, 0x7C0E, 0x7C0E, 0x7C0D, 0x7C0D, 0x7C0D, 0x7C0D, 0x7C0D,
  0x7C0D, 0x7C0D, 0x7C0D, 0x7C0D, 0x7C0D, 0x7C0E, 0x7C0E, 0x7C0E, 0x7C0E, 0x7C0D, 0x7C0E, 0x7C0E,
  0x7C0D, 0x7C2E, 0x7C2E, 0x7C0E, 0x7C0E, 0x7C2D, 0x7C0E, 0x7C2E, 0x7C2E, 0x7C2E, 0x7C2E, 0x7C2E,
  0x846E, 0x5B4C, 0x29A7, 0x0044, 0x0023, 0x00A5, 0x1126, 0x1126, 0x2187, 0x21A8, 0x1106, 0x1106,
  0x10E5, 0x2166, 0x10E5, 0x10E5, 0x08A4, 0x08E6, 0x3A4A, 0x5B2C, 0x5B2B, 0x4ACA, 0x52CA, 0x1967,
  0x0064, 0x0085, 0x0085, 0x0085, 0x0085, 0x0085, 0x0085, 0x0085, 0x0085, 0x0084, 0x0044, 0x3A29,
  0x7C2E, 0x7C2E, 0x7C0D, 0x7C0D, 0x7C0D, 0x7C2E, 0x52EA, 0x10E5, 0x0085, 0x0085, 0x0085, 0x0085,
  0x0085, 0x0085, 0x0085, 0x0085, 0x0085, 0x0085, 0x0085, 0x0085, 0x0084, 0x0084, 0x00A5, 0x1106,
  0x2167, 0x08C5, 0x0064, 0x0044, 0x0064, 0x0085, 0x0084, 0x0085, 0x00A5, 0x1106, 0x0085, 0x0084,
  0x0084, 0x0085, 0x0085, 0x0085, 0x0085, 0x0085, 0x0084, 0x10E6, 0x3208, 0x634B, 0x7C0D, 0x7C2E,
  0x7C2E, 0x7C0D, 0x7C0E, 0x7C4E, 0x638C, 0x2987, 0x0884, 0x4249, 0x7C2E, 0x846E, 0x7C2E, 0x7C0E,
  0x7C2E, 0x7C2E, 0x7C2E, 0x7C0E, 0x7C0D, 0x7C4E, 0x7C2E, 0x73ED, 0x844E, 0x7C2E, 0x740D, 0x740D,
  0x740D, 0x740D, 0x740D, 0x740D, 0x740D, 0x740D, 0x7C0D, 0x740D, 0x7C0D, 0x7C0D, 0x7C0D, 0x7C0D,
  0x7C0D, 0x7C0D, 0x7C0D, 0x7C0D, 0x7C0D, 0x7C0D, 0x7C0E, 0x7C0D, 0x7C0E, 0x7C0D, 0x7C0D, 0x7C0D,
  0x7C0D, 0x7C0D, 0x7C0E, 0x7C0D, 0x7C0D, 0x7C0D, 0x7C0D, 0x7C2E, 0x7C2E, 0x7C2E, 0x7C2E, 0x7C2E,
  0x7C2E, 0x7C2E, 0x7C0E, 0x7C2E, 0x7C0E, 0x7C0D, 0x7C0E, 0x7C0D, 0x7C0D, 0x7C0E, 0x7C0E, 0x7C2E,
  0x7C2E, 0x7C2E, 0x7C2E, 0x7C2E, 0x7C2E, 0x7C0E, 0x7C0D, 0x7C0D, 0x7C0E, 0x7C0E, 0x7C0D, 0x7C0E,
  0x7C0E, 0x7C0E, 0x7C0D, 0x7C0D, 0x7C0E, 0x7C0E, 0x7C0D, 0x7C0D, 0x7C0D, 0x7C0D, 0x7C0D, 0x7C0D,
  0x7C0D, 0x7C0D, 0x7C0D, 0x7C0D, 0x7C0D, 0x740D, 0x740D, 0x7C0D, 0x7C0D, 0x740D, 0x740D, 0x740D,
  0x7C2E, 0x844E, 0x844E, 0x7C2E, 0x844E, 0x73ED, 0x52EA, 0x73ED, 0x7C2E, 0x7C0E, 0x7C0E, 0x7C0D,
  0x7C2E, 0x846E, 0x7C2E, 0x6BAC, 0x5B2B, 0x52EB, 0x08C5, 0x0064, 0x0084, 0x0084, 0x0064, 0x0044,
  0x0084, 0x00A5, 0x0085, 0x0085, 0x0085, 0x0085, 0x0085, 0x0085, 0x0085, 0x0085, 0x0085, 0x0084,
  0x0084, 0x0085, 0x0085, 0x0085, 0x0085, 0x0085, 0x0085, 0x0085, 0x0085, 0x0085, 0x0085, 0x0085,
  0x0085, 0x0085, 0x0085, 0x0085, 0x0084, 0x0064, 0x634B, 0x8CAF, 0x8C8F, 0x7C2E, 0x7C0D, 0x7C0E,
  0x7C0E, 0x7C0E, 0x7C0E, 0x844E, 0x6BAD, 0x636C, 0x844E, 0x73ED, 0x6BAC, 0x7C4E, 0x844E, 0x846E,
  0x844E, 0x7C4E, 0x7C2E, 0x7C0E, 0x7C0E, 0x7C0E, 0x7C0E, 0x7C0E, 0x7C0E, 0x7C0D, 0x7C0D, 0x7C0D,
  0x7C0D, 0x7C0D, 0x7C0D, 0x7C0D, 0x7C0D, 0x7C0E, 0x7C0E, 0x7C0D, 0x7C0E, 0x7C2E, 0x7C0E, 0x7C0D,
  0x7C0E, 0x7C2E, 0x7C0D, 0x7C0E, 0x7C2D, 0x7C0E, 0x7C0E, 0x7C0E, 0x7C2E, 0x7C2E, 0x7C2E, 0x846E,
  0x4AAA, 0x0064, 0x0044, 0x0085, 0x0085, 0x0084, 0x0064, 0x0064, 0x1106, 0x00A5, 0x0085, 0x1926,
  0x1926, 0x7C4E, 0x7C2E, 0x7C0D, 0x7C2E, 0x3A49, 0x08A5, 0x0084, 0x08E5, 0x1105, 0x08A5, 0x0085,
  0x0085, 0x0085, 0x0085, 0x0085, 0x0085, 0x0085, 0x0085, 0x0085, 0x0085, 0x0085, 0x0085, 0x0044,
  0x2187, 0x73CD, 0x7C2E, 0x7C2E, 0x846E, 0x7C4E, 0x1106, 0x0044, 0x0085, 0x0085, 0x0085, 0x0085,
  0x0085, 0x0085, 0x0085, 0x0085, 0x0085, 0x0085, 0x0085, 0x0085, 0x0085, 0x0084, 0x0064, 0x0064,
  0x0044, 0x0064, 0x0085, 0x0085, 0x0085, 0x0085, 0x0084, 0x0084, 0x00A5, 0x1926, 0x0085, 0x0085,
  0x0085, 0x00A5, 0x00A5, 0x0084, 0x0085, 0x0064, 0x1946, 0x7C2E, 0x846E, 0x844E, 0x7C2E, 0x7C0E,
  0x740D, 0x7C0D, 0x7C2E, 0x7C2E, 0x10E6, 0x0004, 0x0024, 0x5B4C, 0x8CAF, 0x7C4E, 0x7C4E, 0x844E,
  0x7C4E, 0x7C2E, 0x7C2E, 0x7C0E, 0x7C0E, 0x7C0D, 0x7C0D, 0x7C0D, 0x740D, 0x7C0D, 0x740D, 0x740D,
  0x7C0D, 0x7C0D, 0x740D, 0x740D, 0x740D, 0x740D, 0x740D, 0x7C0D, 0x7C0D, 0x7C0D, 0x7C0D, 0x7C0D,
  0x7C0D, 0x7C0D, 0x7C0D, 0x7C0D, 0x7C0D, 0x7C0D, 0x7C0D, 0x7C0D, 0x7C0D, 0x7C0D, 0x7C0D, 0x7C0D,
  0x7C0D, 0x7C0D, 0x7C0E, 0x7C0D, 0x7C0E, 0x7C0D, 0x7C0E, 0x7C2E, 0x7C2E, 0x7C2E, 0x7C2E, 0x7C2E,
  0x7C2E, 0x7C2E, 0x7C2E, 0x7C2E, 0x7C0E, 0x7C0D, 0x7C0E, 0x7C0E, 0x7C2D, 0x7C0E, 0x7C0E, 0x7C0E,
  0x7C2E, 0x7C2E, 0x7C2E, 0x7C2E, 0x7C2E, 0x7C0E, 0x7C2E, 0x7C0D, 0x7C2E, 0x7C0E, 0x7C0D, 0x7C0D,
  0x7C0D, 0x7C0D, 0x7C0D, 0x7C0D, 0x7C0D, 0x7C0D, 0x7C0D, 0x7C0D, 0x7C0D, 0x7C0D, 0x7C0D, 0x7C0D,
  0x7C0D, 0x7C0D, 0x7C0D, 0x7C0D, 0x7C0D, 0x7C0D, 0x7C0D, 0x7C2E, 0x7C2D, 0x740D, 0x7C0D, 0x846E,
  0x5B4C, 0x29A7, 0x29A7, 0x636C, 0x5B2C, 0x2167, 0x3A49, 0x848E, 0x7C4E, 0x7C2E, 0x7C4E, 0x846E,
  0x6BAC, 0x4269, 0x1947, 0x00A5, 0x0044, 0x0084, 0x00A5, 0x0085, 0x0085, 0x0085, 0x0085, 0x0085,
  0x0085, 0x0084, 0x0085, 0x0085, 0x0085, 0x0085, 0x0085, 0x0085, 0x0085, 0x0085, 0x0085, 0x0084,
  0x0084, 0x0085, 0x0085, 0x0085, 0x0085, 0x0085, 0x0085, 0x0085, 0x0085, 0x0085, 0x0085, 0x0085,
  0x0085, 0x0085, 0x0085, 0x0085, 0x0085, 0x29A7, 0x1967, 0x4289, 0x530B, 0x7C4E, 0x848F, 0x846E,
  0x7C2E, 0x7C0E, 0x844E, 0x5B2C, 0x31E8, 0x6BAC, 0x4ACA, 0x2166, 0x08A5, 0x21A7, 0x428A, 0x4ACA,
  0x5B4C, 0x6BAD, 0x844E, 0x844E, 0x7C2E, 0x7C2E, 0x7C0E, 0x7C0E, 0x7C0E, 0x7C0D, 0x7C0D, 0x7C0D,
  0x7C0D, 0x7C0D, 0x7C0D, 0x7C0D, 0x7C0D, 0x7C0E, 0x7C0D, 0x7C0E, 0x7C2E, 0x7C0E, 0x7C0E, 0x7C0E,
  0x7C0E, 0x7C0D, 0x7C0E, 0x7C0E, 0x7C0D, 0x7C0E, 0x7C0E, 0x7C0E, 0x7C0E, 0x7C0E, 0x7C4E, 0x636C,
  0x0024, 0x0064, 0x0085, 0x0085, 0x0084, 0x0084, 0x0085, 0x0085, 0x0084, 0x0084, 0x0084, 0x0044,
  0x08E5, 0x73ED, 0x7C4E, 0x7C2E, 0x7C0D, 0x844E, 0x7C2E, 0x1127, 0x0065, 0x0003, 0x1947, 0x3208,
  0x0024, 0x0085, 0x0085, 0x0085, 0x0085, 0x0085, 0x0085, 0x0085, 0x0085, 0x0085, 0x0085, 0x0085,
  0x0044, 0x08C5, 0x1106, 0x29A8, 0x636C, 0x428A, 0x0064, 0x0085, 0x0085, 0x0085, 0x0085, 0x0085,
  0x0085, 0x0085, 0x0085, 0x0085, 0x0085, 0x0085, 0x0085, 0x0085, 0x0085, 0x0085, 0x0085, 0x0085,
  0x0085, 0x0085, 0x0085, 0x0085, 0x0085, 0x0085, 0x0085, 0x0085, 0x0084, 0x0064, 0x0064, 0x0044,
  0x0064, 0x1926, 0x08A5, 0x0084, 0x0085, 0x0065, 0x1946, 0x7C0D, 0x7C2D, 0x7C2E, 0x846E, 0x7C4E,
  0x7C0E, 0x7C0D, 0x7C0E, 0x7C2E, 0x530B, 0x1926, 0x0884, 0x2187, 0x5B2B, 0x5B2C, 0x4ACB, 0x31E8,
  0x3A29, 0x6BAC, 0x7C0E, 0x7C0D, 0x7C0D, 0x7C0D, 0x740D, 0x7C0D, 0x7C0D, 0x7C0D, 0x740D, 0x740D,
  0x740D, 0x740D, 0x7C0D, 0x740D, 0x7C0D, 0x740D, 0x7C0D, 0x7C0D, 0x7C0D, 0x7C0D, 0x7C0D, 0x7C0D,
  0x7C0D, 0x7C0D, 0x7C0D, 0x7C0D, 0x7C0D, 0x7C0D, 0x7C0D, 0x7C0D, 0x7C0D, 0x7C0D, 0x7C0D, 0x7C0D,
  0x7C0D, 0x7C0D, 0x7C0D, 0x7C0E, 0x7C0E, 0x7C0D, 0x7C0D, 0x7C2E, 0x7C2E, 0x7C2E, 0x7C2E, 0x7C2E,
  0x7C2E, 0x7C2E, 0x7C2E, 0x7C2E, 0x7C2E, 0x7C2E, 0x7C2E, 0x7C2E, 0x7C2E, 0x7C2E, 0x7C2D, 0x7C2E,
  0x7C0E, 0x7C2E, 0x7C2E, 0x7C0E, 0x7C2E, 0x7C2E, 0x7C0E, 0x7C2E, 0x7C2E, 0x7C0E, 0x7C0D, 0x7C0D,
  0x7C0D, 0x7C0D, 0x7C0D, 0x7C0D, 0x7C0D, 0x7C0D, 0x7C0D, 0x7C0D, 0x7C0D, 0x7C0D, 0x7C0D, 0x7C0D,
  0x7C0D, 0x7C4E, 0x7C2E, 0x7C0E, 0x7C2E, 0x7C2E, 0x7C0D, 0x6BAD, 0x740D, 0x846E, 0x7C2D, 0x3A08,
  0x0064, 0x0024, 0x0003, 0x08A4, 0x29C7, 0x530B, 0x638D, 0x530B, 0x3A49, 0x2167, 0x29C8, 0x3A29,
  0x0085, 0x0024, 0x0064, 0x0085, 0x0085, 0x0085, 0x0085, 0x0085, 0x0085, 0x0085, 0x0085, 0x0085,
  0x0085, 0x0085, 0x0085, 0x0085, 0x0085, 0x0085, 0x0085, 0x0085, 0x0085, 0x0085, 0x0085, 0x0084,
  0x0084, 0x0085, 0x0085, 0x0085, 0x0085, 0x0085, 0x0085, 0x0085, 0x0085, 0x0085, 0x0085, 0x0085,
  0x0085, 0x0085, 0x0085, 0x0085, 0x0085, 0x00A5, 0x0084, 0x0044, 0x0064, 0x3A29, 0x426A, 0x428A,
  0x638C, 0x8C8F, 0x6BCD, 0x1946, 0x1926, 0x08E6, 0x0044, 0x0064, 0x0085, 0x0044, 0x0044, 0x0044,
  0x0044, 0x08A5, 0x31E8, 0x6B8C, 0x6BCD, 0x73ED, 0x7C2E, 0x7C2E, 0x7C2E, 0x7C0D, 0x7C0D, 0x7C0D,
  0x7C0D, 0x7C0E, 0x7C0D, 0x7C0D, 0x7C0D, 0x7C0D, 0x7C0E, 0x7C0E, 0x7C2E, 0x7C2E, 0x7C0E, 0x7C0D,
  0x7C0E, 0x7C0E, 0x7C0E, 0x7C0D, 0x7C0D, 0x7C0D, 0x7C0E, 0x7C0E, 0x7C0E, 0x7C2E, 0x7C4E, 0x638C,
  0x31E8, 0x00A5, 0x0044, 0x0064, 0x0084, 0x0085, 0x0085, 0x0085, 0x0085, 0x0085, 0x0085, 0x0064,
  0x29C8, 0x7C2D, 0x7C0D, 0x7C0D, 0x7C0D, 0x7C0D, 0x7C2E, 0x52EB, 0x1126, 0x1947, 0x6B8C, 0x846E,
  0x31E8, 0x0044, 0x0085, 0x0085, 0x0085, 0x0085, 0x0085, 0x0085, 0x0085, 0x0085, 0x0085, 0x0085,
  0x0085, 0x0064, 0x0064, 0x0044, 0x0064, 0x0064, 0x0085, 0x0085, 0x0085, 0x0085, 0x0085, 0x0085,
  0x0085, 0x0085, 0x0085, 0x0085, 0x0085, 0x0085, 0x0085, 0x0085, 0x0085, 0x0085, 0x0085, 0x0085,
  0x0085, 0x0085, 0x0085, 0x0085, 0x0085, 0x0085, 0x0085, 0x0085, 0x0084, 0x08C5, 0x08C5, 0x2167,
  0x08E5, 0x0064, 0x0085, 0x0085, 0x0085, 0x0084, 0x0064, 0x530B, 0x8CAF, 0x73ED, 0x3A29, 0x52EB,
  0x7C0E, 0x73ED, 0x7C2E, 0x73ED, 0x4ACB, 0x0906, 0x0065, 0x0044, 0x10E5, 0x4289, 0x636C, 0x5B2B,
  0x638C, 0x740D, 0x7C0D, 0x7C0D, 0x7C0D, 0x7C0D, 0x740D, 0x740D, 0x7C0D, 0x7C0D, 0x7C0D, 0x7C0D,
  0x740D, 0x740D, 0x740D, 0x740D, 0x7C0D, 0x7C0D, 0x7C0D, 0x7C0D, 0x7C0D, 0x7C0E, 0x7C0E, 0x7C0D,
  0x7C0D, 0x7C0D, 0x7C0D, 0x7C0D, 0x7C0D, 0x7C0D, 0x7C0D, 0x7C0D, 0x7C0D, 0x7C0D, 0x7C0D, 0x7C0D,
  0x7C0D, 0x7C0D, 0x7C0E, 0x7C0E, 0x7C0D, 0x7C0E, 0x7C0E, 0x7C2E, 0x7C2E, 0x7C2E, 0x7C2E, 0x7C2E,
  0x7C2E, 0x7C2E, 0x7C2E, 0x7C2E, 0x7C2E, 0x7C2E, 0x7C2E, 0x7C2E, 0x7C2E, 0x7C2E, 0x7C0E, 0x7C2E,
  0x7C2E, 0x7C2E, 0x7C2E, 0x7C0E, 0x7C0E, 0x7C2E, 0x7C2E, 0x7C2E, 0x7C2E, 0x7C0E, 0x7C0E, 0x7C0D,
  0x7C0E, 0x7C0D, 0x7C0D, 0x7C0D, 0x7C0D, 0x7C0D, 0x7C0D, 0x7C0D, 0x7C0E, 0x7C0E, 0x7C0E, 0x7C4E,
  0x844E, 0x4ACA, 0x1947, 0x1126, 0x1967, 0x1947, 0x1126, 0x00A5, 0x1926, 0x3A69, 0x29C8, 0x0084,
  0x0044, 0x0044, 0x1126, 0x530B, 0x7C4E, 0x3A49, 0x08C5, 0x0064, 0x0044, 0x0044, 0x0044, 0x0044,
  0x0085, 0x0085, 0x0085, 0x0085, 0x0085, 0x0085, 0x0085, 0x0085, 0x0085, 0x0085, 0x0085, 0x0085,
  0x0085, 0x0085, 0x0085, 0x0085, 0x0085, 0x0085, 0x0085, 0x0085, 0x0085, 0x0085, 0x0085, 0x0084,
  0x0084, 0x0085, 0x0085, 0x0085, 0x0085, 0x0085, 0x0085, 0x0085, 0x0085, 0x0085, 0x0085, 0x0085,
  0x0085, 0x0085, 0x00A5, 0x0085, 0x0085, 0x0085, 0x0085, 0x0085, 0x0064, 0x0003, 0x0003, 0x2166,
  0x73ED, 0x4AAA, 0x2187, 0x52EA, 0x1947, 0x0065, 0x0085, 0x0085, 0x0085, 0x0085, 0x0085, 0x0085,
  0x0085, 0x0084, 0x0044, 0x0084, 0x4289, 0x5B0B, 0x6BAD, 0x844E, 0x7C2E, 0x7C0D, 0x7C0E, 0x7C0E,
  0x7C0D, 0x7C0E, 0x7C0E, 0x7C0E, 0x7C0D, 0x7C0D, 0x7C0D, 0x7C0E, 0x7C0E, 0x7C2E, 0x7C0E, 0x7C0D,
  0x7C0E, 0x7C0D, 0x7C0D, 0x7C0D, 0x7C0D, 0x7C0D, 0x7C0E, 0x7C0E, 0x7C0E, 0x7C2E, 0x7C0E, 0x7C2E,
  0x8C8F, 0x4269, 0x1926, 0x1106, 0x0064, 0x0044, 0x0064, 0x0085, 0x0085, 0x0085, 0x0084, 0x00A4,
  0x0064, 0x29C8, 0x7C2E, 0x7C0D, 0x7C0D, 0x7C0D, 0x7C0E, 0x844E, 0x7C0D, 0x7C2E, 0x7C2E, 0x7C2E,
  0x844E, 0x2187, 0x0024, 0x0085, 0x0085, 0x0085, 0x0085, 0x0085, 0x0085, 0x0085, 0x0085, 0x0085,
  0x0085, 0x0085, 0x0085, 0x0085, 0x0085, 0x0085, 0x0085, 0x0085, 0x0085, 0x0085, 0x0085, 0x0085,
  0x0085, 0x0085, 0x0085, 0x0085, 0x0085, 0x0085, 0x0085, 0x0085, 0x0085, 0x0085, 0x0085, 0x0085,
  0x0085, 0x0085, 0x0085, 0x0085, 0x0085, 0x0085, 0x0085, 0x0085, 0x0084, 0x29A7, 0x5B4C, 0x844E,
  0x4ACA, 0x1106, 0x0064, 0x0085, 0x0084, 0x0084, 0x0084, 0x08E5, 0x2188, 0x1947, 0x1947, 0x08C6,
  0x638C, 0x7C4E, 0x8C8F, 0x5B2B, 0x0084, 0x1906, 0x0024, 0x29E8, 0x3A29, 0x3208, 0x846E, 0x7C4E,
  0x7C2E, 0x7C0D, 0x7C0D, 0x7C0D, 0x740D, 0x7C0D, 0x740D, 0x740D, 0x7C0D, 0x740D, 0x740D, 0x740D,
  0x740D, 0x740D, 0x740D, 0x740D, 0x7C0D, 0x7C0D, 0x7C0D, 0x7C0E, 0x7C0E, 0x7C0D, 0x7C0D, 0x7C0E,
  0x7C0E, 0x7C0D, 0x7C0D, 0x740D, 0x7C0D, 0x7C0D, 0x7C0D, 0x7C0D, 0x7C0D, 0x7C0D, 0x7C0D, 0x7C0D,
  0x7C0D, 0x7C0D, 0x7C0E, 0x7C0E, 0x7C0E, 0x7C0E, 0x7C0D, 0x7C0D, 0x7C0E, 0x7C0E, 0x7C2E, 0x7C2E,
  0x7C2E, 0x7C2E, 0x7C2E, 0x7C2E, 0x7C2E, 0x7C2E, 0x7C2E, 0x7C2E, 0x7C2E, 0x7C2E, 0x7C2E, 0x7C2E,
  0x7C2E, 0x7C2E, 0x7C2E, 0x7C2E, 0x7C2E, 0x7C2E, 0x7C2E, 0x7C2E, 0x7C2E, 0x7C2E, 0x7C0E, 0x7C2D,
  0x7C0E, 0x7C0E, 0x7C0D, 0x7C0D, 0x7C0D, 0x7C0D, 0x7C0D, 0x7C0D, 0x7C0D, 0x7C2E, 0x846F, 0x636C,
  0x29A7, 0x0044, 0x0044, 0x0064, 0x0064, 0x0064, 0x0064, 0x0085, 0x0064, 0x0044, 0x0044, 0x0044,
  0x08E5, 0x5B2B, 0x7C2E, 0x846E, 0x7C2E, 0x3209, 0x0065, 0x0084, 0x0085, 0x0084, 0x0085, 0x0085,
  0x0085, 0x0085, 0x0085, 0x0085, 0x0085, 0x0085, 0x0085, 0x0085, 0x0085, 0x0085, 0x0085, 0x0085,
  0x0085, 0x0085, 0x0085, 0x0085, 0x0085, 0x0085, 0x0085, 0x0085, 0x0085, 0x0085, 0x0085, 0x0084,
  0x0084, 0x0085, 0x0085, 0x0085, 0x0085, 0x0085, 0x0085, 0x0085, 0x0085, 0x0085, 0x0085, 0x0085,
  0x0085, 0x0085, 0x0085, 0x0085, 0x0085, 0x0085, 0x0084, 0x0064, 0x1106, 0x2187, 0x4269, 0x428A,
  0x1126, 0x0044, 0x00A5, 0x00A5, 0x0064, 0x0085, 0x0085, 0x0085, 0x0085, 0x0085, 0x0085, 0x0085,
  0x0085, 0x0085, 0x0085, 0x0064, 0x08C5, 0x3209, 0x530B, 0x73CD, 0x7C4E, 0x7C0D, 0x7C0E, 0x7C0E,
  0x7C0E, 0x7C0E, 0x7C0D, 0x7C0D, 0x7C0E, 0x7C0D, 0x7C0E, 0x7C0E, 0x7C0E, 0x7C0E, 0x7C0E, 0x7C2D,
  0x7C0E, 0x7C0E, 0x7C0E, 0x7C0D, 0x7C0E, 0x7C0D, 0x7C0E, 0x7C0E, 0x7C0E, 0x7C2E, 0x7C0E, 0x7C0E,
  0x7C2E, 0x7C2E, 0x7C4E, 0x7C0E, 0x636C, 0x29C8, 0x08E5, 0x0064, 0x0064, 0x0064, 0x0084, 0x29C8,
  0x0085, 0x2187, 0x7C4E, 0x7C2E, 0x7C0D, 0x7C0D, 0x7C0D, 0x7C0D, 0x7C2E, 0x7C0E, 0x7C0D, 0x7C0D,
  0x7C4E, 0x5B4C, 0x10E6, 0x0064, 0x0064, 0x0085, 0x0085, 0x0085, 0x0085, 0x0085, 0x0085, 0x0085,
  0x0085, 0x0085, 0x0085, 0x0085, 0x0085, 0x0085, 0x0085, 0x0085, 0x0085, 0x0085, 0x0085, 0x0085,
  0x0085, 0x0085, 0x0085, 0x0085, 0x0085, 0x0085, 0x0085, 0x0085, 0x0085, 0x0085, 0x0085, 0x0085,
  0x0085, 0x0085, 0x0085, 0x0085, 0x0085, 0x0085, 0x0085, 0x0084, 0x0044, 0x0064, 0x5B4C, 0x94D0,
  0x7C2E, 0x1106, 0x0044, 0x0084, 0x0084, 0x0085, 0x0085, 0x0064, 0x0044, 0x636C, 0x73ED, 0x1106,
  0x426A, 0x846F, 0x636C, 0x29C8, 0x0065, 0x0064, 0x0043, 0x6BAC, 0x7C4E, 0x73ED, 0x7C2E, 0x7C0D,
  0x7C0D, 0x7C0D, 0x7C0D, 0x7C0D, 0x740D, 0x740D, 0x740D, 0x740D, 0x7C0D, 0x740D, 0x740D, 0x740D,
  0x740D, 0x740D, 0x740D, 0x740D, 0x7C0D, 0x7C0D, 0x7C0D, 0x7C0D, 0x7C0D, 0x7C0E, 0x7C0D, 0x7C0E,
  0x7C0E, 0x7C0D, 0x7C0D, 0x7C0D, 0x7C0D, 0x7C0E, 0x7C0E, 0x7C0E, 0x7C0D, 0x7C0D, 0x7C0D, 0x7C0D,
  0x7C0E, 0x7C0D, 0x7C0E, 0x7C0D, 0x7C0E, 0x7C0E, 0x7C0D, 0x7C0D, 0x7C0D, 0x7C0D, 0x7C2E, 0x7C0E,
  0x7C2E, 0x7C2E, 0x7C2E, 0x7C2E, 0x7C2E, 0x7C2E, 0x7C2E, 0x7C2E, 0x7C2E, 0x7C2E, 0x7C2E, 0x7C2E,
  0x7C2E, 0x7C2E, 0x7C0E, 0x7C2E, 0x7C2E, 0x7C2E, 0x7C2E, 0x7C2E, 0x7C2E, 0x7C2E, 0x7C2E, 0x7C0D,
  0x7C0E, 0x7C0E, 0x7C0D, 0x7C0D, 0x7C0D, 0x7C0D, 0x7C0D, 0x7C0E, 0x7C2E, 0x73ED, 0x4269, 0x0064,
  0x0044, 0x0084, 0x0084, 0x0085, 0x0084, 0x0085, 0x0085, 0x0085, 0x0085, 0x0085, 0x0084, 0x0084,
  0x636C, 0x846E, 0x7C0D, 0x7C2E, 0x7C2E, 0x3A49, 0x0064, 0x0085, 0x0085, 0x0085, 0x0085, 0x0085,
  0x0085, 0x0085, 0x0085, 0x0085, 0x0085, 0x0085, 0x0085, 0x0085, 0x0085, 0x0085, 0x0085, 0x0085,
  0x0085, 0x0085, 0x0085, 0x0085, 0x0085, 0x0085, 0x0085, 0x0085, 0x0085, 0x0085, 0x0085, 0x0084,
  0x0084, 0x0085, 0x0085, 0x0085, 0x0085, 0x0085, 0x0085, 0x0085, 0x0085, 0x0085, 0x0085, 0x0085,
  0x0085, 0x0085, 0x0085, 0x0085, 0x0085, 0x00A5, 0x1106, 0x2187, 0x29A7, 0x2167, 0x1106, 0x0064,
  0x0064, 0x0084, 0x0085, 0x0084, 0x0085, 0x0085, 0x0085, 0x0085, 0x0085, 0x0085, 0x0085, 0x0085,
  0x0085, 0x0085, 0x0085, 0x0085, 0x0085, 0x0044, 0x29C7, 0x29C8, 0x5B4C, 0x846E, 0x7C2E, 0x7C2E,
  0x7C2E, 0x7C2E, 0x7C0E, 0x7C0E, 0x7C0E, 0x7C0E, 0x7C0E, 0x7C0E, 0x7C0E, 0x7C0E, 0x7C2E, 0x7C0E,
  0x7C0E, 0x7C0E, 0x7C0D, 0x7C0D, 0x7C0D, 0x7C0E, 0x7C0D, 0x7C0E, 0x7C0E, 0x7C2E, 0x7C2E, 0x7C0E,
  0x7C2E, 0x7C2E, 0x7C0E, 0x7C2E, 0x7C4E, 0x844E, 0x73ED, 0x5B2B, 0x634B, 0x2167, 0x0024, 0x21A8,
  0x5B4C, 0x7C2E, 0x7C2E, 0x7C0D, 0x7C0D, 0x7C0D, 0x7C0D, 0x7C0D, 0x7C0D, 0x7C0D, 0x7C0D, 0x7C0D,
  0x7C0D, 0x844E, 0x73CD, 0x530B, 0x29A7, 0x0044, 0x0084, 0x0085, 0x0085, 0x0085, 0x0085, 0x0085,
  0x0085, 0x0085, 0x0085, 0x0085, 0x0085, 0x0085, 0x0085, 0x0085, 0x0085, 0x0085, 0x0085, 0x0085,
  0x0085, 0x0085, 0x0085, 0x0085, 0x0085, 0x0085, 0x0085, 0x0085, 0x0085, 0x0085, 0x0085, 0x0085,
  0x0085, 0x0085, 0x0085, 0x0085, 0x0085, 0x0085, 0x0084, 0x08A5, 0x3A49, 0x532B, 0x29C7, 0x4A8A,
  0x73ED, 0x636C, 0x08A5, 0x0065, 0x0085, 0x0085, 0x0084, 0x0044, 0x0003, 0x4AAA, 0x530B, 0x29C8,
  0x31E8, 0x2167, 0x0065, 0x08E6, 0x2187, 0x08A5, 0x29C8, 0x73ED, 0x7C2E, 0x7C2E, 0x7C0D, 0x7C0D,
  0x7C0E, 0x7C0D, 0x740D, 0x7C0D, 0x740D, 0x7C0D, 0x740D, 0x740D, 0x7C0D, 0x740D, 0x740D, 0x740D,
  0x740D, 0x740D, 0x740D, 0x740D, 0x7C0D, 0x7C0D, 0x7C0D, 0x7C0D, 0x7C0D, 0x7C0E, 0x7C0E, 0x7C0E,
  0x7C0E, 0x7C0E, 0x7C0E, 0x7C0D, 0x7C0D, 0x7C0E, 0x7C0D, 0x7C0D, 0x7C0E, 0x7C0E, 0x7C0E, 0x7C0E,
  0x7C0E, 0x7C0E, 0x7C0E, 0x7C0D, 0x7C2E, 0x7C0E, 0x7C0E, 0x7C0D, 0x7C0D, 0x7C0E, 0x7C0D, 0x7C2E,
  0x7C2E, 0x7C2E, 0x7C2E, 0x7C2E, 0x7C2E, 0x7C2E, 0x7C2E, 0x7C2E, 0x7C2E, 0x7C2E, 0x7C2E, 0x7C2E,
  0x7C2E, 0x7C2E, 0x7C2E, 0x7C2E, 0x7C2E, 0x7C2E, 0x7C0E, 0x7C0E, 0x7C0E, 0x7C0E, 0x7C0D, 0x7C0E,
  0x7C0D, 0x7C0D, 0x7C0D, 0x7C0D, 0x7C0D, 0x7C0E, 0x7C0E, 0x7C2E, 0x6BAD, 0x2187, 0x0044, 0x00A5,
  0x0084, 0x0044, 0x00A5, 0x0085, 0x0085, 0x0085, 0x0084, 0x0084, 0x0085, 0x0085, 0x0064, 0x08E5,
  0x73ED, 0x7C0D, 0x7C2E, 0x73ED, 0x4269, 0x0064, 0x0085, 0x00A5, 0x00A5, 0x0085, 0x0085, 0x0085,
  0x0085, 0x0085, 0x0085, 0x0085, 0x0085, 0x0085, 0x0085, 0x0085, 0x0085, 0x0085, 0x0085, 0x0085,
  0x0085, 0x0085, 0x0085, 0x0085, 0x0085, 0x0085, 0x0085, 0x0085, 0x0085, 0x0085, 0x0085, 0x0084,
  0x0084, 0x0085, 0x0085, 0x0085, 0x0085, 0x0085, 0x0085, 0x0085, 0x0085, 0x0085, 0x0085, 0x0085,
  0x0085, 0x0085, 0x0085, 0x08C5, 0x1946, 0x1926, 0x08C5, 0x00A5, 0x0064, 0x0064, 0x0064, 0x0085,
  0x0085, 0x0085, 0x0085, 0x0085, 0x0085, 0x0085, 0x0085, 0x0085, 0x0085, 0x0085, 0x0085, 0x0085,
  0x0085, 0x0085, 0x0085, 0x0085, 0x0085, 0x0064, 0x29A7, 0x2167, 0x29A8, 0x7C2E, 0x844E, 0x7C2E,
  0x7C2E, 0x7C0E, 0x7C0E, 0x7C0E, 0x7C0D, 0x7C0E, 0x7C0E, 0x7C0E, 0x7C0E, 0x7C0E, 0x7C2E, 0x7C0E,
  0x7C0E, 0x7C0E, 0x7C0E, 0x7C0D, 0x7C0E, 0x7C0E, 0x7C0E, 0x7C0E, 0x7C0E, 0x7C2E, 0x7C2E, 0x7C0E,
  0x7C0E, 0x7C0E, 0x7C0E, 0x7C0D, 0x7C0D, 0x7C0E, 0x7C2E, 0x7C4E, 0x8C8F, 0x428A, 0x0865, 0x1946,
  0x7C4E, 0x7C2D, 0x7C0D, 0x7C0D, 0x7C0D, 0x7C0D, 0x7C0D, 0x7C0D, 0x7C0D, 0x7C0D, 0x7C0D, 0x7C0D,
  0x7C0D, 0x7C0D, 0x6BCD, 0x73ED, 0x7C2D, 0x52EA, 0x00A5, 0x0084, 0x0085, 0x0085, 0x0085, 0x0085,
  0x0085, 0x0085, 0x0085, 0x0085, 0x0085, 0x0084, 0x0085, 0x0085, 0x0085, 0x0085, 0x0085, 0x0085,
  0x0085, 0x0085, 0x0085, 0x0085, 0x0085, 0x0085, 0x0085, 0x0085, 0x0085, 0x0085, 0x0085, 0x0085,
  0x0085, 0x0085, 0x0085, 0x0085, 0x0085, 0x0085, 0x0085, 0x5B0B, 0x8C8F, 0x8CAF, 0x1947, 0x0064,
  0x530A, 0x8CAF, 0x636C, 0x08C6, 0x00A5, 0x0085, 0x0085, 0x1946, 0x29C8, 0x52EB, 0x7C2E, 0x636C,
  0x6BAC, 0x5B4B, 0x5B2B, 0x73ED, 0x7C4E, 0x73CD, 0x7C2E, 0x7C2E, 0x7C0D, 0x7C0D, 0x7C0D, 0x7C0D,
  0x7C2E, 0x7C2E, 0x7C0D, 0x7C0E, 0x740D, 0x740D, 0x7C0D, 0x7C0D, 0x740D, 0x740D, 0x740D, 0x740D,
  0x740D, 0x740D, 0x740D, 0x7C0D, 0x7C0D, 0x7C0D, 0x7C0D, 0x7C0D, 0x7C0D, 0x7C0E, 0x7C0E, 0x7C0E,
  0x7C0D, 0x7C0E, 0x7C0E, 0x7C0D, 0x7C0E, 0x7C0E, 0x7C0D, 0x7C0E, 0x7C0E, 0x7C2E, 0x7C0E, 0x7C0E,
  0x7C0E, 0x7C2E, 0x7C2E, 0x7C0D, 0x7C0D, 0x7C0D, 0x7C0D, 0x7C0D, 0x7C0D, 0x7C0D, 0x7C0D, 0x7C0E,
  0x7C2E, 0x7C2E, 0x7C2E, 0x7C0E, 0x7C2E, 0x7C2E, 0x7C2E, 0x7C2E, 0x7C2E, 0x7C2E, 0x7C2E, 0x7C2E,
  0x7C2E, 0x7C2E, 0x7C2E, 0x7C2E, 0x7C2E, 0x7C2E, 0x7C2E, 0x7C0E, 0x7C0E, 0x7C0E, 0x7C0E, 0x7C0E,
  0x7C0D, 0x7C0E, 0x7C0D, 0x7C0D, 0x7C0D, 0x7C0D, 0x7C0E, 0x7C0E, 0x7C0D, 0x6BAC, 0x4AAA, 0x6BAD,
  0x5B0B, 0x2187, 0x4AAA, 0x0084, 0x0084, 0x0085, 0x0084, 0x0085, 0x0084, 0x0084, 0x0085, 0x0064,
  0x5B4C, 0x8CAF, 0x73ED, 0x1967, 0x0044, 0x0084, 0x0084, 0x0084, 0x0085, 0x0085, 0x0085, 0x0084,
  0x0085, 0x0085, 0x0085, 0x0085, 0x0085, 0x0085, 0x0085, 0x0085, 0x0085, 0x0085, 0x0085, 0x0085,
  0x0085, 0x0085, 0x0085, 0x0085, 0x0085, 0x0085, 0x0085, 0x0085, 0x0085, 0x0085, 0x0085, 0x0084,
  0x0084, 0x08A5, 0x08A5, 0x00A5, 0x08C5, 0x0085, 0x0085, 0x0085, 0x0085, 0x0085, 0x0085, 0x0085,
  0x0085, 0x0085, 0x0085, 0x00A5, 0x00A5, 0x0085, 0x0085, 0x0085, 0x0085, 0x0085, 0x0085, 0x0085,
  0x0084, 0x0085, 0x0085, 0x0085, 0x0085, 0x0085, 0x0085, 0x0085, 0x0085, 0x0085, 0x0085, 0x0085,
  0x0085, 0x0085, 0x0085, 0x0085, 0x0085, 0x0085, 0x00A5, 0x1926, 0x0085, 0x1947, 0x636C, 0x7C4E,
  0x7C2E, 0x7C2E, 0x7C2E, 0x7C0E, 0x7C0E, 0x7C0E, 0x7C0E, 0x7C0E, 0x7C0E, 0x7C0E, 0x7C2E, 0x7C2E,
  0x7C0E, 0x7C0D, 0x7C0E, 0x7C0D, 0x7C0D, 0x7C0D, 0x7C0E, 0x7C0E, 0x7C0E, 0x7C0E, 0x7C0E, 0x7C0E,
  0x7C0E, 0x7C0E, 0x7C0E, 0x7C0D, 0x7C0D, 0x7C0E, 0x7C0E, 0x7C0D, 0x7C2E, 0x73ED, 0x2167, 0x0064,
  0x6BAC, 0x7C2E, 0x7C0E, 0x7C0D, 0x7C0D, 0x7C0E, 0x7C0E, 0x7C0E, 0x7C2D, 0x7C2E, 0x7C4E, 0x7C2E,
  0x7C4E, 0x7C4E, 0x846E, 0x846E, 0x73CD, 0x636C, 0x08A5, 0x0064, 0x0085, 0x0085, 0x0085, 0x0085,
  0x0085, 0x0085, 0x0085, 0x0085, 0x0085, 0x0085, 0x0085, 0x0085, 0x0085, 0x0085, 0x0085, 0x0085,
  0x0085, 0x0085, 0x0085, 0x0085, 0x0085, 0x0085, 0x0085, 0x0085, 0x0085, 0x0085, 0x0085, 0x0085,
  0x0085, 0x0085, 0x0085, 0x0085, 0x0085, 0x0085, 0x08A5, 0x5B4B, 0x73ED, 0x4AAA, 0x0084, 0x4AAA,
  0x8C8F, 0x846E, 0x846E, 0x6BAC, 0x0064, 0x0043, 0x4AAA, 0x7C0E, 0x846E, 0x7C2E, 0x7C0D, 0x7C2E,
  0x7C2E, 0x7C4E, 0x7C4E, 0x7C2E, 0x7C0D, 0x7C2E, 0x7C0D, 0x7C0D, 0x740D, 0x7C0D, 0x7C0D, 0x7C0D,
  0x7C0E, 0x7C0E, 0x7C0D, 0x7C0D, 0x7C0E, 0x7C0D, 0x7C0D, 0x7C0D, 0x7C0D, 0x740D, 0x740D, 0x740D,
  0x740D, 0x740D, 0x7C0D, 0x7C0D, 0x7C0D, 0x7C0D, 0x7C0D, 0x7C0E, 0x7C0D, 0x7C0D, 0x7C0D, 0x7C0D,
  0x7C0E, 0x7C0D, 0x7C0D, 0x7C0D, 0x7C0D, 0x7C0D, 0x7C0E, 0x7C0E, 0x7C2E, 0x7C0E, 0x7C0E, 0x7C0E,
  0x7C2E, 0x7C0E, 0x7C0E, 0x7C0D, 0x7C0E, 0x7C0E, 0x7C0D, 0x7C0D, 0x7C0D, 0x7C0D, 0x7C0D, 0x7C0E,
  0x7C2E, 0x7C0E, 0x7C2E, 0x7C0E, 0x7C0E, 0x7C0E, 0x7C2E, 0x7C2E, 0x7C2E, 0x7C2E, 0x7C2E, 0x7C0E,
  0x7C2E, 0x7C2E, 0x7C0E, 0x7C2E, 0x7C2E, 0x7C2E, 0x7C0E, 0x7C0E, 0x7C0D, 0x7C0D, 0x7C0E, 0x7C0D,
  0x7C0D, 0x7C0D, 0x7C0E, 0x7C0D, 0x7C0D, 0x7C0D, 0x7C0D, 0x7C0D, 0x7C0D, 0x7C2E, 0x844E, 0x7C4E,
  0x7C2E, 0x530B, 0x6B8C, 0x0064, 0x0084, 0x0085, 0x0085, 0x0085, 0x0085, 0x0084, 0x0085, 0x0024,
  0x3208, 0x7C2E, 0x1126, 0x0044, 0x0085, 0x0085, 0x0085, 0x0085, 0x0085, 0x0085, 0x0085, 0x0085,
  0x0085, 0x0085, 0x0085, 0x0085, 0x0085, 0x0085, 0x0085, 0x0085, 0x0085, 0x0085, 0x0085, 0x0085,
  0x0085, 0x0085, 0x0085, 0x0085, 0x0085, 0x0085, 0x0085, 0x0085, 0x0085, 0x0085, 0x0085, 0x0084,
  0x0084, 0x00A5, 0x00A5, 0x0085, 0x0085, 0x0085, 0x0085, 0x0085, 0x0085, 0x0085, 0x0085, 0x0085,
  0x0085, 0x0085, 0x0085, 0x0085, 0x0085, 0x0085, 0x0085, 0x0085, 0x0085, 0x0085, 0x0085, 0x0085,
  0x0085, 0x0085, 0x0085, 0x0084, 0x0085, 0x0085, 0x0085, 0x0085, 0x0085, 0x0085, 0x0085, 0x0085,
  0x0085, 0x0085, 0x0085, 0x0085, 0x0085, 0x0085, 0x0085, 0x0085, 0x0085, 0x0023, 0x4289, 0x7C4E,
  0x73ED, 0x7C4E, 0x7C2E, 0x7C0D, 0x7C0E, 0x7C0D, 0x7C0E, 0x7C0E, 0x7C0E, 0x7C0E, 0x7C0E, 0x7C2E,
  0x7C0E, 0x7C0D, 0x7C0D, 0x7C0D, 0x7C0D, 0x7C0D, 0x7C0E, 0x7C0D, 0x7C0E, 0x7C0D, 0x7C0D, 0x7C0D,
  0x7C0D, 0x7C0D, 0x7C0D, 0x7C0D, 0x7C0D, 0x7C0D, 0x7C0D, 0x7C0E, 0x7C0D, 0x7C4E, 0x73CD, 0x636C,
  0x7C2E, 0x7C0D, 0x7C0E, 0x7C0E, 0x7C0D, 0x7C0E, 0x7C2E, 0x7C2E, 0x844E, 0x6B8C, 0x5B2B, 0x6BAC,
  0x638C, 0x6BAC, 0x638C, 0x2187, 0x31E8, 0x426A, 0x0024, 0x0064, 0x0085, 0x0085, 0x0085, 0x0085,
  0x0085, 0x0085, 0x0085, 0x0085, 0x0085, 0x0085, 0x0085, 0x0085, 0x0085, 0x0085, 0x0085, 0x0085,
  0x0085, 0x0085, 0x0085, 0x0085, 0x0085, 0x0085, 0x0085, 0x0085, 0x0085, 0x0085, 0x0085, 0x0085,
  0x0085, 0x0085, 0x0085, 0x0085, 0x0085, 0x0084, 0x00A5, 0x1946, 0x00A5, 0x0024, 0x08C5, 0x4ACA,
  0x5B2B, 0x5B0B, 0x52CA, 0x3A09, 0x3208, 0x634B, 0x7C2E, 0x7C0D, 0x740D, 0x7C0D, 0x740D, 0x7C0D,
  0x7C0E, 0x7C0E, 0x7C0E, 0x7C0E, 0x7C0D, 0x7C0D, 0x7C0D, 0x7C0D, 0x7C0D, 0x7C0D, 0x7C0D, 0x7C0E,
  0x7C2E, 0x7C2E, 0x7C0E, 0x7C0D, 0x7C0E, 0x7C0D, 0x7C0D, 0x7C0D, 0x7C0D, 0x7C0D, 0x7C0D, 0x740D,
  0x740D, 0x7C0D, 0x740D, 0x740D, 0x7C0D, 0x7C0E, 0x7C0D, 0x7C0D, 0x7C0D, 0x740D, 0x7C0D, 0x7C0D,
  0x7C0D, 0x7C0D, 0x7C0D, 0x7C0D, 0x7C0D, 0x7C0E, 0x7C0D, 0x7C0E, 0x7C2E, 0x7C0E, 0x7C0E, 0x7C0E,
  0x7C0E, 0x7C0E, 0x7C0E, 0x7C0D, 0x7C0D, 0x7C0D, 0x7C0D, 0x7C0D, 0x7C0D, 0x7C0D, 0x7C0D, 0x7C0E,
  0x7C0E, 0x7C0E, 0x7C2E, 0x7C0E, 0x7C0E, 0x7C2E, 0x7C0E, 0x7C0E, 0x7C0E, 0x7C0E, 0x7C0E, 0x7C0E,
  0x7C0D, 0x7C0E, 0x7C0E, 0x7C0E, 0x7C0E, 0x7C0E, 0x7C0E, 0x7C0E, 0x7C0D, 0x7C0D, 0x7C0D, 0x7C0E,
  0x7C0E, 0x7C0E, 0x7C0E, 0x7C0D, 0x7C0D, 0x7C0D, 0x7C0D, 0x7C0D, 0x7C0D, 0x7C0D, 0x7C0D, 0x844E,
  0x52EB, 0x10E5, 0x844F, 0x21A8, 0x0044, 0x0085, 0x0085, 0x0085, 0x0085, 0x0085, 0x0084, 0x08A5,
  0x1946, 0x08E5, 0x0064, 0x0085, 0x0085, 0x0085, 0x0085, 0x0085, 0x0085, 0x0085, 0x0084, 0x0085,
  0x0085, 0x0085, 0x0085, 0x0085, 0x0085, 0x0085, 0x0085, 0x0085, 0x0085, 0x0085, 0x0085, 0x0085,
  0x0085, 0x0085, 0x0085, 0x0085, 0x0085, 0x0085, 0x0085, 0x0085, 0x0085, 0x0085, 0x0085, 0x0084,
  0x0084, 0x0085, 0x0085, 0x0085, 0x0085, 0x0085, 0x0085, 0x0085, 0x0085, 0x0085, 0x0085, 0x0085,
  0x0085, 0x0085, 0x0085, 0x0085, 0x0085, 0x0085, 0x0085, 0x0085, 0x0085, 0x0085, 0x0085, 0x0085,
  0x0085, 0x0085, 0x0085, 0x0085, 0x0085, 0x0085, 0x0085, 0x0085, 0x0085, 0x0085, 0x0085, 0x0085,
  0x0085, 0x0085, 0x0085, 0x0085, 0x0085, 0x0085, 0x0085, 0x0085, 0x0085, 0x0084, 0x10E6, 0x428A,
  0x636C, 0x5B4C, 0x73ED, 0x7C2E, 0x7C0E, 0x7C0E, 0x7C0D, 0x7C0E, 0x7C2E, 0x7C0E, 0x7C0E, 0x7C0E,
  0x7C0E, 0x7C0D, 0x7C0D, 0x740D, 0x7C0D, 0x740D, 0x7C0D, 0x7C0D, 0x7C0D, 0x7C0E, 0x7C0E, 0x7C0E,
  0x7C0D, 0x7C0E, 0x7C0D, 0x7C0D, 0x7C0D, 0x7C0D, 0x7C0D, 0x7C0D, 0x7C0E, 0x7C0E, 0x7C2E, 0x7C4E,
  0x7C0D, 0x7C0E, 0x7C0D, 0x7C0E, 0x7C2E, 0x7C2E, 0x7C2E, 0x6BAD, 0x4ACB, 0x29C8, 0x29A7, 0x29A8,
  0x29E9, 0x08E6, 0x0044, 0x1105, 0x7C2E, 0x6BCD, 0x52EA, 0x29C8, 0x0044, 0x0085, 0x0084, 0x0085,
  0x0085, 0x0085, 0x0085, 0x0085, 0x0085, 0x0085, 0x0085, 0x0085, 0x0085, 0x0085, 0x0085, 0x0085,
  0x0085, 0x0085, 0x0085, 0x0085, 0x0085, 0x0085, 0x0085, 0x0085, 0x0085, 0x0085, 0x0085, 0x0085,
  0x0085, 0x0085, 0x0085, 0x0085, 0x0085, 0x0085, 0x0085, 0x0064, 0x0085, 0x0085, 0x08E6, 0x1126,
  0x0064, 0x1926, 0x2146, 0x428A, 0x7C4E, 0x7C4E, 0x740D, 0x740D, 0x740D, 0x740D, 0x740D, 0x740D,
  0x7C0D, 0x7C0E, 0x7C0E, 0x7C0E, 0x7C0E, 0x7C0D, 0x7C0D, 0x740D, 0x740D, 0x7C0D, 0x7C0D, 0x7C0E,
  0x7C2E, 0x7C2E, 0x7C0E, 0x7C0D, 0x7C0D, 0x7C0D, 0x7C0D, 0x7C0E, 0x7C0E, 0x7C0D, 0x7C0D, 0x7C0D,
  0x740D, 0x7C0D, 0x7C0D, 0x740D, 0x7C0E, 0x7C0E, 0x7C0E, 0x7C0D, 0x7C0D, 0x7C0D, 0x7C0D, 0x7C0D,
  0x7C0D, 0x7C0D, 0x7C0D, 0x7C0E, 0x7C0E, 0x7C0E, 0x7C0E, 0x7C0E, 0x7C0E, 0x7C0E, 0x7C0E, 0x7C0E,
  0x7C0E, 0x7C0D, 0x7C0E, 0x7C0D, 0x7C0D, 0x7C0D, 0x7C0D, 0x7C0D, 0x7C0D, 0x7C0D, 0x7C0D, 0x7C0D,
  0x7C0E, 0x7C0E, 0x7C0E, 0x7C0D, 0x7C0D, 0x7C0E, 0x7C0E, 0x7C2E, 0x7C0E, 0x7C0E, 0x7C0D, 0x7C0D,
  0x7C0D, 0x7C0E, 0x7C0D, 0x7C0E, 0x7C2E, 0x7C0D, 0x7C0D, 0x7C0D, 0x7C0E, 0x7C0D, 0x7C0D, 0x7C0D,
  0x7C0D, 0x7C0E, 0x7C0D, 0x7C0D, 0x7C0D, 0x7C0D, 0x7C0D, 0x7C0D, 0x7C0D, 0x7C0D, 0x7C0D, 0x848F,
  0x3A6A, 0x1106, 0x6BAD, 0x31C7, 0x0064, 0x0085, 0x0084, 0x0085, 0x0085, 0x0085, 0x0085, 0x08C5,
  0x0085, 0x0064, 0x0085, 0x0085, 0x0085, 0x0085, 0x0085, 0x0085, 0x0085, 0x0085, 0x0085, 0x0085,
  0x0085, 0x0085, 0x0085, 0x0085, 0x0085, 0x0085, 0x0085, 0x0085, 0x0085, 0x0085, 0x0085, 0x0085,
  0x0085, 0x0085, 0x0085, 0x0085, 0x0085, 0x0085, 0x0085, 0x0085, 0x0085, 0x0085, 0x0085, 0x0084,
  0x0084, 0x0085, 0x0085, 0x0085, 0x0085, 0x0085, 0x0085, 0x0085, 0x0085, 0x0085, 0x0085, 0x0085,
  0x0085, 0x0085, 0x0085, 0x0085, 0x0085, 0x0085, 0x0085, 0x0085, 0x0085, 0x0085, 0x0085, 0x0085,
  0x0085, 0x0084, 0x0085, 0x0085, 0x0085, 0x0085, 0x0085, 0x0085, 0x0085, 0x0085, 0x0085, 0x0085,
  0x0085, 0x0085, 0x0085, 0x0085, 0x0085, 0x0085, 0x0085, 0x0085, 0x0085, 0x0085, 0x0064, 0x0024,
  0x29E8, 0x6B8D, 0x6BAD, 0x7C4E, 0x7C0E, 0x7C0E, 0x7C0D, 0x7C0E, 0x7C0E, 0x7C2E, 0x7C2E, 0x7C2E,
  0x7C0D, 0x7C0E, 0x7C0D, 0x7C0D, 0x7C0D, 0x740D, 0x7C0D, 0x7C0D, 0x7C0D, 0x7C0E, 0x7C0E, 0x7C0E,
  0x7C0E, 0x7C0E, 0x7C0E, 0x7C0E, 0x7C0E, 0x7C0E, 0x7C0E, 0x7C0E, 0x7C0E, 0x7C0E, 0x7C0E, 0x7C0D,
  0x7C0D, 0x7C0D, 0x7C0D, 0x7C0E, 0x7C2E, 0x7C2E, 0x6BAD, 0x52EA, 0x636C, 0x7C4E, 0x636C, 0x0085,
  0x0065, 0x0065, 0x0085, 0x4ACB, 0x636C, 0x6B8C, 0x7C0D, 0x636C, 0x10E6, 0x0064, 0x0085, 0x0085,
  0x0085, 0x0085, 0x0085, 0x0085, 0x0085, 0x0085, 0x0085, 0x0085, 0x0085, 0x0085, 0x0085, 0x0085,
  0x0085, 0x0085, 0x0085, 0x0085, 0x0085, 0x0085, 0x0085, 0x0085, 0x0085, 0x0085, 0x0085, 0x0085,
  0x0085, 0x0085, 0x0085, 0x0085, 0x0085, 0x0085, 0x0085, 0x0084, 0x0084, 0x0085, 0x0044, 0x29C8,
  0x634C, 0x73ED, 0x844E, 0x7C2E, 0x740D, 0x740D, 0x740D, 0x740D, 0x740D, 0x740D, 0x740D, 0x740D,
  0x7C0D, 0x7C0E, 0x7C0E, 0x7C0E, 0x7C0E, 0x7C0D, 0x7C0D, 0x7C0D, 0x7C0D, 0x7C0D, 0x7C0D, 0x7C0E,
  0x7C2E, 0x7C2E, 0x7C4E, 0x7C2E, 0x740D, 0x7C2E, 0x846E, 0x7C4E, 0x73ED, 0x7C0E, 0x7C0D, 0x7C0D,
  0x7C0D, 0x7C0D, 0x7C0E, 0x7C2E, 0x844E, 0x846E, 0x7C4E, 0x7C0E, 0x7C0D, 0x7C0E, 0x7C0D, 0x7C0D,
  0x740D, 0x7C0D, 0x7C0D, 0x7C0D, 0x7C0E, 0x7C0D, 0x7C0E, 0x7C0E, 0x7C0E, 0x7C0E, 0x7C0E, 0x7C0E,
  0x7C0E, 0x7C0D, 0x7C0D, 0x7C0D, 0x7C0D, 0x7C0D, 0x7C0D, 0x7C0E, 0x7C0E, 0x7C0E, 0x7C0E, 0x7C0E,
  0x7C0E, 0x7C0D, 0x7C0D, 0x7C0D, 0x7C0D, 0x7C0E, 0x7C0E, 0x7C2E, 0x7C0E, 0x7C0E, 0x7C0D, 0x7C0E,
  0x7C0D, 0x7C0D, 0x7C0D, 0x7C0D, 0x7C0D, 0x7C0E, 0x7C0E, 0x7C0D, 0x7C0D, 0x7C0E, 0x7C0E, 0x7C0E,
  0x7C0E, 0x7C0E, 0x7C0E, 0x7C0D, 0x7C0D, 0x7C0D, 0x7C0D, 0x7C0D, 0x7C0D, 0x7C0D, 0x846E, 0x636C,
  0x08A4, 0x2166, 0x29C8, 0x0044, 0x00A5, 0x0085, 0x0085, 0x0084, 0x0085, 0x00A5, 0x0085, 0x0085,
  0x0085, 0x0085, 0x0085, 0x0085, 0x0085, 0x0085, 0x0085, 0x0085, 0x0085, 0x0085, 0x0085, 0x0085,
  0x0085, 0x0085, 0x0085, 0x0085, 0x0085, 0x0085, 0x0085, 0x0085, 0x0085, 0x0085, 0x0085, 0x0085,
  0x0085, 0x0085, 0x0085, 0x0085, 0x0085, 0x0085, 0x0085, 0x0085, 0x0085, 0x0085, 0x0085, 0x0084,
  0x0084, 0x0085, 0x0085, 0x0085, 0x0085, 0x0085, 0x0085, 0x0085, 0x0085, 0x0085, 0x0085, 0x0085,
  0x0085, 0x0085, 0x0085, 0x0085, 0x0085, 0x0085, 0x0085, 0x0085, 0x0085, 0x0085, 0x0085, 0x0085,
  0x0085, 0x0085, 0x0085, 0x0085, 0x0085, 0x0085, 0x0085, 0x0085, 0x0085, 0x0085, 0x0085, 0x0085,
  0x0085, 0x0085, 0x0085, 0x0085, 0x0085, 0x0085, 0x0085, 0x0085, 0x0085, 0x0085, 0x0085, 0x0085,
  0x00A5, 0x6BAD, 0x7C4E, 0x7C0E, 0x7C0E, 0x7C0E, 0x7C0E, 0x7C0E, 0x7C2E, 0x7C2E, 0x7C2E, 0x7C2E,
  0x7C0E, 0x7C0D, 0x7C0D, 0x7C0D, 0x740D, 0x740D, 0x740D, 0x7C0D, 0x7C0E, 0x7C0E, 0x7C0E, 0x7C2E,
  0x7C2E, 0x7C0E, 0x7C2E, 0x7C2E, 0x7C0E, 0x7C0E, 0x7C0D, 0x7C0E, 0x7C0D, 0x7C0D, 0x7C0D, 0x7C0D,
  0x7C0D, 0x7C0D, 0x7C0E, 0x7C0E, 0x7C0E, 0x740D, 0x6BCD, 0x7C2E, 0x7C4E, 0x848E, 0x636C, 0x29A8,
  0x1126, 0x3208, 0x2187, 0x0064, 0x0044, 0x08C5, 0x08C5, 0x2187, 0x08E6, 0x0085, 0x0085, 0x0085,
  0x0085, 0x0085, 0x0085, 0x0085, 0x0085, 0x0085, 0x0085, 0x0085, 0x0085, 0x0085, 0x0085, 0x0085,
  0x0085, 0x0085, 0x0085, 0x0085, 0x0085, 0x0085, 0x0085, 0x0085, 0x0085, 0x0085, 0x0085, 0x0085,
  0x0085, 0x0085, 0x0085, 0x0085, 0x0085, 0x0085, 0x0084, 0x0084, 0x0085, 0x0085, 0x0085, 0x00A5,
  0x1106, 0x532B, 0x7C2E, 0x740D, 0x740D, 0x740D, 0x740D, 0x740D, 0x740D, 0x740D, 0x7C0D, 0x7C0E,
  0x7C4E, 0x7C2E, 0x7C0E, 0x7C0D, 0x7C0D, 0x7C0D, 0x7C0D, 0x7C0D, 0x740D, 0x740D, 0x7C0D, 0x7C0D,
  0x7C2E, 0x7C2E, 0x5B4C, 0x73ED, 0x7C2E, 0x638C, 0x4269, 0x3A29, 0x6BAD, 0x7C2E, 0x7C0D, 0x7C0D,
  0x7C0D, 0x7C0D, 0x7C4E, 0x7C2E, 0x4ACB, 0x29A8, 0x428A, 0x7C2E, 0x7C0D, 0x7C0D, 0x7C0D, 0x7C0D,
  0x7C0D, 0x7C0D, 0x7C0D, 0x7C0D, 0x7C0E, 0x7C0D, 0x7C0E, 0x7C0E, 0x7C0E, 0x7C0E, 0x7C0E, 0x7C0E,
  0x7C0E, 0x7C0D, 0x7C0D, 0x7C0D, 0x7C0D, 0x7C0D, 0x7C0D, 0x7C0E, 0x7C0E, 0x7C0E, 0x7C0D, 0x7C0D,
  0x7C0E, 0x7C0D, 0x7C0D, 0x7C0D, 0x7C0D, 0x7C0D, 0x7C0E, 0x7C0E, 0x7C0E, 0x7C0D, 0x7C0D, 0x7C0D,
  0x7C0D, 0x7C0D, 0x7C0E, 0x7C0D, 0x7C0D, 0x7C0E, 0x7C0E, 0x7C0D, 0x7C0E, 0x7C2E, 0x7C2E, 0x7C0E,
  0x7C2E, 0x7C0E, 0x7C0E, 0x7C0E, 0x7C0D, 0x7C0D, 0x7C0D, 0x7C0D, 0x7C0E, 0x846E, 0x6BAD, 0x08C5,
  0x0024, 0x1946, 0x3A29, 0x0084, 0x0085, 0x0085, 0x0085, 0x08A5, 0x08C5, 0x00A5, 0x0085, 0x0085,
  0x0085, 0x0085, 0x0085, 0x0085, 0x0085, 0x0085, 0x0085, 0x0085, 0x0085, 0x0085, 0x0085, 0x0085,
  0x0085, 0x0085, 0x0085, 0x0085, 0x0085, 0x0085, 0x0085, 0x0085, 0x0085, 0x0085, 0x0085, 0x0085,
  0x0085, 0x0085, 0x0085, 0x0085, 0x0085, 0x0085, 0x0085, 0x0085, 0x0085, 0x0085, 0x0085, 0x0084,
  0x0084, 0x0085, 0x0085, 0x0085, 0x0085, 0x0085, 0x0085, 0x0085, 0x0085, 0x0085, 0x0085, 0x0085,
  0x0085, 0x0085, 0x0085, 0x0085, 0x0085, 0x0085, 0x0085, 0x0085, 0x0085, 0x0085, 0x0085, 0x0085,
  0x0085, 0x0085, 0x0085, 0x0085, 0x0085, 0x0085, 0x0085, 0x0085, 0x0085, 0x0085, 0x0085, 0x0085,
  0x0085, 0x0085, 0x0085, 0x0085, 0x0085, 0x0085, 0x0085, 0x0085, 0x0085, 0x0085, 0x0085, 0x0085,
  0x0064, 0x5B4B, 0x7C4E, 0x7C0E, 0x7C0E, 0x7C0E, 0x7C0E, 0x7C0E, 0x7C2E, 0x7C2E, 0x7C0E, 0x7C0E,
  0x7C0E, 0x7C0D, 0x7C0E, 0x7C0D, 0x7C0D, 0x7C0D, 0x7C0D, 0x7C0D, 0x7C0E, 0x7C0E, 0x7C0E, 0x7C2E,
  0x7C2E, 0x7C2E, 0x7C2E, 0x7C2E, 0x7C2E, 0x7C0E, 0x7C0E, 0x7C0E, 0x7C0E, 0x7C0D, 0x7C0D, 0x7C0D,
  0x7C0D, 0x7C0D, 0x7C0D, 0x7C0D, 0x7C2E, 0x7C2E, 0x846E, 0x846E, 0x73CD, 0x52EB, 0x6BAD, 0x73CD,
  0x530B, 0x3208, 0x08E6, 0x0084, 0x0084, 0x0064, 0x0064, 0x0064, 0x0085, 0x0085, 0x0085, 0x0085,
  0x0085, 0x0085, 0x0085, 0x0085, 0x0085, 0x0085, 0x0085, 0x0085, 0x0085, 0x0085, 0x0085, 0x0085,
  0x0085, 0x0085, 0x0085, 0x0085, 0x0085, 0x0085, 0x0085, 0x0085, 0x0085, 0x0085, 0x0085, 0x0085,
  0x0085, 0x0085, 0x0085, 0x0085, 0x0085, 0x0085, 0x0085, 0x0085, 0x0064, 0x0064, 0x0064, 0x0064,
  0x0044, 0x08C5, 0x73CD, 0x7C2D, 0x740D, 0x7C0E, 0x7C0E, 0x7C0E, 0x7C2E, 0x846E, 0x7C4E, 0x7C2E,
  0x4AAA, 0x636C, 0x7C4E, 0x7C2E, 0x7C0D, 0x7C0D, 0x7C0D, 0x740D, 0x740D, 0x740D, 0x740D, 0x7C0E,
  0x846E, 0x3A49, 0x0024, 0x2166, 0x7C0D, 0x3A49, 0x0885, 0x4AAA, 0x848F, 0x7C0E, 0x7C0D, 0x740D,
  0x740D, 0x7C2E, 0x4AAA, 0x10E6, 0x0044, 0x1926, 0x4AAA, 0x7C4E, 0x7C0D, 0x7C0D, 0x740D, 0x740D,
  0x7C0D, 0x7C0D, 0x7C0D, 0x7C0E, 0x7C0D, 0x7C0D, 0x7C0D, 0x7C0E, 0x7C0E, 0x7C0E, 0x7C0D, 0x7C0E,
  0x7C0D, 0x7C0D, 0x7C0D, 0x7C0D, 0x7C0D, 0x7C0D, 0x7C0E, 0x7C0E, 0x7C0E, 0x7C0E, 0x7C0D, 0x7C0D,
  0x7C0D, 0x7C0D, 0x7C0D, 0x7C0D, 0x7C0D, 0x7C0E, 0x7C0E, 0x7C0E, 0x7C0E, 0x7C0D, 0x7C0D, 0x7C0D,
  0x7C0D, 0x7C0D, 0x7C0D, 0x7C0E, 0x7C0E, 0x7C0D, 0x7C2E, 0x7C0E, 0x7C2E, 0x7C2E, 0x7C2E, 0x7C2E,
  0x7C0E, 0x7C2E, 0x7C2E, 0x7C2E, 0x7C0E, 0x7C2E, 0x7C2E, 0x7C2E, 0x846E, 0x5B2B, 0x08C5, 0x0064,
  0x0064, 0x29C8, 0x2167, 0x0023, 0x0064, 0x08C5, 0x1926, 0x08C5, 0x08A5, 0x0085, 0x0085, 0x0085,
  0x0085, 0x0085, 0x0085, 0x0085, 0x0085, 0x0085, 0x0085, 0x0085, 0x0085, 0x0085, 0x0085, 0x0085,
  0x0085, 0x0085, 0x0085, 0x0085, 0x0085, 0x0085, 0x0085, 0x0085, 0x0085, 0x0085, 0x0085, 0x0085,
  0x0085, 0x0085, 0x0085, 0x0085, 0x0085, 0x0085, 0x0085, 0x0085, 0x0085, 0x0085, 0x0085, 0x0084,
  0x0084, 0x0085, 0x0085, 0x0085, 0x0085, 0x0085, 0x0085, 0x0085, 0x0085, 0x0085, 0x0085, 0x0085,
  0x0085, 0x0085, 0x0085, 0x0085, 0x0085, 0x0085, 0x0085, 0x0085, 0x0085, 0x0085, 0x0085, 0x0085,
  0x0085, 0x0085, 0x0085, 0x0085, 0x0085, 0x0085, 0x0085, 0x0085, 0x0085, 0x0085, 0x0085, 0x0085,
  0x0085, 0x0085, 0x0085, 0x0085, 0x0085, 0x0085, 0x0085, 0x0085, 0x0085, 0x0085, 0x0085, 0x0064,
  0x08A5, 0x6BCD, 0x7C2E, 0x7C0E, 0x7C0E, 0x7C0D, 0x7C0D, 0x7C0E, 0x7C2E, 0x7C0E, 0x7C0E, 0x7C0E,
  0x7C0D, 0x7C0E, 0x7C0D, 0x7C0D, 0x7C0E, 0x7C0D, 0x7C0E, 0x7C0D, 0x7C0E, 0x7C0E, 0x7C2E, 0x7C2E,
  0x7C2E, 0x7C2E, 0x7C2E, 0x7C2E, 0x7C0E, 0x7C0E, 0x7C0E, 0x7C0E, 0x7C0E, 0x7C0E, 0x7C0D, 0x7C0D,
  0x7C0D, 0x7C0D, 0x7C0D, 0x7C0D, 0x7C0E, 0x7C2E, 0x634C, 0x29C8, 0x08A6, 0x1947, 0x4ACA, 0x10E6,
  0x0084, 0x0044, 0x0064, 0x0085, 0x0085, 0x0085, 0x0085, 0x0085, 0x0085, 0x0085, 0x0085, 0x0085,
  0x0085, 0x0085, 0x0085, 0x0085, 0x0085, 0x0085, 0x0085, 0x0085, 0x0085, 0x0085, 0x0085, 0x0085,
  0x0085, 0x0085, 0x0085, 0x0085, 0x0085, 0x0085, 0x0085, 0x0085, 0x0085, 0x0085, 0x0085, 0x0085,
  0x0085, 0x0085, 0x0085, 0x0085, 0x0085, 0x0085, 0x0085, 0x0084, 0x08C5, 0x1106, 0x08E6, 0x08A5,
  0x0084, 0x08E5, 0x73ED, 0x7C2E, 0x740D, 0x7C0E, 0x7C2E, 0x844E, 0x6B8C, 0x3A29, 0x638C, 0x8C8F,
  0x29C8, 0x0044, 0x428A, 0x844E, 0x844E, 0x7C0E, 0x7C0D, 0x7C0D, 0x7C0D, 0x7C0D, 0x740D, 0x844E,
  0x4ACA, 0x0044, 0x0064, 0x0064, 0x1126, 0x08C5, 0x00A5, 0x1947, 0x52EA, 0x7C4E, 0x7C2E, 0x740D,
  0x7C0D, 0x844E, 0x29C8, 0x0004, 0x08E5, 0x740D, 0x8C8F, 0x7C0D, 0x7C0D, 0x7C0D, 0x7C0D, 0x7C0D,
  0x7C0D, 0x7C0D, 0x7C0E, 0x7C0D, 0x7C0E, 0x7C0E, 0x7C0D, 0x7C0E, 0x7C0D, 0x7C0D, 0x7C0D, 0x7C0E,
  0x7C0D, 0x7C0E, 0x7C0D, 0x7C0D, 0x7C0E, 0x7C0E, 0x7C0E, 0x7C2E, 0x7C2E, 0x7C0E, 0x7C0E, 0x7C0D,
  0x7C0D, 0x7C0D, 0x7C0D, 0x7C0D, 0x7C0D, 0x7C0D, 0x7C0E, 0x7C0D, 0x7C0E, 0x7C0E, 0x7C0D, 0x7C0D,
  0x7C0D, 0x7C0D, 0x7C0D, 0x7C0E, 0x7C0D, 0x7C0E, 0x7C0E, 0x7C2E, 0x7C2E, 0x7C2E, 0x7C2E, 0x7C2E,
  0x7C2E, 0x7C2E, 0x7C2E, 0x7C2E, 0x844E, 0x7C2E, 0x7C2E, 0x844E, 0x4AAA, 0x0064, 0x0064, 0x0085,
  0x0064, 0x5B2B, 0x848F, 0x5B4B, 0x31E8, 0x08C5, 0x00A5, 0x0085, 0x0085, 0x0085, 0x0084, 0x0085,
  0x0085, 0x0085, 0x0085, 0x0085, 0x0085, 0x0085, 0x0085, 0x0085, 0x0085, 0x0085, 0x0085, 0x0085,
  0x0085, 0x0085, 0x0085, 0x0085, 0x0085, 0x0085, 0x0085, 0x0085, 0x0085, 0x0085, 0x0085, 0x0085,
  0x0085, 0x0085, 0x0085, 0x0085, 0x0085, 0x0085, 0x0085, 0x0085, 0x0085, 0x0085, 0x0085, 0x0084,
  0x0084, 0x0085, 0x0085, 0x0085, 0x0085, 0x0085, 0x0085, 0x0085, 0x0085, 0x0085, 0x0085, 0x0085,
  0x0085, 0x0085, 0x0085, 0x0085, 0x0085, 0x0085, 0x0085, 0x0085, 0x0085, 0x0085, 0x0085, 0x0085,
  0x0085, 0x0085, 0x0085, 0x0085, 0x0085, 0x0085, 0x0085, 0x0085, 0x0085, 0x0085, 0x0085, 0x0085,
  0x0085, 0x0085, 0x0085, 0x0085, 0x0085, 0x0085, 0x0085, 0x0085, 0x0085, 0x0085, 0x0085, 0x0064,
  0x1947, 0x7C4E, 0x7C2E, 0x7C2E, 0x7C0E, 0x7C0D, 0x7C0D, 0x7C0D, 0x7C0E, 0x7C0E, 0x7C0E, 0x7C0D,
  0x7C0E, 0x7C0D, 0x7C0D, 0x7C0D, 0x7C0E, 0x7C0E, 0x7C0E, 0x7C0D, 0x7C0D, 0x7C0E, 0x7C2E, 0x7C2E,
  0x7C2E, 0x7C2E, 0x7C2E, 0x7C2E, 0x7C0E, 0x7C0E, 0x7C0E, 0x7C0D, 0x7C0D, 0x7C0D, 0x7C0D, 0x7C0D,
  0x7C0D, 0x7C0D, 0x7C0D, 0x7C2E, 0x846E, 0x846F, 0x2167, 0x0003, 0x0064, 0x0085, 0x0044, 0x0064,
  0x0085, 0x0085, 0x0085, 0x0085, 0x0085, 0x0085, 0x0085, 0x0085, 0x0085, 0x0085, 0x0085, 0x0085,
  0x0085, 0x0085, 0x0085, 0x0085, 0x0085, 0x0085, 0x0085, 0x0085, 0x0085, 0x0085, 0x0085, 0x0085,
  0x0085, 0x0085, 0x0085, 0x0085, 0x0085, 0x0085, 0x0085, 0x0085, 0x0085, 0x0085, 0x0085, 0x0085,
  0x0085, 0x0085, 0x0085, 0x0085, 0x0085, 0x0085, 0x0064, 0x10E6, 0x6BCD, 0x7C0E, 0x73ED, 0x6BAC,
  0x6B8C, 0x6BAD, 0x7C0E, 0x7C2E, 0x848F, 0x3229, 0x1927, 0x29C8, 0x0084, 0x08A4, 0x1906, 0x638C,
  0x848E, 0x29A7, 0x0003, 0x1947, 0x5B2C, 0x7C2E, 0x7C0E, 0x7C0D, 0x7C0D, 0x7C2E, 0x7C2E, 0x73ED,
  0x08C5, 0x0023, 0x0044, 0x0064, 0x0064, 0x0044, 0x0044, 0x0024, 0x0023, 0x1947, 0x638C, 0x7C2E,
  0x740D, 0x7C4E, 0x636C, 0x0064, 0x0044, 0x1967, 0x638C, 0x7C0D, 0x7C0E, 0x7C0D, 0x7C0D, 0x7C0D,
  0x7C0D, 0x7C0D, 0x7C0E, 0x7C0D, 0x7C0D, 0x7C0D, 0x7C0E, 0x7C0E, 0x7C0D, 0x7C0E, 0x7C0D, 0x7C0D,
  0x7C0D, 0x7C0E, 0x7C0D, 0x7C0D, 0x7C0E, 0x7C2E, 0x7C2E, 0x7C2E, 0x7C2E, 0x7C2E, 0x7C0E, 0x7C0D,
  0x7C0D, 0x7C0D, 0x7C0D, 0x7C0D, 0x7C0D, 0x7C0D, 0x7C0D, 0x7C0D, 0x7C0D, 0x7C0D, 0x7C0D, 0x7C0D,
  0x7C0E, 0x7C0D, 0x7C0D, 0x7C0D, 0x7C0D, 0x7C0E, 0x7C2E, 0x7C2E, 0x7C2E, 0x7C4E, 0x7C2E, 0x7C0E,
  0x7C2E, 0x7C2E, 0x7C2E, 0x846E, 0x5B4C, 0x1926, 0x1967, 0x1967, 0x0064, 0x0064, 0x0085, 0x08E6,
  0x4AAA, 0x52EB, 0x638D, 0x3209, 0x10E6, 0x0064, 0x0085, 0x0085, 0x0085, 0x0085, 0x0085, 0x0085,
  0x0085, 0x0085, 0x0085, 0x0085, 0x0085, 0x0085, 0x0085, 0x0085, 0x0085, 0x0085, 0x0085, 0x0085,
  0x0085, 0x0085, 0x0085, 0x0085, 0x0085, 0x0085, 0x0085, 0x0085, 0x0085, 0x0085, 0x0085, 0x0085,
  0x0085, 0x0085, 0x0085, 0x0085, 0x0085, 0x0085, 0x0085, 0x0085, 0x0085, 0x0085, 0x0085, 0x0084,
  0x0084, 0x0085, 0x0085, 0x0085, 0x0085, 0x0085, 0x0085, 0x0085, 0x0085, 0x0085, 0x0085, 0x0085,
  0x0085, 0x0085, 0x0085, 0x0085, 0x0085, 0x0085, 0x0085, 0x0085, 0x0085, 0x0085, 0x0085, 0x0085,
  0x0085, 0x0085, 0x0085, 0x0085, 0x0085, 0x0085, 0x0085, 0x0085, 0x0085, 0x0085, 0x0085, 0x0085,
  0x0085, 0x0085, 0x0085, 0x0085, 0x0085, 0x0085, 0x0085, 0x0085, 0x0085, 0x0085, 0x0085, 0x0064,
  0x08E6, 0x740D, 0x7C2E, 0x7C2E, 0x7C0E, 0x7C0E, 0x7C0E, 0x7C0D, 0x7C0E, 0x7C0E, 0x7C0E, 0x7C0D,
  0x7C0D, 0x7C0D, 0x7C0E, 0x7C0D, 0x7C0D, 0x7C0E, 0x7C0D, 0x7C0D, 0x7C0D, 0x7C0E, 0x7C0E, 0x7C2E,
  0x7C2E, 0x7C0E, 0x7C2E, 0x7C0E, 0x7C0E, 0x7C0E, 0x7C0D, 0x7C0D, 0x7C0D, 0x7C0D, 0x7C0D, 0x7C0D,
  0x7C0D, 0x7C0E, 0x7C2E, 0x7C0E, 0x4ACA, 0x2187, 0x08E5, 0x0085, 0x0085, 0x0085, 0x0085, 0x0085,
  0x0085, 0x0085, 0x0085, 0x0085, 0x0085, 0x0085, 0x0085, 0x0085, 0x0085, 0x0085, 0x0085, 0x0085,
  0x0085, 0x0085, 0x0085, 0x0085, 0x0085, 0x0085, 0x0085, 0x0085, 0x0085, 0x0085, 0x0085, 0x0085,
  0x0085, 0x0085, 0x0085, 0x0085, 0x0085, 0x0085, 0x0085, 0x0085, 0x0085, 0x0085, 0x0085, 0x0085,
  0x0085, 0x0085, 0x0085, 0x0085, 0x0085, 0x0085, 0x0085, 0x00A5, 0x6BAC, 0x7C2E, 0x7C0D, 0x7C2E,
  0x7C2E, 0x7C2E, 0x7C2E, 0x73ED, 0x4AAA, 0x00A5, 0x0044, 0x0044, 0x0064, 0x3A49, 0x1106, 0x0085,
  0x4269, 0x73CD, 0x6BAC, 0x21A8, 0x0044, 0x4269, 0x846E, 0x7C2E, 0x7C2E, 0x638C, 0x6BCD, 0x634C,
  0x1927, 0x2167, 0x29A8, 0x5B2B, 0x6BAC, 0x530A, 0x29A7, 0x1106, 0x1106, 0x10E6, 0x5B4B, 0x7C2E,
  0x740D, 0x740D, 0x7C4E, 0x530B, 0x08A4, 0x0024, 0x1906, 0x428A, 0x844E, 0x7C0E, 0x7C0D, 0x7C0D,
  0x7C0D, 0x7C0D, 0x7C0E, 0x7C0D, 0x7C0D, 0x7C0D, 0x7C0D, 0x7C0E, 0x7C0E, 0x7C0E, 0x7C0E, 0x7C0E,
  0x7C0E, 0x7C0D, 0x7C0D, 0x7C0E, 0x7C0D, 0x7C2E, 0x7C2E, 0x7C2E, 0x7C2E, 0x7C2E, 0x7C2E, 0x7C2E,
  0x7C0D, 0x7C0E, 0x7C0D, 0x7C0D, 0x7C0D, 0x7C0D, 0x7C0E, 0x7C0D, 0x7C0D, 0x7C0D, 0x7C0D, 0x7C0D,
  0x7C0D, 0x7C0D, 0x7C0D, 0x7C0E, 0x7C0E, 0x7C0E, 0x7C2E, 0x7C4E, 0x846E, 0x634C, 0x7C0E, 0x848F,
  0x7C4E, 0x7C0E, 0x844E, 0x73ED, 0x08C5, 0x0044, 0x0064, 0x0064, 0x0085, 0x0084, 0x0084, 0x0084,
  0x4269, 0x1106, 0x0065, 0x0064, 0x0064, 0x0085, 0x0085, 0x0085, 0x0085, 0x0085, 0x0085, 0x0085,
  0x0085, 0x0085, 0x0085, 0x0085, 0x0085, 0x0085, 0x0085, 0x0085, 0x0085, 0x0085, 0x0085, 0x0085,
  0x0085, 0x0085, 0x0085, 0x0085, 0x0085, 0x0085, 0x0085, 0x0085, 0x0085, 0x0085, 0x0085, 0x0085,
  0x0085, 0x0085, 0x0085, 0x0085, 0x0085, 0x0085, 0x0085, 0x0085, 0x0085, 0x0085, 0x0085, 0x0084,
  0x0084, 0x0085, 0x0085, 0x0085, 0x0085, 0x0085, 0x0085, 0x0085, 0x0085, 0x0085, 0x0085, 0x0085,
  0x0085, 0x0085, 0x0085, 0x0085, 0x0085, 0x0085, 0x0085, 0x0085, 0x0085, 0x0085, 0x0085, 0x0085,
  0x0085, 0x0085, 0x0085, 0x0085, 0x0085, 0x0085, 0x0085, 0x0085, 0x0085, 0x0085, 0x0085, 0x0085,
  0x0085, 0x0085, 0x0085, 0x0085, 0x0085, 0x0085, 0x0085, 0x0085, 0x0085, 0x0085, 0x0085, 0x0084,
  0x00A5, 0x6BCD, 0x846E, 0x7C0E, 0x7C0D, 0x7C0E, 0x7C0D, 0x7C0E, 0x7C0E, 0x7C0E, 0x7C0E, 0x7C0E,
  0x7C0E, 0x7C0D, 0x7C0E, 0x7C0D, 0x7C0D, 0x7C0D, 0x7C0D, 0x7C0D, 0x7C0D, 0x7C0E, 0x7C0E, 0x7C2E,
  0x7C0E, 0x7C0E, 0x7C0E, 0x7C0E, 0x7C0E, 0x7C0D, 0x7C0D, 0x7C0E, 0x7C0D, 0x7C0D, 0x7C0D, 0x7C0D,
  0x7C2E, 0x73ED, 0x7C0D, 0x428A, 0x0024, 0x0044, 0x0084, 0x0085, 0x0085, 0x0085, 0x0085, 0x0085,
  0x0085, 0x0085, 0x0085, 0x0085, 0x0085, 0x0085, 0x0085, 0x0085, 0x0085, 0x0085, 0x0085, 0x0085,
  0x0085, 0x0085, 0x0085, 0x0085, 0x0085, 0x0085, 0x0085, 0x0085, 0x0085, 0x0085, 0x0085, 0x0085,
  0x0085, 0x0085, 0x0085, 0x0085, 0x0085, 0x0085, 0x0085, 0x0085, 0x0085, 0x0085, 0x0085, 0x0085,
  0x0085, 0x0085, 0x0085, 0x0085, 0x0085, 0x0085, 0x0064, 0x08E5, 0x73ED, 0x7C2E, 0x7C0D, 0x7C0E,
  0x7C0E, 0x7C2E, 0x73ED, 0x1127, 0x00A5, 0x1926, 0x0084, 0x0064, 0x0063, 0x634C, 0x21A8, 0x0044,
  0x0024, 0x08A5, 0x5B2B, 0x5B4C, 0x1906, 0x29A7, 0x846F, 0x73ED, 0x29C7, 0x0065, 0x3209, 0x6B8D,
  0x636C, 0x7C2E, 0x7C2E, 0x7C2E, 0x7C2E, 0x7C4E, 0x7C4E, 0x740D, 0x740D, 0x7C0D, 0x7C2E, 0x740D,
  0x740D, 0x740D, 0x7C2E, 0x740E, 0x1947, 0x0044, 0x29A7, 0x73ED, 0x7C2E, 0x7C0D, 0x7C0D, 0x7C0D,
  0x7C0D, 0x7C0E, 0x7C0D, 0x7C0E, 0x7C0E, 0x7C0D, 0x7C0E, 0x7C0E, 0x7C0E, 0x7C0D, 0x7C0E, 0x7C0E,
  0x7C0E, 0x7C0D, 0x7C0D, 0x7C0E, 0x7C0E, 0x7C0E, 0x7C2E, 0x7C2E, 0x7C0E, 0x7C2E, 0x7C2E, 0x7C2E,
  0x7C2E, 0x7C0E, 0x7C0D, 0x7C0D, 0x7C0D, 0x7C0E, 0x7C0D, 0x7C0D, 0x7C0D, 0x7C0D, 0x7C0D, 0x7C0D,
  0x7C0D, 0x7C0D, 0x7C0D, 0x7C0E, 0x7C0E, 0x7C2E, 0x740D, 0x6B8C, 0x29C7, 0x1926, 0x5B2B, 0x4269,
  0x634C, 0x848F, 0x4ACB, 0x08A5, 0x0064, 0x0085, 0x0085, 0x0085, 0x0085, 0x0085, 0x0085, 0x0064,
  0x6BCC, 0x5B2B, 0x0044, 0x0085, 0x0085, 0x0085, 0x0085, 0x0085, 0x0085, 0x0085, 0x0085, 0x0085,
  0x0085, 0x0085, 0x0085, 0x0085, 0x0085, 0x0085, 0x0085, 0x0085, 0x0085, 0x0085, 0x0085, 0x0085,
  0x0085, 0x0085, 0x0085, 0x0085, 0x0085, 0x0085, 0x0085, 0x0085, 0x0085, 0x0085, 0x0085, 0x0085,
  0x0085, 0x0085, 0x0085, 0x0085, 0x0085, 0x0085, 0x0085, 0x0085, 0x0085, 0x0085, 0x0085, 0x0084,
  0x0084, 0x0085, 0x0085, 0x0085, 0x0085, 0x0085, 0x0085, 0x0085, 0x0085, 0x0085, 0x0085, 0x0085,
  0x0085, 0x0085, 0x0085, 0x0085, 0x0085, 0x0085, 0x0085, 0x0085, 0x0085, 0x0085, 0x0085, 0x0085,
  0x0085, 0x0085, 0x0085, 0x0085, 0x0085, 0x0085, 0x0085, 0x0085, 0x0085, 0x0085, 0x0085, 0x0085,
  0x0085, 0x0085, 0x0085, 0x0085, 0x0085, 0x0085, 0x0085, 0x0085, 0x0085, 0x0085, 0x0085, 0x0085,
  0x0044, 0x29A7, 0x7C2E, 0x7C2E, 0x7C2E, 0x7C0D, 0x7C0D, 0x7C0D, 0x7C0D, 0x7C0E, 0x7C0E, 0x7C0E,
  0x7C0E, 0x7C0D, 0x7C0D, 0x7C0D, 0x7C0D, 0x7C0D, 0x7C0D, 0x7C0E, 0x7C0D, 0x7C0E, 0x7C0E, 0x7C2E,
  0x7C0E, 0x7C0E, 0x7C0E, 0x7C0E, 0x7C0E, 0x7C0D, 0x7C0D, 0x7C0E, 0x7C0D, 0x7C0D, 0x7C0D, 0x7C0D,
  0x7C4E, 0x636C, 0x4AAA, 0x00A5, 0x0064, 0x0084, 0x0085, 0x0085, 0x0085, 0x0085, 0x0085, 0x0085,
  0x0085, 0x0085, 0x0085, 0x0085, 0x0085, 0x0085, 0x0085, 0x0085, 0x0085, 0x0085, 0x0085, 0x0085,
  0x0085, 0x0085, 0x0085, 0x0085, 0x0085, 0x0085, 0x0085, 0x0085, 0x0085, 0x0085, 0x0085, 0x0085,
  0x0085, 0x0085, 0x0085, 0x0085, 0x0085, 0x0085, 0x0085, 0x0085, 0x0085, 0x0085, 0x0085, 0x0085,
  0x0085, 0x0085, 0x0085, 0x0085, 0x0085, 0x0085, 0x0044, 0x2187, 0x844E, 0x844E, 0x7C2E, 0x7C2E,
  0x7C2E, 0x8C8F, 0x530B, 0x0024, 0x08C5, 0x08C5, 0x0064, 0x0044, 0x0023, 0x10E5, 0x0064, 0x0064,
  0x1106, 0x08C5, 0x29C7, 0x3208, 0x0045, 0x0064, 0x4AAA, 0x7C4E, 0x428A, 0x00A5, 0x1947, 0x7C4E,
  0x846E, 0x7C0D, 0x7C2E, 0x7C0D, 0x7C2E, 0x7C2E, 0x7C0D, 0x7C0D, 0x7C0D, 0x7C0D, 0x7C0E, 0x7C0E,
  0x7C0D, 0x740D, 0x844E, 0x4A8A, 0x0003, 0x0064, 0x0044, 0x5B4B, 0x7C2E, 0x740D, 0x7C0D, 0x7C0E,
  0x7C0D, 0x7C0D, 0x7C0E, 0x7C2E, 0x7C0E, 0x7C0E, 0x7C0E, 0x7C0E, 0x7C0E, 0x7C0D, 0x7C0D, 0x7C0D,
  0x7C0D, 0x7C0D, 0x7C0D, 0x7C0E, 0x7C2D, 0x7C0E, 0x7C0E, 0x7C2E, 0x7C2E, 0x7C2E, 0x7C2E, 0x7C2E,
  0x7C2E, 0x7C0E, 0x7C0D, 0x7C0D, 0x7C0D, 0x7C0D, 0x7C0D, 0x7C0D, 0x7C0D, 0x7C0D, 0x7C0D, 0x7C0D,
  0x7C0D, 0x7C0E, 0x7C0D, 0x7C0D, 0x7C0E, 0x7C4E, 0x6B8C, 0x1926, 0x0024, 0x1947, 0x00A5, 0x0002,
  0x3208, 0x846E, 0x638C, 0x10E6, 0x0064, 0x0085, 0x0085, 0x0085, 0x0084, 0x0064, 0x0024, 0x29A8,
  0x7C4E, 0x29C7, 0x0044, 0x0085, 0x0085, 0x0085, 0x0085, 0x0085, 0x0085, 0x0085, 0x0085, 0x0085,
  0x0085, 0x0085, 0x0085, 0x0085, 0x0085, 0x0085, 0x0085, 0x0085, 0x0085, 0x0085, 0x0085, 0x0085,
  0x0085, 0x0085, 0x0085, 0x0085, 0x0085, 0x0085, 0x0085, 0x0085, 0x0085, 0x0085, 0x0085, 0x0085,
  0x0085, 0x0085, 0x0085, 0x0085, 0x0085, 0x0085, 0x0085, 0x0085, 0x0085, 0x0085, 0x0085, 0x0084,
  0x0084, 0x0085, 0x0085, 0x0085, 0x0085, 0x0085, 0x0085, 0x0085, 0x0085, 0x0085, 0x0085, 0x0085,
  0x0085, 0x0085, 0x0085, 0x0085, 0x0085, 0x0085, 0x0085, 0x0085, 0x0085, 0x0085, 0x0085, 0x0085,
  0x0085, 0x0085, 0x0085, 0x0085, 0x0085, 0x0085, 0x0085, 0x0085, 0x0085, 0x0085, 0x0085, 0x0085,
  0x0085, 0x0085, 0x0085, 0x0085, 0x0085, 0x0085, 0x0085, 0x0085, 0x0085, 0x0085, 0x0085, 0x0085,
  0x0085, 0x0024, 0x4269, 0x846F, 0x7C0D, 0x7C0D, 0x7C0D, 0x7C0E, 0x7C0D, 0x7C0E, 0x7C0E, 0x7C0E,
  0x7C0D, 0x7C0D, 0x7C0D, 0x7C0D, 0x7C0D, 0x7C0D, 0x7C0D, 0x7C0D, 0x7C0D, 0x7C0E, 0x7C0E, 0x7C0E,
  0x7C2E, 0x7C2E, 0x7C0E, 0x7C2E, 0x7C0E, 0x7C0E, 0x7C0D, 0x7C0D, 0x7C0D, 0x7C0D, 0x7C0D, 0x7C2E,
  0x7C2E, 0x73ED, 0x1947, 0x0064, 0x0085, 0x0085, 0x0085, 0x0085, 0x0085, 0x0085, 0x0085, 0x0085,
  0x0085, 0x0085, 0x0085, 0x0085, 0x0085, 0x0085, 0x0085, 0x0085, 0x0085, 0x0085, 0x0085, 0x0085,
  0x0085, 0x0085, 0x0085, 0x0085, 0x0085, 0x0085, 0x0085, 0x0085, 0x0085, 0x0085, 0x0085, 0x0085,
  0x0085, 0x0085, 0x0085, 0x0085, 0x0085, 0x0085, 0x0085, 0x0085, 0x0085, 0x0085, 0x0085, 0x0085,
  0x0085, 0x0085, 0x0085, 0x0085, 0x0085, 0x0085, 0x0084, 0x0084, 0x4ACA, 0x5B0B, 0x7C0E, 0x73ED,
  0x6BCD, 0x52EB, 0x0085, 0x0064, 0x08C5, 0x1926, 0x1926, 0x2187, 0x2187, 0x29C7, 0x29C7, 0x0043,
  0x2987, 0x5B4B, 0x29A8, 0x0044, 0x0084, 0x0064, 0x08E6, 0x6BCD, 0x426A, 0x0084, 0x0043, 0x4289,
  0x7C2E, 0x7C4E, 0x73ED, 0x844E, 0x740D, 0x6BAC, 0x740D, 0x7C0D, 0x7C0D, 0x7C0D, 0x7C0D, 0x7C0D,
  0x740D, 0x7C0D, 0x7C2E, 0x73ED, 0x428A, 0x1126, 0x1906, 0x5B4B, 0x7C4E, 0x7C0D, 0x7C0D, 0x7C0D,
  0x7C0D, 0x7C0D, 0x7C0D, 0x7C0E, 0x7C0E, 0x7C0E, 0x7C0E, 0x7C0E, 0x7C0D, 0x7C0D, 0x7C0D, 0x7C0D,
  0x7C0D, 0x7C0D, 0x7C0D, 0x7C0E, 0x7C0E, 0x7C0E, 0x7C2E, 0x7C2E, 0x7C0E, 0x7C0E, 0x7C2E, 0x7C2E,
  0x7C0E, 0x7C0D, 0x7C0D, 0x7C0D, 0x7C0D, 0x7C0D, 0x7C0D, 0x7C0D, 0x7C0D, 0x7C0D, 0x7C0D, 0x7C0D,
  0x7C0D, 0x7C0D, 0x7C0D, 0x7C0D, 0x7C0E, 0x7C0E, 0x844E, 0x6BAD, 0x5B2B, 0x530B, 0x1946, 0x0085,
  0x0085, 0x3A28, 0x8C8E, 0x5B4B, 0x0064, 0x0085, 0x0064, 0x0044, 0x0024, 0x29A7, 0x4289, 0x7C2D,
  0x6BAC, 0x0085, 0x0085, 0x0085, 0x0085, 0x0085, 0x0085, 0x0085, 0x0085, 0x0085, 0x0085, 0x0085,
  0x0085, 0x0085, 0x0085, 0x0085, 0x0085, 0x0085, 0x0085, 0x0085, 0x0085, 0x0085, 0x0085, 0x0085,
  0x0085, 0x0085, 0x0085, 0x0085, 0x0085, 0x0085, 0x0085, 0x0085, 0x0085, 0x0085, 0x0085, 0x0085,
  0x0085, 0x0085, 0x0085, 0x0085, 0x0085, 0x0085, 0x0085, 0x0085, 0x0085, 0x0085, 0x0085, 0x0084,
  0x0084, 0x0085, 0x0084, 0x0085, 0x0085, 0x0085, 0x0085, 0x0085, 0x0085, 0x0085, 0x0085, 0x0085,
  0x0085, 0x0085, 0x0085, 0x0085, 0x0085, 0x0085, 0x0085, 0x0085, 0x0085, 0x0085, 0x0085, 0x0085,
  0x0085, 0x0085, 0x0085, 0x0085, 0x0085, 0x0085, 0x0085, 0x0085, 0x0085, 0x0085, 0x0085, 0x0085,
  0x0085, 0x0085, 0x0085, 0x0085, 0x0085, 0x0085, 0x0085, 0x0085, 0x0085, 0x0085, 0x0085, 0x0085,
  0x0085, 0x0064, 0x08C5, 0x6BAC, 0x848F, 0x7C2E, 0x7C0E, 0x7C0E, 0x7C0D, 0x7C0E, 0x7C0E, 0x7C0E,
  0x7C0E, 0x7C0D, 0x7C0D, 0x7C0D, 0x7C0D, 0x7C0E, 0x7C0D, 0x7C0D, 0x7C0E, 0x7C0E, 0x7C0E, 0x7C2E,
  0x7C0E, 0x7C0E, 0x7C2E, 0x7C0E, 0x7C0E, 0x7C0E, 0x7C0D, 0x7C0D, 0x7C0D, 0x7C0D, 0x7C0D, 0x7C2E,
  0x848F, 0x73ED, 0x1946, 0x0064, 0x0085, 0x0085, 0x0085, 0x0085, 0x0085, 0x0085, 0x0085, 0x0085,
  0x0085, 0x0085, 0x0085, 0x0085, 0x0085, 0x0085, 0x0085, 0x0085, 0x0085, 0x0085, 0x0085, 0x0085,
  0x0085, 0x0085, 0x0085, 0x0085, 0x0085, 0x0085, 0x0085, 0x0085, 0x0085, 0x0085, 0x0085, 0x0085,
  0x0085, 0x0085, 0x0085, 0x0085, 0x0085, 0x0085, 0x0085, 0x0085, 0x0085, 0x0085, 0x0085, 0x0085,
  0x0085, 0x0085, 0x0085, 0x0085, 0x0085, 0x0085, 0x0085, 0x0085, 0x0065, 0x0044, 0x428A, 0x1946,
  0x08A5, 0x00A5, 0x31E8, 0x636C, 0x73ED, 0x7C2E, 0x7C0D, 0x7C2E, 0x7C4E, 0x848F, 0x7C2E, 0x08E6,
  0x0044, 0x00A4, 0x0084, 0x0085, 0x0085, 0x0085, 0x0085, 0x08C5, 0x08E5, 0x1105, 0x00A5, 0x00A5,
  0x1946, 0x29A7, 0x08C5, 0x3A49, 0x2187, 0x1967, 0x7C2E, 0x7C0D, 0x7C0D, 0x7C0D, 0x7C0D, 0x7C0D,
  0x7C0D, 0x740D, 0x740D, 0x7C0E, 0x844E, 0x7C0D, 0x7C2E, 0x7C0E, 0x740D, 0x7C0D, 0x7C0D, 0x7C0D,
  0x7C0D, 0x7C0E, 0x7C0E, 0x7C0E, 0x7C0E, 0x7C0E, 0x7C0D, 0x7C0D, 0x7C0D, 0x7C0D, 0x7C0D, 0x7C0D,
  0x7C0D, 0x7C0D, 0x7C0D, 0x7C0D, 0x7C0D, 0x7C0D, 0x7C0E, 0x7C0D, 0x7C0E, 0x7C2E, 0x7C2E, 0x7C2E,
  0x7C0E, 0x7C0E, 0x7C0D, 0x7C0D, 0x7C0D, 0x7C0D, 0x7C0D, 0x7C0D, 0x7C0D, 0x7C0D, 0x7C0D, 0x7C0D,
  0x7C0E, 0x7C0D, 0x7C0D, 0x7C0D, 0x7C0E, 0x7C0E, 0x7C2E, 0x846E, 0x428A, 0x0085, 0x0084, 0x0084,
  0x0023, 0x4269, 0x94CF, 0x638C, 0x0065, 0x0085, 0x29C8, 0x3A29, 0x4269, 0x7C2E, 0x8CAF, 0x73ED,
  0x4269, 0x0044, 0x0085, 0x0085, 0x0085, 0x0085, 0x0085, 0x0085, 0x0085, 0x0085, 0x0085, 0x0085,
  0x0085, 0x0085, 0x0085, 0x0085, 0x0085, 0x0085, 0x0085, 0x0085, 0x0085, 0x0085, 0x0085, 0x0085,
  0x0085, 0x0085, 0x0085, 0x0085, 0x0085, 0x0085, 0x0085, 0x0085, 0x0085, 0x0085, 0x0085, 0x0085,
  0x0085, 0x0085, 0x0085, 0x0085, 0x0085, 0x0085, 0x0085, 0x0085, 0x0085, 0x0085, 0x0085, 0x0084,
  0x0084, 0x0085, 0x0084, 0x0085, 0x0085, 0x0085, 0x0085, 0x0085, 0x0085, 0x0085, 0x0085, 0x0085,
  0x0085, 0x0085, 0x0085, 0x0085, 0x0085, 0x0085, 0x0085, 0x0085, 0x0085, 0x0085, 0x0085, 0x0085,
  0x0085, 0x0085, 0x0085, 0x0085, 0x0085, 0x0085, 0x0085, 0x0085, 0x0085, 0x0085, 0x0085, 0x0085,
  0x0085, 0x0085, 0x0085, 0x0085, 0x0085, 0x0085, 0x0085, 0x0085, 0x0085, 0x0085, 0x0085, 0x0085,
  0x0085, 0x0085, 0x0064, 0x10E6, 0x3A49, 0x73CD, 0x7C2E, 0x7C0E, 0x7C2E, 0x7C0E, 0x7C0E, 0x7C0E,
  0x7C0E, 0x7C0E, 0x7C0D, 0x7C0D, 0x7C0D, 0x7C0E, 0x7C0D, 0x7C0D, 0x7C0E, 0x7C0E, 0x7C0E, 0x7C2E,
  0x7C2E, 0x7C0E, 0x7C0E, 0x7C0E, 0x7C0E, 0x7C0D, 0x7C0D, 0x7C0D, 0x7C0E, 0x7C0D, 0x7C4E, 0x7C4E,
  0x52EB, 0x10E6, 0x0064, 0x0084, 0x0085, 0x0085, 0x0085, 0x0085, 0x0085, 0x0085, 0x0085, 0x0085,
  0x0085, 0x0085, 0x0085, 0x0085, 0x0085, 0x0085, 0x0085, 0x0085, 0x0085, 0x0085, 0x0085, 0x0085,
  0x0085, 0x0085, 0x0085, 0x0085, 0x0085, 0x0085, 0x0085, 0x0085, 0x0085, 0x0085, 0x0085, 0x0085,
  0x0085, 0x0085, 0x0085, 0x0085, 0x0085, 0x0085, 0x0085, 0x0085, 0x0085, 0x0085, 0x0085, 0x0085,
  0x0085, 0x0085, 0x0085, 0x0085, 0x0085, 0x0085, 0x0085, 0x0084, 0x0024, 0x1106, 0x73CD, 0x6BCD,
  0x6B8C, 0x6BAD, 0x844E, 0x7C2E, 0x7C0D, 0x7C0E, 0x7C0E, 0x7C0D, 0x740D, 0x7C4E, 0x530B, 0x0064,
  0x0044, 0x0064, 0x0085, 0x0085, 0x0085, 0x0084, 0x0064, 0x0023, 0x00A4, 0x1946, 0x08E6, 0x0085,
  0x0064, 0x0044, 0x0044, 0x1946, 0x08C6, 0x1967, 0x7C2E, 0x7C0D, 0x740D, 0x7C0D, 0x7C0D, 0x7C0D,
  0x7C0D, 0x7C0D, 0x7C0D, 0x7C0D, 0x7C0D, 0x7C2E, 0x7C0E, 0x740D, 0x740D, 0x7C0D, 0x7C0D, 0x7C0D,
  0x7C0D, 0x7C0E, 0x7C0E, 0x7C0D, 0x7C0E, 0x7C0D, 0x7C0D, 0x7C0D, 0x7C0D, 0x7C0D, 0x7C0D, 0x7C0D,
  0x7C0D, 0x7C0D, 0x7C0D, 0x7C0D, 0x7C0D, 0x7C0D, 0x7C0D, 0x7C0D, 0x7C2E, 0x7C0E, 0x7C2E, 0x7C0E,
  0x7C0E, 0x7C0D, 0x7C0D, 0x7C0D, 0x7C0D, 0x7C0D, 0x7C0D, 0x7C0D, 0x7C0D, 0x7C0D, 0x7C0D, 0x7C0D,
  0x7C0E, 0x7C0E, 0x7C0E, 0x7C2E, 0x7C0E, 0x7C0E, 0x7C2E, 0x7C2E, 0x3A49, 0x0043, 0x0084, 0x0085,
  0x0084, 0x31E8, 0x29C8, 0x08C5, 0x1906, 0x428A, 0x73CD, 0x636C, 0x6BAC, 0x4AAA, 0x1947, 0x08E5,
  0x0085, 0x0085, 0x0085, 0x0085, 0x0085, 0x0085, 0x0085, 0x0085, 0x0085, 0x0085, 0x0085, 0x0085,
  0x0085, 0x0085, 0x0085, 0x0085, 0x0085, 0x0085, 0x0085, 0x0085, 0x0085, 0x0085, 0x0085, 0x0085,
  0x0085, 0x0085, 0x0085, 0x0085, 0x0085, 0x0085, 0x0085, 0x0085, 0x0085, 0x0085, 0x0085, 0x0085,
  0x0085, 0x0085, 0x0085, 0x0085, 0x0085, 0x0085, 0x0085, 0x0085, 0x0085, 0x0085, 0x0085, 0x0084,
  0x0084, 0x0085, 0x0085, 0x0085, 0x0085, 0x0085, 0x0085, 0x0085, 0x0085, 0x0085, 0x0085, 0x0085,
  0x0085, 0x0085, 0x0085, 0x0085, 0x0085, 0x0085, 0x0085, 0x0085, 0x0085, 0x0085, 0x0085, 0x0085,
  0x0085, 0x0085, 0x0085, 0x0085, 0x0085, 0x0085, 0x0085, 0x0085, 0x0085, 0x0085, 0x0085, 0x0085,
  0x0085, 0x0085, 0x0085, 0x0085, 0x0085, 0x0085, 0x0085, 0x0085, 0x0085, 0x0085, 0x0085, 0x0085,
  0x0085, 0x0085, 0x0085, 0x0064, 0x0024, 0x1105, 0x740E, 0x7C4E, 0x844E, 0x7C2E, 0x7C0E, 0x7C0E,
  0x7C0E, 0x7C0E, 0x7C0D, 0x7C0D, 0x7C0D, 0x7C0D, 0x7C0D, 0x7C0E, 0x7C0E, 0x7C0D, 0x7C0E, 0x7C2E,
  0x7C2E, 0x7C2E, 0x7C0E, 0x7C0E, 0x7C2E, 0x7C2E, 0x7C2E, 0x7C2E, 0x7C2E, 0x7C4E, 0x6BAD, 0x2187,
  0x0024, 0x0064, 0x0085, 0x0085, 0x0084, 0x0085, 0x0085, 0x0085, 0x0085, 0x0085, 0x0085, 0x0085,
  0x0085, 0x0085, 0x0085, 0x0085, 0x0085, 0x0085, 0x0085, 0x0085, 0x0085, 0x0085, 0x0085, 0x0085,
  0x0085, 0x0085, 0x0085, 0x0085, 0x0085, 0x0085, 0x0085, 0x0085, 0x0085, 0x0085, 0x0085, 0x0085,
  0x0085, 0x0085, 0x0085, 0x0085, 0x0085, 0x0085, 0x0085, 0x0085, 0x0085, 0x0085, 0x0085, 0x0085,
  0x0085, 0x0085, 0x0085, 0x0085, 0x0085, 0x0085, 0x0084, 0x0064, 0x3A08, 0x6BCD, 0x7C4E, 0x7C2E,
  0x7C2E, 0x7C2E, 0x740D, 0x7C0D, 0x740D, 0x740D, 0x740D, 0x7C0D, 0x7C0E, 0x7C2E, 0x6BCD, 0x4269,
  0x2987, 0x1126, 0x0064, 0x0064, 0x0084, 0x0064, 0x1106, 0x1966, 0x0064, 0x0024, 0x0044, 0x0064,
  0x0085, 0x0064, 0x0064, 0x0044, 0x0003, 0x52EA, 0x7C4E, 0x7C0D, 0x7C0D, 0x7C0D, 0x7C0D, 0x7C0D,
  0x7C0E, 0x7C0D, 0x7C0D, 0x7C0E, 0x7C0E, 0x7C0D, 0x7C0D, 0x740D, 0x740D, 0x740D, 0x7C0D, 0x7C0D,
  0x7C0D, 0x7C0E, 0x7C0D, 0x7C0E, 0x7C0E, 0x7C0D, 0x7C0D, 0x7C0D, 0x7C0D, 0x7C0D, 0x740D, 0x7C0D,
  0x7C0D, 0x740D, 0x7C0D, 0x7C0D, 0x7C0D, 0x7C0D, 0x7C0D, 0x7C0D, 0x7C0E, 0x7C0E, 0x7C2E, 0x7C2E,
  0x7C0E, 0x7C0D, 0x7C0D, 0x7C0D, 0x7C0D, 0x7C0D, 0x7C0D, 0x7C0D, 0x7C0D, 0x7C0D, 0x7C0D, 0x7C0D,
  0x7C0E, 0x7C0D, 0x7C0E, 0x7C0E, 0x7C2E, 0x7C2E, 0x7C0E, 0x7C2E, 0x846E, 0x29C8, 0x0065, 0x0085,
  0x00A5, 0x08C5, 0x0065, 0x0064, 0x636C, 0x636C, 0x2187, 0x10E5, 0x08A5, 0x0084, 0x0044, 0x0064,
  0x0084, 0x0085, 0x0085, 0x0085, 0x0085, 0x0085, 0x0085, 0x0085, 0x0085, 0x0085, 0x0085, 0x0085,
  0x0085, 0x0085, 0x0085, 0x0085, 0x0085, 0x0085, 0x0085, 0x0085, 0x0085, 0x0085, 0x0085, 0x0085,
  0x0085, 0x0085, 0x0085, 0x0085, 0x0085, 0x0085, 0x0085, 0x0085, 0x0085, 0x0085, 0x0085, 0x0085,
  0x0085, 0x0085, 0x0085, 0x0085, 0x0085, 0x0085, 0x0085, 0x0085, 0x0085, 0x0085, 0x0085, 0x0084,
  0x0084, 0x0085, 0x0085, 0x0085, 0x0085, 0x0085, 0x0085, 0x0085, 0x0085, 0x0085, 0x0085, 0x0085,
  0x0085, 0x0085, 0x0085, 0x0085, 0x0085, 0x0085, 0x0085, 0x0085, 0x0085, 0x0085, 0x0085, 0x0085,
  0x0085, 0x0085, 0x0085, 0x0085, 0x0085, 0x0085, 0x0085, 0x0085, 0x0085, 0x0085, 0x0085, 0x0085,
  0x0085, 0x0085, 0x0085, 0x0085, 0x0085, 0x0085, 0x0085, 0x0085, 0x0085, 0x0085, 0x0085, 0x0085,
  0x0085, 0x0085, 0x0085, 0x0085, 0x0085, 0x0024, 0x428A, 0x6BAC, 0x2167, 0x740D, 0x7C2E, 0x7C0E,
  0x7C0E, 0x7C0D, 0x7C0D, 0x7C0D, 0x7C0D, 0x7C0D, 0x7C0E, 0x7C0E, 0x7C2E, 0x7C2E, 0x7C2E, 0x7C4E,
  0x844E, 0x844E, 0x7C2E, 0x7C2E, 0x7C4E, 0x7C2E, 0x7C4E, 0x846E, 0x844E, 0x740E, 0x1106, 0x0024,
  0x0084, 0x0085, 0x0085, 0x0085, 0x0085, 0x0085, 0x0085, 0x0085, 0x0085, 0x0085, 0x0085, 0x0085,
  0x0085, 0x0085, 0x0085, 0x0085, 0x0085, 0x0085, 0x0085, 0x0085, 0x0085, 0x0085, 0x0085, 0x0085,
  0x0085, 0x0085, 0x0085, 0x0085, 0x0085, 0x0085, 0x0085, 0x0085, 0x0085, 0x0085, 0x0085, 0x0085,
  0x0085, 0x0085, 0x0085, 0x0085, 0x0085, 0x0085, 0x0085, 0x0085, 0x0085, 0x0085, 0x0085, 0x0085,
  0x0085, 0x0085, 0x0085, 0x0085, 0x0085, 0x0085, 0x0044, 0x31E8, 0x8C8F, 0x7C2E, 0x7C0D, 0x7C0D,
  0x7C0D, 0x740D, 0x7C0D, 0x7C0D, 0x7C0D, 0x740D, 0x740D, 0x740D, 0x7C0D, 0x740D, 0x7C2E, 0x844E,
  0x844E, 0x7C2E, 0x31E8, 0x08A4, 0x0044, 0x08E5, 0x740D, 0x844E, 0x636C, 0x3A49, 0x2167, 0x08E5,
  0x0064, 0x1105, 0x2167, 0x08C5, 0x21A8, 0x7C2E, 0x7C0D, 0x7C0D, 0x7C0D, 0x7C0D, 0x740D, 0x740D,
  0x740D, 0x740D, 0x7C2E, 0x844E, 0x7C2E, 0x7C0D, 0x7C0D, 0x7C0D, 0x740D, 0x7C0D, 0x7C0D, 0x7C0D,
  0x7C0D, 0x7C0D, 0x7C0E, 0x7C0D, 0x7C0E, 0x7C0E, 0x7C0D, 0x7C0D, 0x740D, 0x740D, 0x7C0D, 0x7C0D,
  0x7C0D, 0x7C0D, 0x7C0D, 0x740D, 0x7C0D, 0x7C0D, 0x7C0D, 0x7C0D, 0x7C0E, 0x7C0E, 0x7C0E, 0x7C0D,
  0x7C0E, 0x7C0E, 0x7C0D, 0x7C0D, 0x7C0D, 0x7C0D, 0x7C0D, 0x7C0D, 0x740D, 0x7C0D, 0x7C0D, 0x7C0D,
  0x7C0D, 0x7C0E, 0x7C0E, 0x7C0E, 0x7C0E, 0x7C0E, 0x7C2E, 0x7C2E, 0x7C4E, 0x6B8C, 0x00A5, 0x0084,
  0x0085, 0x0084, 0x0084, 0x0044, 0x3208, 0x29C8, 0x0024, 0x0064, 0x0084, 0x0085, 0x0085, 0x0085,
  0x0085, 0x0085, 0x0085, 0x0085, 0x0085, 0x0085, 0x0085, 0x0085, 0x0085, 0x0085, 0x0085, 0x0085,
  0x0085, 0x0085, 0x0085, 0x0085, 0x0085, 0x0085, 0x0085, 0x0085, 0x0085, 0x0085, 0x0085, 0x0085,
  0x0085, 0x0085, 0x0085, 0x0085, 0x0085, 0x0085, 0x0085, 0x0085, 0x0085, 0x0085, 0x0085, 0x0085,
  0x0085, 0x0085, 0x0085, 0x0085, 0x0085, 0x0085, 0x0085, 0x0085, 0x0085, 0x0085, 0x0085, 0x0084,
  0x0084, 0x0085, 0x0085, 0x0085, 0x0085, 0x0085, 0x0085, 0x0085, 0x0085, 0x0085, 0x0085, 0x0085,
  0x0085, 0x0085, 0x0085, 0x0085, 0x0085, 0x0085, 0x0085, 0x0085, 0x0085, 0x0085, 0x0085, 0x0085,
  0x0085, 0x0085, 0x0085, 0x0085, 0x0085, 0x0085, 0x0085, 0x0085, 0x0085, 0x0085, 0x0085, 0x0085,
  0x0085, 0x0085, 0x0085, 0x0085, 0x0085, 0x0085, 0x0085, 0x0085, 0x0085, 0x0085, 0x0085, 0x0085,
  0x0085, 0x0085, 0x0085, 0x0085, 0x0085, 0x0064, 0x08C5, 0x5B4C, 0x10C5, 0x3A29, 0x848F, 0x7C0E,
  0x7C0E, 0x7C0D, 0x7C0E, 0x7C0D, 0x7C0D, 0x7C0E, 0x7C0E, 0x7C2E, 0x7C0E, 0x7C2E, 0x846E, 0x6BAD,
  0x530B, 0x634C, 0x7C2E, 0x530B, 0x1946, 0x1947, 0x29E8, 0x4A8A, 0x636C, 0x7C2E, 0x1106, 0x0064,
  0x0085, 0x0085, 0x0085, 0x0085, 0x0085, 0x0085, 0x0085, 0x0085, 0x0085, 0x0085, 0x0085, 0x0085,
  0x0085, 0x0085, 0x0085, 0x0085, 0x0085, 0x0085, 0x0085, 0x0085, 0x0085, 0x0085, 0x0085, 0x0085,
  0x0085, 0x0085, 0x0085, 0x0085, 0x0085, 0x0085, 0x0085, 0x0085, 0x0085, 0x0085, 0x0085, 0x0085,
  0x0085, 0x0085, 0x0085, 0x0085, 0x0085, 0x0085, 0x0085, 0x0085, 0x0085, 0x0085, 0x0085, 0x0085,
  0x0085, 0x0085, 0x0084, 0x0085, 0x0085, 0x0085, 0x0024, 0x428A, 0x846E, 0x7C0D, 0x7C0D, 0x7C0D,
  0x7C0D, 0x7C0D, 0x7C0D, 0x7C0D, 0x740D, 0x740D, 0x740D, 0x740D, 0x740D, 0x7C0D, 0x740D, 0x740D,
  0x740D, 0x7C0D, 0x7C2E, 0x73ED, 0x4ACB, 0x426A, 0x7C2E, 0x7C0D, 0x7C4E, 0x844E, 0x7C2E, 0x73ED,
  0x636C, 0x73ED, 0x7C4E, 0x6BCD, 0x7C0D, 0x7C0D, 0x740D, 0x7C0D, 0x7C0D, 0x7C0D, 0x740D, 0x740D,
  0x740D, 0x7C2E, 0x73ED, 0x52EB, 0x6BAD, 0x7C2E, 0x7C0D, 0x7C0D, 0x7C0D, 0x7C0D, 0x7C0D, 0x7C0D,
  0x7C0D, 0x7C0D, 0x7C0E, 0x7C0D, 0x7C0E, 0x7C0E, 0x7C0D, 0x7C0D, 0x740D, 0x740D, 0x740D, 0x740D,
  0x7C0D, 0x740D, 0x7C0D, 0x740D, 0x7C0D, 0x7C0D, 0x7C0D, 0x7C0E, 0x7C0E, 0x7C0E, 0x7C2E, 0x7C0E,
  0x7C0E, 0x7C0D, 0x7C0D, 0x7C0D, 0x7C0D, 0x7C0D, 0x7C0D, 0x7C0D, 0x7C0D, 0x7C0D, 0x7C0D, 0x7C0D,
  0x7C0D, 0x7C0E, 0x7C0D, 0x7C0E, 0x7C0E, 0x7C0E, 0x7C2E, 0x7C2E, 0x7C2E, 0x636C, 0x08C5, 0x0064,
  0x0085, 0x0085, 0x0085, 0x0085, 0x0085, 0x0064, 0x0085, 0x0085, 0x0085, 0x0085, 0x0085, 0x0085,
  0x0085, 0x0085, 0x0085, 0x0085, 0x0085, 0x0085, 0x0085, 0x0085, 0x0085, 0x0085, 0x0085, 0x0085,
  0x0085, 0x0085, 0x0085, 0x0085, 0x0085, 0x0085, 0x0085, 0x0085, 0x0085, 0x0085, 0x0085, 0x0085,
  0x0085, 0x0085, 0x0085, 0x0085, 0x0085, 0x0085, 0x0085, 0x0085, 0x0085, 0x0085, 0x0085, 0x0085,
  0x0085, 0x0085, 0x0085, 0x0085, 0x0085, 0x0085, 0x0085, 0x0085, 0x0085, 0x0085, 0x0085, 0x0084,
  0x0084, 0x0085, 0x0085, 0x0085, 0x0085, 0x0085, 0x0085, 0x0085, 0x0085, 0x0085, 0x0085, 0x0085,
  0x0085, 0x0085, 0x0085, 0x0085, 0x0085, 0x0085, 0x0085, 0x0085, 0x0085, 0x0085, 0x0085, 0x0085,
  0x0085, 0x0085, 0x0085, 0x0085, 0x0085, 0x0085, 0x0085, 0x0085, 0x0085, 0x0085, 0x0085, 0x0085,
  0x0085, 0x0085, 0x0085, 0x0085, 0x0085, 0x0085, 0x0085, 0x0085, 0x0085, 0x0085, 0x0085, 0x0085,
  0x0085, 0x0085, 0x0085, 0x0085, 0x0085, 0x0085, 0x0064, 0x10E5, 0x6BAC, 0x1105, 0x52CA, 0x846E,
  0x7C2E, 0x7C2E, 0x7C2E, 0x7C0D, 0x7C0D, 0x7C0E, 0x7C0D, 0x7C2E, 0x7C2E, 0x73ED, 0x3A29, 0x00A5,
  0x0044, 0x0064, 0x1106, 0x08E5, 0x0044, 0x0064, 0x0064, 0x0024, 0x1105, 0x846E, 0x4289, 0x0044,
  0x0084, 0x0085, 0x0085, 0x0085, 0x0085, 0x0085, 0x0085, 0x0085, 0x0085, 0x0085, 0x0085, 0x0085,
  0x0085, 0x0085, 0x0085, 0x0085, 0x0085, 0x0085, 0x0085, 0x0085, 0x0085, 0x0085, 0x0085, 0x0085,
  0x0085, 0x0085, 0x0085, 0x0085, 0x0085, 0x0085, 0x0085, 0x0085, 0x0085, 0x0085, 0x0085, 0x0085,
  0x0085, 0x0085, 0x0085, 0x0085, 0x0085, 0x0085, 0x0085, 0x0085, 0x0085, 0x0085, 0x0085, 0x0085,
  0x0085, 0x00A5, 0x08C5, 0x0085, 0x08A5, 0x0024, 0x1926, 0x6BAD, 0x7C2E, 0x7C0D, 0x7C0D, 0x7C0D,
  0x7C0D, 0x740D, 0x7C0D, 0x7C0D, 0x740D, 0x740D, 0x740D, 0x740D, 0x740D, 0x7C0D, 0x7C0D, 0x740D,
  0x740D, 0x740D, 0x7C0D, 0x7C2E, 0x844E, 0x844E, 0x7C0D, 0x7C0D, 0x7C0D, 0x7C0D, 0x7C0E, 0x7C2E,
  0x7C2E, 0x7C2E, 0x7C2E, 0x5B2B, 0x73CD, 0x740D, 0x7C2E, 0x7C2E, 0x7C0D, 0x7C0D, 0x740D, 0x740D,
  0x740D, 0x7C2E, 0x6BAD, 0x0045, 0x1967, 0x846E, 0x7C4E, 0x7C0E, 0x7C2E, 0x7C2E, 0x7C0E, 0x7C0E,
  0x7C0E, 0x7C0E, 0x7C0D, 0x7C0E, 0x7C0D, 0x7C0D, 0x7C0D, 0x740D, 0x740D, 0x740D, 0x7C0D, 0x740D,
  0x740D, 0x7C0D, 0x7C0D, 0x7C0D, 0x740D, 0x7C0D, 0x7C0D, 0x7C0E, 0x7C0E, 0x7C0E, 0x7C0E, 0x7C0E,
  0x7C0E, 0x7C0D, 0x7C0D, 0x7C0D, 0x7C0D, 0x7C0D, 0x7C0D, 0x7C0D, 0x7C0D, 0x740D, 0x7C0D, 0x7C0D,
  0x7C0D, 0x7C0D, 0x7C0D, 0x7C0E, 0x7C0E, 0x7C0E, 0x7C2E, 0x7C2E, 0x846E, 0x638C, 0x0085, 0x0085,
  0x0085, 0x0085, 0x0085, 0x00A5, 0x0085, 0x0085, 0x0085, 0x0085, 0x0085, 0x0085, 0x0085, 0x0085,
  0x0085, 0x0085, 0x0085, 0x0085, 0x0085, 0x0085, 0x0085, 0x0085, 0x0085, 0x0085, 0x0085, 0x0085,
  0x0085, 0x0085, 0x0085, 0x0085, 0x0085, 0x0085, 0x0085, 0x0085, 0x0085, 0x0085, 0x0085, 0x0085,
  0x0085, 0x0085, 0x0085, 0x0085, 0x0085, 0x0085, 0x0085, 0x0085, 0x0085, 0x0085, 0x0085, 0x0085,
  0x0085, 0x0085, 0x0085, 0x0085, 0x0085, 0x0085, 0x0085, 0x0085, 0x0085, 0x0085, 0x0085, 0x0084,
  0x0084, 0x0085, 0x0085, 0x0085, 0x0085, 0x0085, 0x0085, 0x0085, 0x0085, 0x0085, 0x0085, 0x0085,
  0x0085, 0x0085, 0x0085, 0x0085, 0x0085, 0x0085, 0x0085, 0x0085, 0x0085, 0x0085, 0x0085, 0x0085,
  0x0085, 0x0085, 0x0085, 0x0085, 0x0085, 0x0085, 0x0085, 0x0085, 0x0085, 0x0085, 0x0085, 0x0085,
  0x0085, 0x0085, 0x0085, 0x0085, 0x0085, 0x0085, 0x0085, 0x0085, 0x0085, 0x0085, 0x0085, 0x0085,
  0x0085, 0x0085, 0x0085, 0x0085, 0x0085, 0x0085, 0x0064, 0x08C5, 0x530B, 0x636C, 0x0085, 0x4AEB,
  0x848F, 0x7C2E, 0x7C0D, 0x7C0D, 0x7C0D, 0x7C0E, 0x7C0D, 0x7C0D, 0x844E, 0x426A, 0x0003, 0x0064,
  0x0084, 0x0085, 0x0064, 0x0064, 0x0085, 0x0085, 0x0085, 0x0084, 0x0084, 0x6BCD, 0x73CD, 0x0084,
  0x0085, 0x0085, 0x0085, 0x0085, 0x0085, 0x0085, 0x0085, 0x0085, 0x0085, 0x0085, 0x0085, 0x0085,
  0x0085, 0x0085, 0x0085, 0x0085, 0x0085, 0x0085, 0x0085, 0x0085, 0x0085, 0x0085, 0x0085, 0x0085,
  0x0085, 0x0085, 0x0085, 0x0085, 0x0085, 0x0085, 0x0085, 0x0085, 0x0085, 0x0085, 0x0085, 0x0085,
  0x0085, 0x0085, 0x0085, 0x0085, 0x0085, 0x0085, 0x0085, 0x0085, 0x0085, 0x0085, 0x0085, 0x0085,
  0x0085, 0x0085, 0x10E5, 0x0064, 0x10E5, 0x530B, 0x7C0E, 0x7C2E, 0x740D, 0x7C0D, 0x7C0D, 0x740D,
  0x740D, 0x740D, 0x7C0D, 0x7C0D, 0x7C0D, 0x740D, 0x740D, 0x740D, 0x740D, 0x7C0D, 0x740D, 0x740D,
  0x7C0D, 0x7C0D, 0x740D, 0x7C0D, 0x7C0E, 0x7C0E, 0x7C0E, 0x7C0D, 0x7C0D, 0x7C0D, 0x7C0E, 0x7C0E,
  0x7C0E, 0x7C0E, 0x7C2E, 0x6BCD, 0x29C8, 0x4ACA, 0x846E, 0x7C0D, 0x7C0D, 0x7C0D, 0x7C0D, 0x7C0D,
  0x7C0D, 0x7C0E, 0x844E, 0x3A49, 0x0003, 0x2166, 0x636C, 0x7C2E, 0x638C, 0x740E, 0x846E, 0x7C2E,
  0x7C2E, 0x7C2E, 0x7C2E, 0x7C2E, 0x7C2E, 0x7C0D, 0x7C0D, 0x740D, 0x740D, 0x740D, 0x740D, 0x7C0D,
  0x7C0D, 0x740D, 0x7C0D, 0x7C0D, 0x7C0D, 0x7C0D, 0x7C0D, 0x7C0D, 0x7C0D, 0x7C0D, 0x7C0E, 0x7C0E,
  0x7C0D, 0x7C0D, 0x7C0E, 0x7C0D, 0x7C0D, 0x7C0D, 0x7C0D, 0x7C0D, 0x7C0D, 0x7C0D, 0x7C0D, 0x7C0D,
  0x7C0D, 0x7C0D, 0x7C0E, 0x7C0D, 0x7C0E, 0x7C0E, 0x7C2E, 0x844E, 0x6BCD, 0x08E6, 0x0064, 0x0085,
  0x0085, 0x0085, 0x0085, 0x00A5, 0x0085, 0x0084, 0x0085, 0x0085, 0x0085, 0x0085, 0x0085, 0x0085,
  0x0085, 0x0085, 0x0085, 0x0085, 0x0085, 0x0085, 0x0085, 0x0085, 0x0085, 0x0085, 0x0085, 0x0085,
  0x0085, 0x0085, 0x0085, 0x0085, 0x0085, 0x0085, 0x0085, 0x0085, 0x0085, 0x0085, 0x0085, 0x0085,
  0x0085, 0x0085, 0x0085, 0x0085, 0x0085, 0x0085, 0x0085, 0x0085, 0x0085, 0x0085, 0x0085, 0x0085,
  0x0085, 0x0085, 0x0085, 0x0085, 0x0085, 0x0085, 0x0085, 0x0085, 0x0085, 0x0085, 0x0085, 0x0084,
  0x0084, 0x0085, 0x0085, 0x0085, 0x0085, 0x0085, 0x0085, 0x0085, 0x0085, 0x0085, 0x0085, 0x0085,
  0x0085, 0x0085, 0x0085, 0x0085, 0x0085, 0x0085, 0x0085, 0x0085, 0x0085, 0x0085, 0x0085, 0x0085,
  0x0085, 0x0085, 0x0085, 0x0085, 0x0085, 0x0085, 0x0085, 0x0085, 0x0085, 0x0085, 0x0085, 0x0085,
  0x0085, 0x0085, 0x0085, 0x0085, 0x0085, 0x0085, 0x0085, 0x0085, 0x0085, 0x0085, 0x0085, 0x0085,
  0x0085, 0x0085, 0x0085, 0x0085, 0x0085, 0x0085, 0x0085, 0x0085, 0x0024, 0x42AA, 0x426A, 0x0044,
  0x5B2B, 0x844E, 0x7C0E, 0x7C0E, 0x7C2E, 0x7C2E, 0x7C0E, 0x7C0E, 0x844E, 0x4269, 0x0044, 0x0085,
  0x0085, 0x0085, 0x0085, 0x0085, 0x0085, 0x0085, 0x0085, 0x0085, 0x0064, 0x2187, 0x5B4B, 0x0084,
  0x08C5, 0x08C5, 0x0085, 0x0085, 0x0085, 0x0085, 0x0085, 0x0085, 0x0085, 0x0085, 0x0085, 0x0085,
  0x0085, 0x0085, 0x0085, 0x0085, 0x0085, 0x0085, 0x0085, 0x0085, 0x0085, 0x0085, 0x0085, 0x0085,
  0x0085, 0x0085, 0x0085, 0x0085, 0x0085, 0x0085, 0x0085, 0x0085, 0x0085, 0x0085, 0x0085, 0x0085,
  0x0085, 0x0085, 0x0085, 0x0085, 0x0085, 0x0085, 0x0085, 0x0085, 0x0085, 0x0085, 0x0085, 0x0085,
  0x0085, 0x0085, 0x0064, 0x08A5, 0x634C, 0x846E, 0x7C0D, 0x740D, 0x7C0D, 0x7C0D, 0x7C0D, 0x7C0D,
  0x7C0D, 0x7C0D, 0x740D, 0x740D, 0x7C0D, 0x7C0D, 0x740D, 0x740D, 0x740D, 0x7C0D, 0x7C0D, 0x7C0D,
  0x7C0D, 0x7C0D, 0x7C0D, 0x7C0D, 0x7C0E, 0x7C0E, 0x7C0E, 0x7C0D, 0x7C0D, 0x7C0D, 0x7C0E, 0x7C0E,
  0x7C0E, 0x7C0E, 0x7C0E, 0x846E, 0x3209, 0x0024, 0x638C, 0x844E, 0x7C0D, 0x7C0D, 0x7C0E, 0x7C0E,
  0x7C0D, 0x740D, 0x740D, 0x7C2E, 0x31E8, 0x0085, 0x0064, 0x1126, 0x1967, 0x3A4A, 0x73ED, 0x73ED,
  0x7C2E, 0x7C2E, 0x7C0E, 0x73CD, 0x7C0E, 0x7C2E, 0x7C0E, 0x7C0D, 0x740D, 0x7C0D, 0x7C0D, 0x740D,
  0x740D, 0x740D, 0x7C0D, 0x7C0D, 0x7C0D, 0x7C0D, 0x7C0D, 0x7C0E, 0x7C0D, 0x7C0E, 0x7C2E, 0x7C2E,
  0x7C0E, 0x7C0D, 0x7C0D, 0x7C0D, 0x7C0D, 0x7C0D, 0x7C0D, 0x7C0D, 0x7C0D, 0x7C0D, 0x7C0D, 0x7C0D,
  0x7C0D, 0x7C0D, 0x7C0D, 0x7C0E, 0x7C0E, 0x7C0E, 0x7C2E, 0x846F, 0x2167, 0x0024, 0x00A5, 0x0085,
  0x0085, 0x0085, 0x00A5, 0x0085, 0x0085, 0x0085, 0x0085, 0x0085, 0x0085, 0x0085, 0x0085, 0x0085,
  0x0085, 0x0085, 0x0085, 0x0085, 0x0085, 0x0085, 0x0085, 0x0085, 0x0085, 0x0085, 0x0085, 0x0085,
  0x0085, 0x0085, 0x0085, 0x0085, 0x0085, 0x0085, 0x0085, 0x0085, 0x0085, 0x0085, 0x0085, 0x0085,
  0x0085, 0x0085, 0x0085, 0x0085, 0x0085, 0x0085, 0x0085, 0x0085, 0x0085, 0x0085, 0x0085, 0x0085,
  0x0085, 0x0085, 0x0085, 0x0085, 0x0085, 0x0085, 0x0085, 0x0085, 0x0085, 0x0085, 0x0085, 0x0084,
  0x0084, 0x0085, 0x0085, 0x0085, 0x0085, 0x0085, 0x0085, 0x0085, 0x0085, 0x0085, 0x0085, 0x0085,
  0x0085, 0x0085, 0x0085, 0x0085, 0x0085, 0x0085, 0x0085, 0x0085, 0x0085, 0x0085, 0x0085, 0x0085,
  0x0085, 0x0085, 0x0085, 0x0085, 0x0085, 0x0085, 0x0085, 0x0085, 0x0085, 0x0085, 0x0085, 0x0085,
  0x0085, 0x0085, 0x0085, 0x0085, 0x0085, 0x0085, 0x0085, 0x0085, 0x0085, 0x0085, 0x0085, 0x0085,
  0x0085, 0x0085, 0x0085, 0x0085, 0x0085, 0x0085, 0x0085, 0x0085, 0x0064, 0x08C5, 0x4AAA, 0x2187,
  0x0023, 0x428A, 0x846F, 0x7C2E, 0x7C2E, 0x7C0D, 0x740D, 0x7C0E, 0x7C2E, 0x1967, 0x0064, 0x0084,
  0x0085, 0x0085, 0x0085, 0x0085, 0x0085, 0x0085, 0x00A5, 0x0064, 0x0064, 0x0064, 0x0064, 0x0065,
  0x1967, 0x00A5, 0x0085, 0x0085, 0x0085, 0x0085, 0x0085, 0x0085, 0x0085, 0x0085, 0x0085, 0x0085,
  0x0085, 0x0085, 0x0085, 0x0085, 0x0085, 0x0085, 0x0085, 0x0085, 0x0085, 0x0085, 0x0085, 0x0085,
  0x0085, 0x0085, 0x0085, 0x0085, 0x0085, 0x0085, 0x0085, 0x0085, 0x0085, 0x0085, 0x0085, 0x0085,
  0x0085, 0x0085, 0x0085, 0x0085, 0x0085, 0x0085, 0x0085, 0x0085, 0x0085, 0x0085, 0x0084, 0x0085,
  0x0085, 0x0084, 0x0044, 0x3A49, 0x846E, 0x740D, 0x7C0D, 0x7C0D, 0x7C0D, 0x7C0D, 0x7C0D, 0x7C0D,
  0x7C0D, 0x7C0D, 0x740D, 0x740D, 0x7C0D, 0x740D, 0x7C0D, 0x740D, 0x7C0D, 0x740D, 0x7C0D, 0x7C0D,
  0x740D, 0x7C0D, 0x7C0D, 0x7C0D, 0x7C0E, 0x7C0E, 0x7C0D, 0x7C0E, 0x7C0E, 0x7C0E, 0x7C0E, 0x7C0E,
  0x7C0E, 0x7C0E, 0x7C2E, 0x7C2E, 0x73ED, 0x0885, 0x1905, 0x7C2E, 0x7C2E, 0x7C0D, 0x7C0D, 0x7C0E,
  0x740D, 0x740D, 0x7C0D, 0x7C2E, 0x7C2E, 0x29E8, 0x0885, 0x29C8, 0x6BAD, 0x08C5, 0x0044, 0x08C5,
  0x1946, 0x1947, 0x1126, 0x08A5, 0x31E8, 0x846E, 0x7C2E, 0x7C0E, 0x7C0D, 0x7C0D, 0x7C0D, 0x740D,
  0x740D, 0x7C0D, 0x7C0D, 0x7C0D, 0x7C0D, 0x7C0D, 0x7C0D, 0x7C0E, 0x7C0E, 0x7C0E, 0x7C2E, 0x7C2E,
  0x7C0E, 0x7C0E, 0x7C0E, 0x7C0D, 0x7C0D, 0x7C0D, 0x7C0D, 0x7C0D, 0x7C0D, 0x7C0D, 0x7C0D, 0x7C0E,
  0x7C0D, 0x7C0D, 0x7C0D, 0x7C2E, 0x7C4E, 0x846E, 0x7C4E, 0x29C8, 0x08C5, 0x5B2B, 0x08C5, 0x0084,
  0x0085, 0x0085, 0x0085, 0x0085, 0x0085, 0x0085, 0x0085, 0x0085, 0x0085, 0x0085, 0x0085, 0x0085,
  0x0085, 0x0085, 0x0085, 0x0085, 0x0085, 0x0085, 0x0085, 0x0085, 0x0085, 0x0085, 0x0085, 0x0085,
  0x0085, 0x0085, 0x0085, 0x0085, 0x0085, 0x0085, 0x0085, 0x0085, 0x0085, 0x0085, 0x0085, 0x0085,
  0x0085, 0x0085, 0x0085, 0x0085, 0x0085, 0x0085, 0x0085, 0x0085, 0x0085, 0x0085, 0x0085, 0x0085,
  0x0085, 0x0085, 0x0085, 0x0085, 0x0085, 0x0085, 0x0085, 0x0085, 0x0085, 0x0085, 0x0085, 0x0084,
  0x0084, 0x0085, 0x0085, 0x0085, 0x0085, 0x0085, 0x0085, 0x0085, 0x0085, 0x0085, 0x0085, 0x0085,
  0x0085, 0x0085, 0x0085, 0x0085, 0x0085, 0x0085, 0x0085, 0x0085, 0x0085, 0x0085, 0x0085, 0x0085,
  0x0085, 0x0085, 0x0085, 0x0085, 0x0085, 0x0085, 0x0085, 0x0085, 0x0085, 0x0085, 0x0085, 0x0085,
  0x0085, 0x0085, 0x0085, 0x0085, 0x0085, 0x0085, 0x0085, 0x0085, 0x0085, 0x0085, 0x0085, 0x0085,
  0x0085, 0x0085, 0x0085, 0x0085, 0x0085, 0x0085, 0x0085, 0x0085, 0x0085, 0x0064, 0x0085, 0x2167,
  0x0064, 0x0064, 0x4AAA, 0x844E, 0x7C0E, 0x7C0D, 0x740D, 0x7C0D, 0x740D, 0x1106, 0x0064, 0x0085,
  0x0085, 0x0085, 0x0085, 0x0044, 0x0044, 0x0064, 0x0064, 0x1106, 0x31E8, 0x3A49, 0x4AAA, 0x29C8,
  0x08A5, 0x0024, 0x0084, 0x00A5, 0x0085, 0x0085, 0x0085, 0x0085, 0x0085, 0x0085, 0x0085, 0x0085,
  0x0085, 0x0085, 0x0085, 0x0085, 0x0085, 0x0085, 0x0085, 0x0085, 0x0085, 0x0085, 0x0085, 0x0085,
  0x0085, 0x0085, 0x0085, 0x0085, 0x0085, 0x0085, 0x0085, 0x0085, 0x0085, 0x0085, 0x0085, 0x0085,
  0x0085, 0x0085, 0x0085, 0x0085, 0x0085, 0x0085, 0x0085, 0x0085, 0x0085, 0x0085, 0x0085, 0x0085,
  0x0085, 0x0044, 0x1926, 0x7C2E, 0x7C2E, 0x7C0D, 0x7C0D, 0x7C0D, 0x7C0D, 0x7C0D, 0x7C0D, 0x7C0D,
  0x7C0D, 0x7C0D, 0x740D, 0x740D, 0x740D, 0x740E, 0x7C0E, 0x7C0D, 0x7C0D, 0x740D, 0x740D, 0x7C0D,
  0x7C0D, 0x7C0D, 0x7C0E, 0x7C0E, 0x7C0E, 0x7C0D, 0x7C0D, 0x7C0E, 0x7C0E, 0x7C0E, 0x7C0E, 0x7C0E,
  0x7C2E, 0x7C2E, 0x7C0E, 0x7C0D, 0x846E, 0x3A28, 0x0002, 0x29E8, 0x7C4E, 0x7C2E, 0x7C0D, 0x7C0D,
  0x7C0E, 0x7C0D, 0x7C0D, 0x740D, 0x7C2E, 0x73CD, 0x73CD, 0x7C2D, 0x7C2E, 0x6BCD, 0x4AAA, 0x00A5,
  0x0064, 0x0064, 0x0064, 0x0064, 0x0044, 0x3A29, 0x73ED, 0x740D, 0x7C2E, 0x7C0E, 0x7C0D, 0x7C0D,
  0x7C0D, 0x7C0D, 0x7C0D, 0x7C0D, 0x7C0D, 0x7C0D, 0x7C0D, 0x7C2E, 0x846E, 0x7C4E, 0x740D, 0x7C2E,
  0x7C2E, 0x7C0D, 0x7C0E, 0x7C0D, 0x7C0D, 0x7C0D, 0x7C0D, 0x740D, 0x740D, 0x7C0D, 0x7C2E, 0x844E,
  0x7C2E, 0x7C2E, 0x844E, 0x73ED, 0x6BAC, 0x5B2B, 0x1947, 0x0003, 0x3A29, 0x5B4C, 0x0044, 0x0085,
  0x0085, 0x0085, 0x0085, 0x0085, 0x0085, 0x0085, 0x0085, 0x0085, 0x0085, 0x0085, 0x0085, 0x0085,
  0x0085, 0x0085, 0x0085, 0x0085, 0x0085, 0x0085, 0x0085, 0x0085, 0x0085, 0x0085, 0x0085, 0x0085,
  0x0085, 0x0085, 0x0085, 0x0085, 0x0085, 0x0085, 0x0085, 0x0085, 0x0085, 0x0085, 0x0085, 0x0085,
  0x0085, 0x0085, 0x0085, 0x0085, 0x0085, 0x0085, 0x0085, 0x0085, 0x0085, 0x0085, 0x0085, 0x0085,
  0x0085, 0x0085, 0x0085, 0x0085, 0x0085, 0x0085, 0x0085, 0x0085, 0x0085, 0x0085, 0x0085, 0x0084,
  0x0084, 0x0085, 0x0085, 0x0085, 0x0085, 0x0085, 0x0085, 0x0085, 0x0085, 0x0085, 0x0085, 0x0085,
  0x0085, 0x0085, 0x0085, 0x0085, 0x0085, 0x0085, 0x0085, 0x0085, 0x0085, 0x0085, 0x0085, 0x0085,
  0x0085, 0x0085, 0x0085, 0x0085, 0x0085, 0x0085, 0x0085, 0x0085, 0x0085, 0x0085, 0x0085, 0x0085,
  0x0085, 0x0085, 0x0085, 0x0085, 0x0085, 0x0085, 0x0085, 0x0085, 0x0085, 0x0085, 0x0085, 0x0085,
  0x0085, 0x0085, 0x0085, 0x0085, 0x0085, 0x0085, 0x0085, 0x0085, 0x0085, 0x0085, 0x0085, 0x0064,
  0x0085, 0x0064, 0x08C5, 0x740D, 0x7C2E, 0x7C0E, 0x7C0D, 0x7C0D, 0x7C2E, 0x29A7, 0x0023, 0x0084,
  0x0084, 0x0084, 0x0085, 0x29C8, 0x4AAA, 0x29A8, 0x0044, 0x1106, 0x1967, 0x0906, 0x29A8, 0x4289,
  0x5B2B, 0x3A08, 0x1106, 0x08A5, 0x0085, 0x0064, 0x0064, 0x0085, 0x0085, 0x0085, 0x0085, 0x0085,
  0x0085, 0x0085, 0x0085, 0x0085, 0x0085, 0x0085, 0x0085, 0x0085, 0x0085, 0x0085, 0x0085, 0x0085,
  0x0085, 0x0085, 0x0085, 0x0085, 0x0085, 0x0085, 0x0085, 0x0085, 0x0085, 0x0085, 0x0085, 0x0085,
  0x0085, 0x0085, 0x0085, 0x0085, 0x0085, 0x0085, 0x0085, 0x0085, 0x0085, 0x0085, 0x0085, 0x0085,
  0x0084, 0x0084, 0x636C, 0x7C4E, 0x740D, 0x7C0D, 0x7C0D, 0x7C0D, 0x7C0D, 0x7C0E, 0x7C0D, 0x7C0D,
  0x7C0E, 0x7C0D, 0x7C0D, 0x7C0E, 0x740D, 0x740D, 0x7C0D, 0x7C0D, 0x740D, 0x740D, 0x740D, 0x740D,
  0x7C0E, 0x7C0D, 0x7C0E, 0x7C0E, 0x7C0E, 0x7C0E, 0x7C0D, 0x7C0E, 0x7C0E, 0x7C0E, 0x7C2E, 0x7C2E,
  0x7C0E, 0x7C0E, 0x7C0E, 0x7C0E, 0x7C2E, 0x7C2E, 0x29A8, 0x0065, 0x73ED, 0x7C4E, 0x740D, 0x7C0D,
  0x7C0D, 0x7C0E, 0x7C0D, 0x740D, 0x740D, 0x7C2E, 0x7C2E, 0x7C0D, 0x740D, 0x844E, 0x8C8F, 0x2167,
  0x0064, 0x0085, 0x0085, 0x0085, 0x0085, 0x0044, 0x4ACA, 0x846E, 0x5B4B, 0x73ED, 0x7C0D, 0x7C0D,
  0x7C0D, 0x7C0D, 0x7C0D, 0x7C0D, 0x7C0D, 0x7C0E, 0x7C4E, 0x6BAD, 0x52CA, 0x3A49, 0x2187, 0x7C2E,
  0x7C2E, 0x7C2E, 0x7C0E, 0x7C0D, 0x7C0D, 0x740D, 0x740D, 0x740D, 0x740D, 0x7C2E, 0x7C2E, 0x5B0B,
  0x6B8C, 0x6BAD, 0x4AAA, 0x1946, 0x0084, 0x0064, 0x0064, 0x0085, 0x08E5, 0x08C5, 0x0064, 0x0085,
  0x0085, 0x0085, 0x0085, 0x0085, 0x0085, 0x0085, 0x0085, 0x0085, 0x0085, 0x0085, 0x0085, 0x0085,
  0x0085, 0x0085, 0x0085, 0x0085, 0x0085, 0x0085, 0x0085, 0x0085, 0x0085, 0x0085, 0x0085, 0x0085,
  0x0085, 0x0085, 0x0085, 0x0085, 0x0085, 0x0085, 0x0085, 0x0085, 0x0085, 0x0085, 0x0085, 0x0085,
  0x0085, 0x0085, 0x0085, 0x0085, 0x0085, 0x0085, 0x0085, 0x0085, 0x0085, 0x0085, 0x0085, 0x0085,
  0x0085, 0x0085, 0x0085, 0x0085, 0x0085, 0x0085, 0x0085, 0x0085, 0x0085, 0x0085, 0x0085, 0x0084,
  0x0084, 0x0085, 0x0085, 0x0085, 0x0085, 0x0085, 0x0085, 0x0085, 0x0085, 0x0085, 0x0085, 0x0085,
  0x0085, 0x0085, 0x0085, 0x0085, 0x0085, 0x0085, 0x0085, 0x0085, 0x0085, 0x0085, 0x0085, 0x0085,
  0x0085, 0x0085, 0x0085, 0x0085, 0x0085, 0x0085, 0x0085, 0x0085, 0x0085, 0x0085, 0x0085, 0x0085,
  0x0085, 0x0085, 0x0085, 0x0085, 0x0085, 0x0085, 0x0085, 0x0085, 0x0085, 0x0085, 0x0085, 0x0085,
  0x0085, 0x0085, 0x0085, 0x0085, 0x0085, 0x0085, 0x0085, 0x0085, 0x0085, 0x0085, 0x0085, 0x0085,
  0x0085, 0x0064, 0x10E5, 0x73ED, 0x846E, 0x7C2E, 0x7C0D, 0x740D, 0x7C2E, 0x6BAD, 0x08A5, 0x0044,
  0x0044, 0x0003, 0x21A7, 0x848F, 0x8C8F, 0x29C8, 0x0065, 0x0085, 0x0064, 0x0084, 0x0044, 0x0024,
  0x2167, 0x5B0B, 0x3A49, 0x08A5, 0x29A7, 0x29C8, 0x1926, 0x0064, 0x0064, 0x0064, 0x0085, 0x0085,
  0x0085, 0x0085, 0x0085, 0x0085, 0x0085, 0x0085, 0x0085, 0x0085, 0x0085, 0x0085, 0x0085, 0x0085,
  0x0085, 0x0085, 0x0085, 0x0085, 0x0085, 0x0085, 0x0085, 0x0085, 0x0085, 0x0085, 0x0085, 0x0085,
  0x0085, 0x0085, 0x0085, 0x0085, 0x0085, 0x0085, 0x0085, 0x0085, 0x0085, 0x0085, 0x0085, 0x0085,
  0x0064, 0x08C5, 0x6B8C, 0x7C2E, 0x740D, 0x740D, 0x7C0D, 0x7C0E, 0x7C0D, 0x7C0E, 0x7C0E, 0x7C0E,
  0x7C0D, 0x7C0E, 0x7C0D, 0x740D, 0x740D, 0x740D, 0x7C0D, 0x740D, 0x740D, 0x7C0E, 0x7C0D, 0x7C0D,
  0x7C0D, 0x7C0D, 0x7C0D, 0x7C0E, 0x7C0E, 0x7C0E, 0x7C0E, 0x7C2E, 0x7C0E, 0x7C0E, 0x7C2E, 0x7C2E,
  0x7C2E, 0x7C2E, 0x7C2E, 0x7C2E, 0x7C2E, 0x8C8F, 0x4ACB, 0x0003, 0x3A49, 0x7C2D, 0x7C0D, 0x7C0D,
  0x7C0D, 0x7C0D, 0x740D, 0x740D, 0x740D, 0x740D, 0x7C0D, 0x7C0D, 0x7C2E, 0x7C4E, 0x3209, 0x0065,
  0x0085, 0x0085, 0x0085, 0x0085, 0x0085, 0x0064, 0x08C5, 0x29C7, 0x29A8, 0x7C2E, 0x7C0D, 0x740D,
  0x7C0D, 0x7C0D, 0x7C0E, 0x7C0D, 0x7C0D, 0x7C4E, 0x7C0E, 0x1967, 0x0003, 0x0044, 0x0044, 0x426A,
  0x844E, 0x7C2E, 0x7C0E, 0x7C0D, 0x740D, 0x740D, 0x740D, 0x740D, 0x7C2E, 0x740E, 0x29A8, 0x0024,
  0x31E8, 0x29C8, 0x0003, 0x0064, 0x0085, 0x0085, 0x0084, 0x0084, 0x0064, 0x0044, 0x0085, 0x0085,
  0x0085, 0x0085, 0x0085, 0x0085, 0x0085, 0x0085, 0x0085, 0x0085, 0x0085, 0x0085, 0x0085, 0x0085,
  0x0085, 0x0085, 0x0085, 0x0085, 0x0085, 0x0085, 0x0085, 0x0085, 0x0085, 0x0085, 0x0085, 0x0085,
  0x0085, 0x0085, 0x0085, 0x0085, 0x0085, 0x0085, 0x0085, 0x0085, 0x0085, 0x0085, 0x0085, 0x0085,
  0x0085, 0x0085, 0x0085, 0x0085, 0x0085, 0x0085, 0x0085, 0x0085, 0x0085, 0x0085, 0x0085, 0x0085,
  0x0085, 0x0085, 0x0085, 0x0085, 0x0085, 0x0085, 0x0085, 0x0085, 0x0085, 0x0085, 0x0085, 0x0084,
  0x0084, 0x0085, 0x0085, 0x0085, 0x0085, 0x0085, 0x0085, 0x0085, 0x0085, 0x0085, 0x0085, 0x0085,
  0x0085, 0x0085, 0x0085, 0x0085, 0x0085, 0x0085, 0x0085, 0x0085, 0x0085, 0x0085, 0x0085, 0x0085,
  0x0085, 0x0085, 0x0085, 0x0085, 0x0085, 0x0085, 0x0085, 0x0085, 0x0085, 0x0085, 0x0085, 0x0085,
  0x0085, 0x0085, 0x0085, 0x0085, 0x0085, 0x0085, 0x0085, 0x0085, 0x0085, 0x0085, 0x0085, 0x0085,
  0x0085, 0x0085, 0x0085, 0x0085, 0x0085, 0x0085, 0x0085, 0x0085, 0x0085, 0x0085, 0x0085, 0x0085,
  0x0085, 0x0085, 0x0064, 0x10E5, 0x52EA, 0x7C0E, 0x846E, 0x7C2E, 0x7C0D, 0x844E, 0x5B4B, 0x2166,
  0x2187, 0x3A08, 0x6B8C, 0x846E, 0x6BAD, 0x0085, 0x0084, 0x0085, 0x0085, 0x0085, 0x0085, 0x0084,
  0x2146, 0x08C5, 0x0065, 0x2167, 0x634C, 0x844E, 0x5B2B, 0x2166, 0x10C5, 0x1946, 0x0085, 0x0085,
  0x0085, 0x0085, 0x0085, 0x0085, 0x0085, 0x0085, 0x0085, 0x0085, 0x0085, 0x0085, 0x0085, 0x0085,
  0x0085, 0x0085, 0x0085, 0x0085, 0x0085, 0x0085, 0x0085, 0x0085, 0x0085, 0x0085, 0x0085, 0x0085,
  0x0085, 0x0085, 0x0085, 0x0085, 0x0085, 0x0085, 0x0085, 0x0085, 0x0085, 0x0085, 0x0085, 0x0085,
  0x0085, 0x0044, 0x3A29, 0x844E, 0x7C0D, 0x7C0D, 0x7C0D, 0x7C0D, 0x7C0D, 0x7C0D, 0x7C0E, 0x7C0D,
  0x7C0D, 0x7C0D, 0x7C0D, 0x7C0D, 0x7C0D, 0x7C0D, 0x7C0D, 0x7C0D, 0x7C0E, 0x740D, 0x7C0E, 0x7C0D,
  0x7C0D, 0x740D, 0x7C0D, 0x7C0E, 0x7C0E, 0x7C0E, 0x7C0E, 0x7C0E, 0x7C0E, 0x7C2E, 0x7C2E, 0x7C0E,
  0x7C2E, 0x7C2E, 0x7C2E, 0x7C2E, 0x7C0E, 0x844E, 0x5B2B, 0x0043, 0x0003, 0x428A, 0x8C8F, 0x7C0E,
  0x7C0D, 0x7C0D, 0x740D, 0x740D, 0x740D, 0x740D, 0x7C0E, 0x7C2E, 0x846F, 0x4ACA, 0x0044, 0x0085,
  0x0085, 0x0085, 0x0085, 0x0085, 0x0085, 0x0085, 0x0084, 0x0024, 0x1926, 0x7C2E, 0x7C0D, 0x740D,
  0x7C0D, 0x7C0D, 0x7C0D, 0x7C0E, 0x846E, 0x636C, 0x10E6, 0x0064, 0x0085, 0x0085, 0x0085, 0x0044,
  0x4AAA, 0x7C4E, 0x7C2E, 0x7C0D, 0x7C0D, 0x7C0D, 0x740D, 0x740D, 0x7C4E, 0x4AAA, 0x0003, 0x08E5,
  0x6BCD, 0x29A8, 0x0064, 0x0085, 0x0085, 0x0085, 0x0084, 0x0084, 0x00A5, 0x1926, 0x00A5, 0x0084,
  0x0085, 0x0085, 0x0085, 0x0085, 0x0085, 0x0085, 0x0085, 0x0085, 0x0085, 0x0085, 0x0085, 0x0085,
  0x0085, 0x0085, 0x0085, 0x0085, 0x0085, 0x0085, 0x0085, 0x0085, 0x0085, 0x0085, 0x0085, 0x0085,
  0x0085, 0x0085, 0x0085, 0x0085, 0x0085, 0x0085, 0x0085, 0x0085, 0x0085, 0x0085, 0x0085, 0x0085,
  0x0085, 0x0085, 0x0085, 0x0085, 0x0085, 0x0085, 0x0085, 0x0085, 0x0085, 0x0085, 0x0085, 0x0085,
  0x0085, 0x0085, 0x0085, 0x0085, 0x0085, 0x0085, 0x0085, 0x0085, 0x0085, 0x0085, 0x0085, 0x0084,
  0x0084, 0x0085, 0x0085, 0x0085, 0x0085, 0x0085, 0x0085, 0x0085, 0x0085, 0x0085, 0x0085, 0x0085,
  0x0085, 0x0085, 0x0085, 0x0085, 0x0085, 0x0085, 0x0085, 0x0085, 0x0085, 0x0085, 0x0085, 0x0085,
  0x0085, 0x0085, 0x0085, 0x0085, 0x0085, 0x0085, 0x0085, 0x0085, 0x0085, 0x0085, 0x0085, 0x0085,
  0x0085, 0x0085, 0x0085, 0x0085, 0x0085, 0x0085, 0x0085, 0x0085, 0x0085, 0x0085, 0x0085, 0x0085,
  0x0085, 0x0085, 0x0085, 0x0085, 0x0085, 0x0085, 0x0085, 0x0085, 0x0085, 0x0085, 0x0085, 0x0085,
  0x0085, 0x0085, 0x0085, 0x0064, 0x0044, 0x10E5, 0x4269, 0x6BAC, 0x7C4E, 0x844E, 0x8C8F, 0x8C8F,
  0x846F, 0x846E, 0x7C2E, 0x846E, 0x3209, 0x0003, 0x0044, 0x0044, 0x0085, 0x0085, 0x0085, 0x0084,
  0x1926, 0x1106, 0x0085, 0x08E5, 0x08C5, 0x08E5, 0x0084, 0x00A5, 0x08E5, 0x1106, 0x0084, 0x00A5,
  0x08C5, 0x0085, 0x0085, 0x0084, 0x0085, 0x0085, 0x0085, 0x0085, 0x0085, 0x0085, 0x0085, 0x0085,
  0x0085, 0x0085, 0x0085, 0x0085, 0x0085, 0x0085, 0x0085, 0x0085, 0x0085, 0x0085, 0x0085, 0x0084,
  0x0085, 0x0085, 0x0085, 0x0085, 0x0085, 0x0085, 0x0085, 0x0085, 0x0085, 0x0085, 0x0085, 0x0085,
  0x0085, 0x0044, 0x29C8, 0x846E, 0x7C2E, 0x7C0E, 0x7C0D, 0x7C0D, 0x7C0E, 0x7C0E, 0x7C0D, 0x7C0D,
  0x7C0D, 0x7C0D, 0x7C0E, 0x7C0E, 0x7C0E, 0x740E, 0x7C0D, 0x740D, 0x7C0D, 0x740D, 0x7C0D, 0x7C0D,
  0x7C0D, 0x7C0D, 0x7C0D, 0x7C0E, 0x7C0D, 0x7C0E, 0x7C2E, 0x7C0E, 0x7C2E, 0x7C2E, 0x7C2E, 0x7C2E,
  0x7C0E, 0x7C2E, 0x7C2E, 0x7C0E, 0x7C0E, 0x740D, 0x7C2E, 0x4ACA, 0x0044, 0x08C5, 0x636C, 0x7C4E,
  0x7C0E, 0x7C0D, 0x7C0D, 0x7C0D, 0x740D, 0x7C2E, 0x844E, 0x740D, 0x3229, 0x0064, 0x0084, 0x0085,
  0x0085, 0x0085, 0x0085, 0x0085, 0x0085, 0x0085, 0x0085, 0x0064, 0x08A5, 0x6BCD, 0x7C2E, 0x7C0D,
  0x740D, 0x7C0D, 0x7C2E, 0x848F, 0x5B4C, 0x08C5, 0x0044, 0x0084, 0x0084, 0x0084, 0x0085, 0x0064,
  0x1106, 0x7C2E, 0x7C2E, 0x7C0E, 0x7C0D, 0x7C0D, 0x740D, 0x740D, 0x7C0D, 0x7C0E, 0x29A7, 0x0024,
  0x08C5, 0x0085, 0x0085, 0x0085, 0x0085, 0x0085, 0x0085, 0x0064, 0x1946, 0x8C8F, 0x29C8, 0x0044,
  0x0085, 0x0085, 0x0085, 0x0085, 0x0085, 0x0085, 0x0085, 0x0085, 0x0085, 0x0085, 0x0085, 0x0085,
  0x0085, 0x0085, 0x0085, 0x0085, 0x0085, 0x0085, 0x0085, 0x0085, 0x0085, 0x0085, 0x0085, 0x0085,
  0x0085, 0x0085, 0x0085, 0x0085, 0x0085, 0x0085, 0x0085, 0x0085, 0x0085, 0x0085, 0x0085, 0x0085,
  0x0085, 0x0085, 0x0085, 0x0085, 0x0085, 0x0085, 0x0085, 0x0085, 0x0085, 0x0085, 0x0085, 0x0085,
  0x0085, 0x0085, 0x0085, 0x0085, 0x0085, 0x0085, 0x0085, 0x0085, 0x0085, 0x0085, 0x0085, 0x0084,
  0x0084, 0x0085, 0x0085, 0x0085, 0x0085, 0x0085, 0x0085, 0x0085, 0x0085, 0x0085, 0x0085, 0x0085,
  0x0085, 0x0085, 0x0085, 0x0085, 0x0085, 0x0085, 0x0085, 0x0085, 0x0085, 0x0085, 0x0085, 0x0085,
  0x0085, 0x0085, 0x0085, 0x0085, 0x0085, 0x0085, 0x0085, 0x0085, 0x0085, 0x0085, 0x0085, 0x0085,
  0x0085, 0x0085, 0x0085, 0x0085, 0x0085, 0x0085, 0x0085, 0x0085, 0x0085, 0x0085, 0x0085, 0x0085,
  0x0085, 0x0085, 0x0085, 0x0085, 0x0085, 0x0085, 0x0085, 0x0085, 0x0085, 0x0085, 0x0085, 0x0085,
  0x0085, 0x0085, 0x0085, 0x0085, 0x0085, 0x0064, 0x0044, 0x0085, 0x2187, 0x4ACA, 0x4AAA, 0x31E8,
  0x638D, 0x846F, 0x7C4E, 0x7C2E, 0x3A49, 0x31E9, 0x4269, 0x29A7, 0x0085, 0x0085, 0x0085, 0x0085,
  0x0064, 0x0064, 0x0085, 0x0084, 0x0064, 0x0064, 0x0085, 0x0084, 0x0064, 0x0064, 0x0085, 0x0064,
  0x10E5, 0x10E6, 0x0064, 0x0085, 0x0084, 0x0084, 0x0085, 0x0085, 0x0085, 0x0085, 0x0085, 0x0085,
  0x0085, 0x0085, 0x0085, 0x0085, 0x0085, 0x0085, 0x0085, 0x0085, 0x0085, 0x0085, 0x0085, 0x0085,
  0x0085, 0x0085, 0x0085, 0x0085, 0x0085, 0x0085, 0x0085, 0x0085, 0x0085, 0x0085, 0x0085, 0x0085,
  0x0085, 0x0044, 0x4AAA, 0x846F, 0x7C0E, 0x7C0D, 0x7C0D, 0x7C0E, 0x7C0E, 0x7C0E, 0x7C0E, 0x7C0E,
  0x7C0E, 0x7C0E, 0x7C0E, 0x7C0E, 0x7C0D, 0x7C0D, 0x7C0D, 0x7C0D, 0x7C0E, 0x7C0D, 0x740D, 0x740D,
  0x7C0D, 0x7C0D, 0x7C0D, 0x7C0E, 0x7C0D, 0x7C0E, 0x7C0E, 0x7C0E, 0x7C0E, 0x7C2E, 0x7C2E, 0x7C0E,
  0x7C0E, 0x7C0E, 0x7C0E, 0x7C0D, 0x7C0D, 0x7C0D, 0x7C2E, 0x7C4E, 0x1106, 0x0003, 0x21A8, 0x844E,
  0x7C0D, 0x7C0D, 0x740D, 0x7C2E, 0x846F, 0x6BCD, 0x29A7, 0x08C5, 0x0044, 0x0085, 0x0085, 0x0085,
  0x0085, 0x0085, 0x0085, 0x0085, 0x0085, 0x0085, 0x0085, 0x0085, 0x0064, 0x636C, 0x844E, 0x7C0D,
  0x7C0D, 0x7C0E, 0x73CD, 0x4A89, 0x0064, 0x0064, 0x0085, 0x0085, 0x0085, 0x0085, 0x0085, 0x0064,
  0x1926, 0x6BAC, 0x29A7, 0x5B2B, 0x7C4E, 0x7C0D, 0x740D, 0x740D, 0x740D, 0x7C2E, 0x7C2E, 0x31E8,
  0x0044, 0x0084, 0x0084, 0x0084, 0x0085, 0x0085, 0x0085, 0x0064, 0x428A, 0x844F, 0x1926, 0x0064,
  0x0085, 0x0085, 0x0085, 0x0085, 0x0085, 0x0085, 0x0085, 0x0085, 0x0085, 0x0085, 0x0085, 0x0085,
  0x0085, 0x0085, 0x0085, 0x0085, 0x0085, 0x0085, 0x0085, 0x0085, 0x0085, 0x0085, 0x0085, 0x0085,
  0x0085, 0x0085, 0x0085, 0x0085, 0x0085, 0x0085, 0x0085, 0x0085, 0x0085, 0x0085, 0x0085, 0x0085,
  0x0085, 0x0085, 0x0085, 0x0085, 0x0085, 0x0085, 0x0085, 0x0085, 0x0085, 0x0085, 0x0085, 0x0085,
  0x0085, 0x0085, 0x0085, 0x0085, 0x0085, 0x0085, 0x0085, 0x0085, 0x0085, 0x0085, 0x0085, 0x0084,
  0x0084, 0x0085, 0x0085, 0x0085, 0x0085, 0x0085, 0x0085, 0x0085, 0x0085, 0x0085, 0x0085, 0x0085,
  0x0085, 0x0085, 0x0085, 0x0085, 0x0085, 0x0085, 0x0085, 0x0085, 0x0085, 0x0085, 0x0085, 0x0085,
  0x0085, 0x0085, 0x0085, 0x0085, 0x0085, 0x0085, 0x0085, 0x0085, 0x0085, 0x0085, 0x0085, 0x0085,
  0x0085, 0x0085, 0x0085, 0x0085, 0x0085, 0x0085, 0x0085, 0x0085, 0x0085, 0x0085, 0x0085, 0x0085,
  0x0085, 0x0085, 0x0085, 0x0085, 0x0085, 0x0085, 0x0085, 0x0085, 0x0085, 0x0085, 0x0085, 0x0085,
  0x0085, 0x0085, 0x0085, 0x0085, 0x0085, 0x0085, 0x0085, 0x0084, 0x0044, 0x0044, 0x0044, 0x0044,
  0x00A5, 0x4ACA, 0x7C0E, 0x846E, 0x8CAF, 0x8C8F, 0x848F, 0x848F, 0x2187, 0x0044, 0x0085, 0x0085,
  0x0085, 0x0085, 0x0085, 0x0085, 0x0084, 0x0084, 0x0085, 0x0084, 0x0085, 0x0084, 0x0084, 0x0084,
  0x0084, 0x08E5, 0x0085, 0x0085, 0x0085, 0x0085, 0x0085, 0x0085, 0x0085, 0x0085, 0x0085, 0x0085,
  0x0085, 0x0085, 0x0085, 0x0085, 0x0084, 0x0085, 0x0085, 0x0085, 0x0085, 0x0085, 0x0085, 0x0085,
  0x0085, 0x0085, 0x0085, 0x0085, 0x0085, 0x0085, 0x0085, 0x0085, 0x0085, 0x0085, 0x0085, 0x0085,
  0x0064, 0x1106, 0x73ED, 0x7C2E, 0x7C2E, 0x7C2E, 0x7C0E, 0x7C0E, 0x7C0D, 0x7C0D, 0x7C0E, 0x7C0E,
  0x7C0E, 0x7C0E, 0x7C0E, 0x7C2E, 0x7C0E, 0x7C0D, 0x7C0E, 0x7C0E, 0x7C0E, 0x7C0D, 0x7C0D, 0x7C0D,
  0x7C0D, 0x7C0E, 0x7C0D, 0x7C0E, 0x7C0E, 0x7C0E, 0x7C2E, 0x7C0E, 0x7C2E, 0x7C0E, 0x7C0E, 0x7C2E,
  0x7C0E, 0x7C0E, 0x7C0E, 0x7C0D, 0x7C0D, 0x7C0D, 0x7C0E, 0x7C2E, 0x636C, 0x1926, 0x1106, 0x7C2E,
  0x7C4E, 0x846E, 0x7C4E, 0x638C, 0x3A49, 0x1106, 0x0024, 0x0064, 0x0085, 0x0085, 0x0085, 0x0085,
  0x0085, 0x0085, 0x0085, 0x0085, 0x0085, 0x0085, 0x0085, 0x0085, 0x0065, 0x29C8, 0x844E, 0x7C0E,
  0x740D, 0x7C4E, 0x21A8, 0x0023, 0x0084, 0x0085, 0x0085, 0x0085, 0x0085, 0x0085, 0x0085, 0x0084,
  0x00A5, 0x00A5, 0x0003, 0x3A49, 0x844E, 0x7C2E, 0x7C0E, 0x7C0D, 0x7C0E, 0x740D, 0x7C2E, 0x740D,
  0x08E5, 0x0064, 0x0085, 0x0085, 0x0085, 0x0085, 0x0085, 0x0044, 0x4269, 0x634C, 0x08C5, 0x0085,
  0x0084, 0x0085, 0x0085, 0x0085, 0x0085, 0x0085, 0x0085, 0x0085, 0x0085, 0x0085, 0x0085, 0x0085,
  0x0085, 0x0085, 0x0085, 0x0085, 0x0085, 0x0085, 0x0085, 0x0085, 0x0085, 0x0085, 0x0085, 0x0085,
  0x0085, 0x0085, 0x0085, 0x0085, 0x0085, 0x0085, 0x0085, 0x0085, 0x0085, 0x0085, 0x0085, 0x0085,
  0x0085, 0x0085, 0x0085, 0x0085, 0x0085, 0x0085, 0x0085, 0x0085, 0x0085, 0x0085, 0x0085, 0x0085,
  0x0085, 0x0085, 0x0085, 0x0085, 0x0085, 0x0085, 0x0085, 0x0085, 0x0085, 0x0085, 0x0085, 0x0084,
  0x0084, 0x0085, 0x0085, 0x0085, 0x0085, 0x0085, 0x0085, 0x0085, 0x0085, 0x0085, 0x0085, 0x0085,
  0x0085, 0x0085, 0x0085, 0x0085, 0x0085, 0x0085, 0x0085, 0x0085, 0x0085, 0x0085, 0x0085, 0x0085,
  0x0085, 0x0085, 0x0085, 0x0085, 0x0085, 0x0085, 0x0085, 0x0085, 0x0085, 0x0085, 0x0085, 0x0085,
  0x0085, 0x0085, 0x0085, 0x0085, 0x0085, 0x0085, 0x0085, 0x0085, 0x0085, 0x0085, 0x0085, 0x0085,
  0x0085, 0x0085, 0x0085, 0x0085, 0x0085, 0x0085, 0x0085, 0x0085, 0x0085, 0x0085, 0x0085, 0x0085,
  0x0085, 0x0085, 0x0085, 0x0085, 0x0085, 0x0085, 0x0085, 0x0085, 0x0085, 0x0085, 0x0085, 0x0085,
  0x0064, 0x0064, 0x08E6, 0x29E8, 0x428A, 0x7C2E, 0x7C4E, 0x73ED, 0x10E5, 0x0064, 0x0085, 0x0085,
  0x0085, 0x0085, 0x0084, 0x0064, 0x0044, 0x0085, 0x0064, 0x0064, 0x0084, 0x0084, 0x0084, 0x0084,
  0x0084, 0x00A5, 0x0085, 0x0085, 0x0085, 0x0085, 0x0085, 0x0085, 0x0085, 0x0085, 0x0085, 0x0085,
  0x0085, 0x0085, 0x0085, 0x0085, 0x0085, 0x0085, 0x0085, 0x0085, 0x0085, 0x0085, 0x0085, 0x0085,
  0x0085, 0x0085, 0x0085, 0x0085, 0x0085, 0x0085, 0x0085, 0x0085, 0x0085, 0x0085, 0x0085, 0x0085,
  0x0064, 0x08E6, 0x740D, 0x7C4E, 0x7C2E, 0x7C2E, 0x7C0E, 0x7C0E, 0x7C0E, 0x7C0E, 0x7C0E, 0x7C0E,
  0x7C0E, 0x7C0E, 0x7C2E, 0x7C2E, 0x7C0E, 0x7C0E, 0x7C0E, 0x7C0E, 0x7C0E, 0x7C0D, 0x7C0D, 0x7C0E,
  0x7C0D, 0x7C0E, 0x7C0E, 0x7C0E, 0x7C0E, 0x7C0E, 0x7C0E, 0x7C0E, 0x7C2E, 0x7C0E, 0x7C0E, 0x7C0E,
  0x7C0E, 0x7C0E, 0x7C0D, 0x7C0D, 0x7C0E, 0x7C0D, 0x740D, 0x740D, 0x7C4E, 0x7C2E, 0x31E8, 0x6BAD,
  0x6BCD, 0x4ACB, 0x29A8, 0x0084, 0x0003, 0x0064, 0x00A5, 0x00A5, 0x0085, 0x0085, 0x0085, 0x0085,
  0x0085, 0x0085, 0x0085, 0x0085, 0x0085, 0x0085, 0x0085, 0x0085, 0x0085, 0x0064, 0x636C, 0x7C2E,
  0x740D, 0x846F, 0x31E9, 0x0044, 0x0085, 0x0085, 0x0085, 0x0085, 0x0085, 0x0085, 0x0085, 0x08E6,
  0x00A5, 0x0085, 0x0064, 0x1926, 0x740D, 0x530B, 0x7C2E, 0x7C4E, 0x7C0D, 0x740D, 0x740D, 0x7C2E,
  0x2187, 0x0064, 0x0085, 0x0085, 0x0085, 0x0085, 0x0084, 0x0064, 0x08A4, 0x4289, 0x29C8, 0x4249,
  0x0085, 0x0085, 0x0085, 0x0085, 0x0085, 0x0085, 0x0085, 0x0085, 0x0085, 0x0085, 0x0085, 0x0085,
  0x0085, 0x0085, 0x0085, 0x0085, 0x0085, 0x0085, 0x0085, 0x0085, 0x0085, 0x0085, 0x0085, 0x0085,
  0x0085, 0x0085, 0x0085, 0x0085, 0x0085, 0x0085, 0x0085, 0x0085, 0x0085, 0x0085, 0x0085, 0x0085,
  0x0085, 0x0085, 0x0085, 0x0085, 0x0085, 0x0085, 0x0085, 0x0085, 0x0085, 0x0085, 0x0085, 0x0085,
  0x0085, 0x0085, 0x0085, 0x0085, 0x0085, 0x0085, 0x0085, 0x0085, 0x0085, 0x0085, 0x0085, 0x0084,
  0x0084, 0x0085, 0x0085, 0x0085, 0x0085, 0x0085, 0x0085, 0x0085, 0x0085, 0x0085, 0x0085, 0x0085,
  0x0085, 0x0085, 0x0085, 0x0085, 0x0085, 0x0085, 0x0085, 0x0085, 0x0085, 0x0085, 0x0085, 0x0085,
  0x0085, 0x0085, 0x0085, 0x0085, 0x0085, 0x0085, 0x0085, 0x0085, 0x0085, 0x0085, 0x0085, 0x0085,
  0x0085, 0x0085, 0x0085, 0x0085, 0x0085, 0x0085, 0x0085, 0x0085, 0x0085, 0x0085, 0x0085, 0x0085,
  0x0085, 0x0085, 0x0085, 0x0085, 0x0085, 0x0085, 0x0085, 0x0085, 0x0085, 0x0085, 0x0085, 0x0085,
  0x0085, 0x0085, 0x0085, 0x0085, 0x0085, 0x0085, 0x0085, 0x0085, 0x0085, 0x0085, 0x0085, 0x0085,
  0x0085, 0x0085, 0x0064, 0x0044, 0x0023, 0x29C8, 0x846E, 0x6BCD, 0x0085, 0x0085, 0x0085, 0x0084,
  0x0084, 0x0084, 0x0064, 0x10E5, 0x3A49, 0x29C8, 0x31E8, 0x1106, 0x0024, 0x0044, 0x0044, 0x0064,
  0x0064, 0x00A5, 0x0085, 0x0085, 0x0085, 0x0084, 0x0084, 0x0084, 0x0085, 0x0085, 0x0085, 0x0085,
  0x0085, 0x0085, 0x0085, 0x0085, 0x0085, 0x0085, 0x0085, 0x0085, 0x0085, 0x0085, 0x0085, 0x0085,
  0x0085, 0x0085, 0x0085, 0x0085, 0x0085, 0x0085, 0x0085, 0x0085, 0x0085, 0x0085, 0x0085, 0x0085,
  0x0084, 0x0064, 0x636C, 0x848F, 0x7C2E, 0x7C2E, 0x7C0E, 0x7C0E, 0x7C0E, 0x7C0E, 0x7C0E, 0x7C0E,
  0x7C0E, 0x7C2E, 0x7C0E, 0x7C0E, 0x7C2E, 0x7C2E, 0x7C0E, 0x7C0E, 0x7C0E, 0x7C0E, 0x7C0E, 0x7C0E,
  0x7C0E, 0x7C0D, 0x7C0E, 0x7C0E, 0x7C0E, 0x7C0E, 0x7C0E, 0x7C0E, 0x7C2E, 0x7C0E, 0x7C0E, 0x7C0E,
  0x7C0E, 0x7C0E, 0x7C0E, 0x7C0E, 0x7C0D, 0x7C0D, 0x7C0D, 0x7C0E, 0x740D, 0x7C2E, 0x73ED, 0x1126,
  0x0044, 0x0004, 0x0024, 0x0084, 0x1967, 0x08A5, 0x10E5, 0x1106, 0x0064, 0x0085, 0x0085, 0x0085,
  0x0085, 0x0085, 0x0085, 0x0085, 0x0085, 0x0085, 0x0085, 0x0085, 0x0085, 0x0044, 0x3A49, 0x846E,
  0x7C2E, 0x7C4E, 0x2187, 0x0044, 0x0085, 0x0085, 0x0085, 0x0085, 0x0085, 0x0085, 0x0085, 0x2167,
  0x00A5, 0x0084, 0x0064, 0x08C5, 0x73CD, 0x1106, 0x1906, 0x6B8C, 0x846E, 0x7C0D, 0x7C4E, 0x7C4E,
  0x1946, 0x0064, 0x0085, 0x0085, 0x0084, 0x0084, 0x0085, 0x0085, 0x08E6, 0x2188, 0x1106, 0x29C8,
  0x4ACA, 0x0085, 0x0085, 0x0085, 0x0085, 0x0085, 0x0085, 0x0085, 0x0085, 0x0085, 0x0085, 0x0085,
  0x0085, 0x0085, 0x0085, 0x0085, 0x0085, 0x0085, 0x0085, 0x0085, 0x0085, 0x0085, 0x0085, 0x0085,
  0x0085, 0x0085, 0x0085, 0x0085, 0x0085, 0x0085, 0x0085, 0x0085, 0x0085, 0x0085, 0x0085, 0x0085,
  0x0085, 0x0085, 0x0085, 0x0085, 0x0085, 0x0085, 0x0085, 0x0085, 0x0085, 0x0085, 0x0085, 0x0085,
  0x0085, 0x0085, 0x0085, 0x0085, 0x0085, 0x0085, 0x0085, 0x0085, 0x0085, 0x0085, 0x0085, 0x0084,
  0x0084, 0x0085, 0x0085, 0x0085, 0x0085, 0x0085, 0x0085, 0x0085, 0x0085, 0x0085, 0x0085, 0x0085,
  0x0085, 0x0085, 0x0085, 0x0085, 0x0085, 0x0085, 0x0085, 0x0085, 0x0085, 0x0085, 0x0085, 0x0085,
  0x0085, 0x0085, 0x0085, 0x0085, 0x0085, 0x0085, 0x0085, 0x0085, 0x0085, 0x0085, 0x0085, 0x0085,
  0x0085, 0x0085, 0x0085, 0x0085, 0x0085, 0x0085, 0x0085, 0x0085, 0x0085, 0x0085, 0x0085, 0x0085,
  0x0085, 0x0085, 0x0085, 0x0085, 0x0085, 0x0085, 0x0085, 0x0085, 0x0085, 0x0085, 0x0085, 0x0085,
  0x0085, 0x0085, 0x0085, 0x0085, 0x0085, 0x0085, 0x0085, 0x0085, 0x0085, 0x0085, 0x0085, 0x0085,
  0x0085, 0x0085, 0x0085, 0x0085, 0x0085, 0x0044, 0x5B2B, 0x846F, 0x2167, 0x0003, 0x0064, 0x00A5,
  0x0044, 0x0045, 0x4ACB, 0x7C4E, 0x73ED, 0x4289, 0x846E, 0x73CD, 0x4AAA, 0x3A49, 0x31E8, 0x5B2B,
  0x3A29, 0x1906, 0x0044, 0x0084, 0x0084, 0x0085, 0x0085, 0x0085, 0x0085, 0x0085, 0x0085, 0x0085,
  0x0085, 0x0085, 0x0085, 0x0085, 0x0085, 0x0085, 0x0085, 0x0085, 0x0085, 0x0085, 0x0085, 0x0085,
  0x0085, 0x0085, 0x0085, 0x0085, 0x0085, 0x0085, 0x0085, 0x0085, 0x0085, 0x0085, 0x0085, 0x0085,
  0x0085, 0x0084, 0x08A5, 0x52EB, 0x846F, 0x7C2E, 0x7C0E, 0x7C2E, 0x7C2E, 0x7C0E, 0x7C0E, 0x7C2E,
  0x7C2E, 0x7C2E, 0x7C2E, 0x7C2E, 0x7C2E, 0x7C0E, 0x7C2E, 0x7C0E, 0x7C0E, 0x7C0E, 0x7C0E, 0x7C0E,
  0x7C0E, 0x7C0D, 0x7C0E, 0x7C0D, 0x7C0E, 0x7C0E, 0x7C0E, 0x7C0E, 0x7C0E, 0x7C0E, 0x7C0E, 0x7C0E,
  0x7C0E, 0x7C2E, 0x7C0E, 0x7C0E, 0x7C0E, 0x7C0E, 0x7C0D, 0x7C0D, 0x7C0D, 0x7C0E, 0x7C4E, 0x428A,
  0x29A7, 0x428A, 0x5B4C, 0x73CD, 0x73ED, 0x08C5, 0x0064, 0x0085, 0x0085, 0x0085, 0x0085, 0x0085,
  0x0085, 0x0085, 0x0085, 0x0085, 0x0085, 0x0085, 0x0085, 0x0085, 0x0085, 0x0085, 0x00A5, 0x6BAD,
  0x7C4E, 0x73ED, 0x00A5, 0x0064, 0x0085, 0x0085, 0x0085, 0x0085, 0x0085, 0x0085, 0x0085, 0x08A5,
  0x0085, 0x0084, 0x0064, 0x1106, 0x4AAA, 0x0065, 0x0044, 0x1126, 0x636C, 0x8C8F, 0x636C, 0x2187,
  0x0085, 0x0085, 0x0084, 0x0085, 0x0085, 0x0085, 0x0064, 0x1926, 0x1106, 0x0064, 0x52EB, 0x3A49,
  0x31E8, 0x0064, 0x0085, 0x0085, 0x0085, 0x0085, 0x0085, 0x0085, 0x0085, 0x0085, 0x0085, 0x0085,
  0x0085, 0x0085, 0x0085, 0x0085, 0x0085, 0x0085, 0x0085, 0x0085, 0x0085, 0x0085, 0x0085, 0x0085,
  0x0085, 0x0085, 0x0085, 0x0085, 0x0085, 0x0085, 0x0085, 0x0085, 0x0085, 0x0085, 0x0085, 0x0085,
  0x0085, 0x0085, 0x0085, 0x0085, 0x0085, 0x0085, 0x0085, 0x0085, 0x0085, 0x0085, 0x0085, 0x0085,
  0x0085, 0x0085, 0x0085, 0x0085, 0x0085, 0x0085, 0x0085, 0x0085, 0x0085, 0x0085, 0x0085, 0x0084,
  0x0084, 0x0085, 0x0085, 0x0085, 0x0085, 0x0085, 0x0085, 0x0085, 0x0085, 0x0085, 0x0085, 0x0085,
  0x0085, 0x0085, 0x0085, 0x0085, 0x0085, 0x0085, 0x0085, 0x0085, 0x0085, 0x0085, 0x0085, 0x0085,
  0x0085, 0x0085, 0x0085, 0x0085, 0x0085, 0x0085, 0x0085, 0x0085, 0x0085, 0x0085, 0x0085, 0x0085,
  0x0085, 0x0085, 0x0085, 0x0085, 0x0085, 0x0085, 0x0085, 0x0085, 0x0085, 0x0085, 0x0085, 0x0085,
  0x0085, 0x0085, 0x0085, 0x0085, 0x0085, 0x0085, 0x0085, 0x0085, 0x0085, 0x0085, 0x0085, 0x0085,
  0x0085, 0x0085, 0x0085, 0x0085, 0x0085, 0x0085, 0x0085, 0x0085, 0x0085, 0x0085, 0x0085, 0x0085,
  0x0085, 0x0085, 0x0085, 0x0085, 0x0085, 0x0085, 0x0084, 0x31E8, 0x638C, 0x3A28, 0x4289, 0x52EB,
  0x3209, 0x29C8, 0x7C4E, 0x844E, 0x73CD, 0x5B4C, 0x7C2E, 0x7C2E, 0x846E, 0x844E, 0x7C4E, 0x7C4E,
  0x844E, 0x4AAA, 0x08A5, 0x0064, 0x0085, 0x0085, 0x0085, 0x0085, 0x0085, 0x0084, 0x0084, 0x0085,
  0x0085, 0x0085, 0x0085, 0x0085, 0x0085, 0x0085, 0x0085, 0x0085, 0x0085, 0x0085, 0x0085, 0x0085,
  0x0084, 0x0085, 0x0085, 0x0085, 0x0085, 0x0085, 0x0085, 0x0085, 0x0085, 0x0085, 0x0085, 0x0085,
  0x0085, 0x0085, 0x0064, 0x0064, 0x52CA, 0x846F, 0x7C2E, 0x7C2E, 0x7C2E, 0x7C0E, 0x7C0E, 0x7C0E,
  0x7C2E, 0x7C0E, 0x7C2E, 0x7C2E, 0x7C0E, 0x7C0E, 0x7C2E, 0x7C0E, 0x7C2E, 0x7C0E, 0x7C0E, 0x7C0E,
  0x7C0E, 0x7C0E, 0x7C2E, 0x7C0E, 0x7C0E, 0x7C0E, 0x7C0D, 0x7C0D, 0x7C0E, 0x7C0E, 0x7C0E, 0x7C2E,
  0x7C0E, 0x7C0E, 0x7C2E, 0x7C2E, 0x7C0E, 0x7C0E, 0x7C0D, 0x7C0E, 0x7C0E, 0x7C0E, 0x7C0E, 0x7C4E,
  0x844E, 0x844E, 0x7C4E, 0x848F, 0x52EB, 0x0044, 0x0085, 0x0085, 0x0085, 0x0085, 0x0085, 0x0085,
  0x0085, 0x0085, 0x0085, 0x0085, 0x0085, 0x0085, 0x0085, 0x0085, 0x0085, 0x0085, 0x0044, 0x4AAA,
  0x8C8F, 0x31E8, 0x2187, 0x0085, 0x0084, 0x0085, 0x0085, 0x0085, 0x0085, 0x0085, 0x0085, 0x0085,
  0x0085, 0x0085, 0x0065, 0x1967, 0x638C, 0x08C5, 0x0064, 0x0044, 0x1946, 0x530B, 0x08A5, 0x0044,
  0x0084, 0x0085, 0x0085, 0x0085, 0x0085, 0x0085, 0x1106, 0x2187, 0x0084, 0x0043, 0x2187, 0x29C8,
  0x3A49, 0x2187, 0x0064, 0x0085, 0x0085, 0x0085, 0x0085, 0x0085, 0x0085, 0x0085, 0x0085, 0x0085,
  0x0085, 0x0085, 0x0085, 0x0085, 0x0085, 0x0085, 0x0085, 0x0085, 0x0085, 0x0085, 0x0085, 0x0085,
  0x0085, 0x0085, 0x0085, 0x0085, 0x0085, 0x0085, 0x0085, 0x0085, 0x0085, 0x0085, 0x0085, 0x0085,
  0x0085, 0x0085, 0x0085, 0x0085, 0x0085, 0x0085, 0x0085, 0x0085, 0x0085, 0x0085, 0x0085, 0x0085,
  0x0085, 0x0085, 0x0085, 0x0085, 0x0085, 0x0085, 0x0085, 0x0085, 0x0085, 0x0085, 0x0085, 0x0084,
  0x0084, 0x0085, 0x0085, 0x0085, 0x0085, 0x0085, 0x0085, 0x0085, 0x0085, 0x0085, 0x0085, 0x0085,
  0x0085, 0x0085, 0x0085, 0x0085, 0x0085, 0x0085, 0x0085, 0x0085, 0x0085, 0x0085, 0x0085, 0x0085,
  0x0085, 0x0085, 0x0085, 0x0085, 0x0085, 0x0085, 0x0085, 0x0085, 0x0085, 0x0085, 0x0085, 0x0085,
  0x0085, 0x0085, 0x0085, 0x0085, 0x0085, 0x0085, 0x0085, 0x0085, 0x0085, 0x0085, 0x0085, 0x0085,
  0x0085, 0x0085, 0x0085, 0x0085, 0x0085, 0x0085, 0x0085, 0x0085, 0x0085, 0x0085, 0x0085, 0x0085,
  0x0085, 0x0085, 0x0085, 0x0085, 0x0085, 0x0085, 0x0085, 0x0085, 0x0085, 0x0085, 0x0085, 0x0085,
  0x0085, 0x0085, 0x0085, 0x0085, 0x0085, 0x0085, 0x0084, 0x0064, 0x08C5, 0x426A, 0x428A, 0x08C5,
  0x6BAD, 0x7C4E, 0x7C2E, 0x740D, 0x7C0E, 0x7C2E, 0x740D, 0x7C0E, 0x7C0E, 0x7C0E, 0x7C0E, 0x7C0D,
  0x7C0D, 0x7C4E, 0x73ED, 0x1946, 0x0023, 0x0044, 0x0044, 0x0064, 0x0085, 0x0085, 0x0085, 0x0084,
  0x0085, 0x0085, 0x0085, 0x0085, 0x0085, 0x0085, 0x0085, 0x0085, 0x0085, 0x0085, 0x0085, 0x0085,
  0x0085, 0x0085, 0x0085, 0x0085, 0x0085, 0x0085, 0x0085, 0x0085, 0x0085, 0x0085, 0x0085, 0x0085,
  0x0085, 0x0085, 0x0085, 0x0044, 0x08E5, 0x7C2E, 0x846F, 0x7C2E, 0x7C2E, 0x7C2E, 0x7C2E, 0x7C2E,
  0x7C2E, 0x7C2E, 0x7C2E, 0x7C2E, 0x844E, 0x844E, 0x7C2E, 0x7C0E, 0x7C0E, 0x7C0E, 0x7C0E, 0x7C2E,
  0x7C0E, 0x7C0E, 0x7C0E, 0x7C0E, 0x7C0E, 0x7C0E, 0x7C0E, 0x7C0E, 0x7C0E, 0x7C0E, 0x7C0E, 0x7C0E,
  0x7C0E, 0x7C2E, 0x7C0E, 0x7C0E, 0x7C0E, 0x7C0D, 0x7C0D, 0x7C0E, 0x7C0D, 0x7C0D, 0x7C0E, 0x7C0D,
  0x7C0E, 0x7C0E, 0x7C2E, 0x740E, 0x1106, 0x0064, 0x0085, 0x0085, 0x0085, 0x0085, 0x0085, 0x0085,
  0x0085, 0x0085, 0x0085, 0x0085, 0x0085, 0x0085, 0x0085, 0x0085, 0x0085, 0x0085, 0x0064, 0x1106,
  0x29C8, 0x00A5, 0x846E, 0x3209, 0x0064, 0x0085, 0x0085, 0x0085, 0x0085, 0x0085, 0x0085, 0x00A5,
  0x08C5, 0x0085, 0x0064, 0x08C5, 0x6BAC, 0x3A49, 0x0003, 0x0084, 0x0084, 0x0064, 0x0064, 0x0085,
  0x0085, 0x0085, 0x0085, 0x0085, 0x0084, 0x0064, 0x08C5, 0x0085, 0x0085, 0x00A5, 0x3208, 0x530B,
  0x8CAF, 0x4269, 0x0044, 0x0085, 0x0085, 0x0085, 0x0085, 0x0085, 0x0085, 0x0085, 0x0085, 0x0085,
  0x0085, 0x0085, 0x0085, 0x0085, 0x0085, 0x0085, 0x0085, 0x0085, 0x0085, 0x0085, 0x0085, 0x0085,
  0x0085, 0x0085, 0x0085, 0x0085, 0x0085, 0x0085, 0x0085, 0x0085, 0x0085, 0x0085, 0x0085, 0x0085,
  0x0085, 0x0085, 0x0085, 0x0085, 0x0085, 0x0085, 0x0085, 0x0085, 0x0085, 0x0085, 0x0085, 0x0085,
  0x0085, 0x0085, 0x0085, 0x0085, 0x0085, 0x0085, 0x0085, 0x0085, 0x0085, 0x0085, 0x0085, 0x0084,
  0x0084, 0x0085, 0x0085, 0x0085, 0x0085, 0x0085, 0x0085, 0x0085, 0x0085, 0x0085, 0x0085, 0x0085,
  0x0085, 0x0085, 0x0085, 0x0085, 0x0085, 0x0085, 0x0085, 0x0085, 0x0085, 0x0085, 0x0085, 0x0085,
  0x0084, 0x0085, 0x0085, 0x0085, 0x0085, 0x0085, 0x0085, 0x0085, 0x0085, 0x0085, 0x0085, 0x0085,
  0x0085, 0x0085, 0x0085, 0x0085, 0x0085, 0x0085, 0x0085, 0x0085, 0x0085, 0x0085, 0x0085, 0x0085,
  0x0085, 0x0085, 0x0085, 0x0085, 0x0085, 0x0085, 0x0085, 0x0085, 0x0085, 0x0085, 0x0085, 0x0085,
  0x0085, 0x0085, 0x0085, 0x0085, 0x0085, 0x0085, 0x0085, 0x0085, 0x0085, 0x0085, 0x0085, 0x0085,
  0x0085, 0x0085, 0x0085, 0x0085, 0x0085, 0x0085, 0x0085, 0x0085, 0x0064, 0x0044, 0x0065, 0x0024,
  0x29A7, 0x844E, 0x7C2E, 0x7C0E, 0x7C0D, 0x740D, 0x7C0D, 0x7C0D, 0x7C0E, 0x7C0D, 0x7C0E, 0x7C0D,
  0x740D, 0x740D, 0x7C2E, 0x740D, 0x4269, 0x3208, 0x3208, 0x1926, 0x0044, 0x0064, 0x0085, 0x0085,
  0x0085, 0x0085, 0x0085, 0x0085, 0x0085, 0x0085, 0x0085, 0x0085, 0x0085, 0x0085, 0x0085, 0x0085,
  0x0085, 0x0085, 0x0085, 0x0085, 0x0085, 0x0085, 0x0085, 0x0085, 0x0085, 0x0085, 0x0085, 0x0085,
  0x0085, 0x0085, 0x0085, 0x0085, 0x0064, 0x1926, 0x5B2B, 0x846F, 0x7C4E, 0x7C2E, 0x846E, 0x846F,
  0x844E, 0x844E, 0x846F, 0x740E, 0x634C, 0x5B2B, 0x740D, 0x7C2E, 0x7C2E, 0x7C2E, 0x7C2E, 0x7C2E,
  0x7C2E, 0x7C0E, 0x7C0E, 0x7C0E, 0x7C0E, 0x7C0E, 0x7C0E, 0x7C0E, 0x7C0D, 0x7C0E, 0x7C0E, 0x7C2E,
  0x7C0E, 0x7C0E, 0x7C0E, 0x7C0E, 0x7C0D, 0x7C0E, 0x7C0E, 0x7C0E, 0x7C0D, 0x7C0D, 0x7C0E, 0x7C0D,
  0x740D, 0x7C0E, 0x848F, 0x428A, 0x0024, 0x0085, 0x0085, 0x0085, 0x0085, 0x0085, 0x0085, 0x0085,
  0x0085, 0x0085, 0x0085, 0x0085, 0x0085, 0x0085, 0x0085, 0x0085, 0x0085, 0x0085, 0x0085, 0x0064,
  0x0044, 0x00A5, 0x73ED, 0x3A69, 0x0044, 0x0085, 0x0085, 0x0085, 0x0085, 0x0085, 0x0085, 0x00A5,
  0x08C5, 0x0064, 0x0044, 0x0023, 0x08C5, 0x6BAC, 0x4269, 0x0064, 0x0084, 0x0085, 0x0085, 0x0085,
  0x0085, 0x0085, 0x0085, 0x0085, 0x0024, 0x2167, 0x4269, 0x0084, 0x0084, 0x1106, 0x08E6, 0x29C8,
  0x6BAC, 0x1126, 0x0064, 0x0085, 0x0085, 0x0085, 0x0085, 0x0085, 0x0085, 0x0085, 0x0085, 0x0085,
  0x0085, 0x0085, 0x0085, 0x0085, 0x0085, 0x0085, 0x0085, 0x0085, 0x0085, 0x0085, 0x0085, 0x0085,
  0x0085, 0x0085, 0x0085, 0x0085, 0x0085, 0x0085, 0x0085, 0x0085, 0x0085, 0x0085, 0x0085, 0x0085,
  0x0085, 0x0085, 0x0085, 0x0085, 0x0085, 0x0085, 0x0085, 0x0085, 0x0085, 0x0085, 0x0085, 0x0085,
  0x0085, 0x0085, 0x0085, 0x0085, 0x0085, 0x0085, 0x0085, 0x0085, 0x0085, 0x0085, 0x0085, 0x0084,
  0x0084, 0x0085, 0x0085, 0x0085, 0x0085, 0x0085, 0x0085, 0x0085, 0x0085, 0x0085, 0x0085, 0x0085,
  0x0085, 0x0085, 0x0085, 0x0085, 0x0085, 0x0085, 0x0085, 0x0085, 0x0085, 0x0085, 0x0085, 0x0085,
  0x0085, 0x0085, 0x0085, 0x0085, 0x0085, 0x0085, 0x0085, 0x0085, 0x0085, 0x0085, 0x0085, 0x0085,
  0x0085, 0x0085, 0x0085, 0x0085, 0x0085, 0x0085, 0x0085, 0x0085, 0x0085, 0x0085, 0x0085, 0x0085,
  0x0085, 0x0085, 0x0085, 0x0085, 0x0085, 0x0085, 0x0085, 0x0085, 0x0085, 0x0085, 0x0085, 0x0085,
  0x0085, 0x0085, 0x0085, 0x0085, 0x0085, 0x0085, 0x0085, 0x0085, 0x0085, 0x0085, 0x0085, 0x0085,
  0x0085, 0x0085, 0x0085, 0x0085, 0x0085, 0x0085, 0x0085, 0x0085, 0x0085, 0x0085, 0x0085, 0x0044,
  0x1967, 0x844E, 0x7C0E, 0x7C0E, 0x7C0D, 0x740D, 0x7C0D, 0x7C0E, 0x7C0E, 0x7C0D, 0x7C0E, 0x7C0E,
  0x740D, 0x740D, 0x740D, 0x7C0E, 0x844E, 0x844E, 0x844E, 0x7C2E, 0x4269, 0x0084, 0x0084, 0x0084,
  0x0085, 0x0085, 0x0085, 0x0085, 0x0085, 0x0085, 0x0085, 0x0085, 0x0085, 0x0085, 0x0085, 0x0085,
  0x0085, 0x0085, 0x0085, 0x0085, 0x0085, 0x0085, 0x0085, 0x0085, 0x0085, 0x0085, 0x0085, 0x0085,
  0x0085, 0x0085, 0x0085, 0x0085, 0x0085, 0x0044, 0x0044, 0x3A49, 0x7C0E, 0x7C2E, 0x5B2C, 0x4ACB,
  0x5B4C, 0x5B4C, 0x3208, 0x1106, 0x0065, 0x0024, 0x3208, 0x846E, 0x7C0E, 0x7C2E, 0x7C2E, 0x7C0E,
  0x7C2E, 0x7C0E, 0x7C2E, 0x7C0E, 0x7C0E, 0x7C0E, 0x7C0E, 0x7C0E, 0x7C0E, 0x7C0E, 0x7C0D, 0x7C0E,
  0x7C0E, 0x7C0D, 0x7C0E, 0x7C0D, 0x7C0D, 0x7C0E, 0x7C0E, 0x7C0D, 0x7C0D, 0x7C0D, 0x7C0D, 0x7C0D,
  0x740D, 0x7C4E, 0x6BCD, 0x08C5, 0x0064, 0x0085, 0x0085, 0x0085, 0x0085, 0x0085, 0x0085, 0x0085,
  0x0085, 0x0085, 0x0085, 0x0085, 0x0085, 0x0085, 0x0085, 0x0085, 0x0085, 0x0085, 0x0085, 0x0085,
  0x0085, 0x0085, 0x08C5, 0x0085, 0x0085, 0x0085, 0x0085, 0x0085, 0x0085, 0x0085, 0x0085, 0x0085,
  0x0044, 0x29A8, 0x530B, 0x2167, 0x0003, 0x3A49, 0x8CCF, 0x4A8A, 0x0064, 0x0085, 0x0085, 0x0085,
  0x0085, 0x0085, 0x0084, 0x0044, 0x1926, 0x6BAC, 0x8CAF, 0x42AA, 0x00A5, 0x0085, 0x0084, 0x0085,
  0x00A5, 0x0085, 0x00A5, 0x0085, 0x0085, 0x0085, 0x0085, 0x0085, 0x0085, 0x0085, 0x0085, 0x0085,
  0x0085, 0x0085, 0x0085, 0x0085, 0x0085, 0x0085, 0x0085, 0x0085, 0x0085, 0x0085, 0x0085, 0x0085,
  0x0085, 0x0085, 0x0085, 0x0085, 0x0085, 0x0085, 0x0085, 0x0085, 0x0085, 0x0085, 0x0085, 0x0085,
  0x0085, 0x0085, 0x0085, 0x0085, 0x0085, 0x0084, 0x0085, 0x0085, 0x0085, 0x0085, 0x0085, 0x0085,
  0x0085, 0x0085, 0x0085, 0x0085, 0x0085, 0x0085, 0x0085, 0x0085, 0x0085, 0x0085, 0x0085, 0x0084,
  0x0084, 0x0085, 0x0085, 0x0085, 0x0085, 0x0085, 0x0085, 0x0085, 0x0085, 0x0085, 0x0085, 0x0085,
  0x0085, 0x0085, 0x0085, 0x0085, 0x0085, 0x0085, 0x0085, 0x0085, 0x0085, 0x0085, 0x0085, 0x0085,
  0x0085, 0x0085, 0x0085, 0x0085, 0x0085, 0x0085, 0x0085, 0x0085, 0x0085, 0x0085, 0x0085, 0x0085,
  0x0085, 0x0085, 0x0085, 0x0085, 0x0085, 0x0085, 0x0085, 0x0085, 0x0085, 0x0085, 0x0085, 0x0085,
  0x0085, 0x0085, 0x0085, 0x0085, 0x0085, 0x0085, 0x0085, 0x0085, 0x0085, 0x0085, 0x0085, 0x0085,
  0x0085, 0x0085, 0x0085, 0x0085, 0x0085, 0x0085, 0x0085, 0x0085, 0x0085, 0x0085, 0x0085, 0x0085,
  0x0085, 0x0085, 0x0085, 0x0085, 0x0085, 0x0085, 0x0085, 0x0085, 0x0085, 0x0085, 0x0085, 0x0044,
  0x29C8, 0x7C4E, 0x7C0E, 0x7C0E, 0x7C0E, 0x7C0D, 0x7C0D, 0x7C0E, 0x7C0D, 0x7C0E, 0x7C0E, 0x740D,
  0x740D, 0x740D, 0x7C0D, 0x740D, 0x740D, 0x740D, 0x740D, 0x7C0D, 0x848F, 0x29C7, 0x0024, 0x0085,
  0x0084, 0x0085, 0x0085, 0x0085, 0x0085, 0x0085, 0x0085, 0x0085, 0x0085, 0x0085, 0x0085, 0x0085,
  0x0085, 0x0085, 0x0085, 0x0085, 0x0085, 0x0085, 0x0085, 0x0085, 0x0085, 0x0085, 0x0085, 0x0085,
  0x0085, 0x0085, 0x0085, 0x0085, 0x0085, 0x0085, 0x0085, 0x0044, 0x10E6, 0x1106, 0x0065, 0x0044,
  0x0065, 0x0065, 0x0044, 0x0064, 0x0085, 0x0085, 0x00A5, 0x1967, 0x1106, 0x3209, 0x7C0E, 0x7C2E,
  0x7C0E, 0x7C0E, 0x7C0E, 0x7C0E, 0x7C0E, 0x7C0E, 0x7C0E, 0x7C0E, 0x7C0E, 0x7C0E, 0x7C0D, 0x7C0E,
  0x7C0D, 0x7C0E, 0x7C0D, 0x7C0E, 0x7C0E, 0x7C0D, 0x7C0E, 0x7C0E, 0x7C0D, 0x7C0D, 0x7C0D, 0x7C0E,
  0x844E, 0x740D, 0x1946, 0x0044, 0x0085, 0x0085, 0x0085, 0x0085, 0x0085, 0x0085, 0x0085, 0x0085,
  0x0085, 0x0085, 0x0085, 0x0085, 0x0085, 0x0085, 0x0085, 0x0085, 0x0085, 0x0085, 0x0085, 0x0085,
  0x0085, 0x0085, 0x0064, 0x0085, 0x0085, 0x0085, 0x0085, 0x0085, 0x0085, 0x0085, 0x0085, 0x0085,
  0x0084, 0x08C5, 0x5B4B, 0x844E, 0x2146, 0x10E5, 0x846F, 0x73ED, 0x0085, 0x0084, 0x0084, 0x00A5,
  0x0084, 0x0064, 0x0064, 0x3209, 0x844E, 0x846E, 0x5B2B, 0x0885, 0x0084, 0x0085, 0x0085, 0x0085,
  0x0085, 0x00C5, 0x0085, 0x0084, 0x0085, 0x0085, 0x0085, 0x0085, 0x0085, 0x0085, 0x0085, 0x0085,
  0x0085, 0x0085, 0x0085, 0x0085, 0x0085, 0x0085, 0x0085, 0x0085, 0x0085, 0x0085, 0x0085, 0x0085,
  0x0085, 0x0085, 0x0085, 0x0085, 0x0085, 0x0085, 0x0085, 0x0085, 0x0085, 0x0085, 0x0085, 0x0085,
  0x0085, 0x0085, 0x0085, 0x0085, 0x0085, 0x0085, 0x0085, 0x0085, 0x0085, 0x0085, 0x0085, 0x0085,
  0x0085, 0x0085, 0x0085, 0x0085, 0x0085, 0x0085, 0x0085, 0x0085, 0x0085, 0x0085, 0x0085, 0x0084,
  0x0084, 0x0085, 0x0085, 0x0085, 0x0085, 0x0085, 0x0085, 0x0085, 0x0085, 0x0085, 0x0085, 0x0085,
  0x0085, 0x0085, 0x0085, 0x0085, 0x0085, 0x0085, 0x0085, 0x0085, 0x0085, 0x0085, 0x0085, 0x0085,
  0x0085, 0x0085, 0x0085, 0x0085, 0x0085, 0x0085, 0x0085, 0x0085, 0x0085, 0x0085, 0x0085, 0x0085,
  0x0085, 0x0085, 0x0085, 0x0085, 0x0085, 0x0085, 0x0085, 0x0085, 0x0085, 0x0085, 0x0085, 0x0085,
  0x0085, 0x0085, 0x0085, 0x0085, 0x0085, 0x0085, 0x0085, 0x0085, 0x0085, 0x0085, 0x0085, 0x0085,
  0x0085, 0x0085, 0x0085, 0x0085, 0x0085, 0x0085, 0x0085, 0x0085, 0x0085, 0x0085, 0x0085, 0x0085,
  0x0085, 0x0085, 0x0085, 0x0085, 0x0085, 0x0085, 0x0085, 0x0085, 0x0085, 0x0085, 0x0044, 0x2187,
  0x7C2E, 0x7C2E, 0x7C0E, 0x740D, 0x7C0D, 0x740D, 0x740D, 0x740D, 0x7C0E, 0x7C0D, 0x7C0E, 0x740D,
  0x740D, 0x7C0D, 0x7C0D, 0x740D, 0x740D, 0x740D, 0x740D, 0x740D, 0x7C4E, 0x6BAC, 0x0084, 0x0064,
  0x0084, 0x0085, 0x0085, 0x0085, 0x0085, 0x0085, 0x0085, 0x0085, 0x0085, 0x0085, 0x0085, 0x0085,
  0x0085, 0x0085, 0x0085, 0x0085, 0x0085, 0x0085, 0x0085, 0x0085, 0x0085, 0x0085, 0x0085, 0x0085,
  0x0085, 0x0085, 0x0085, 0x0085, 0x0085, 0x0085, 0x0085, 0x0085, 0x0064, 0x0064, 0x0085, 0x0085,
  0x0085, 0x0085, 0x0085, 0x0085, 0x0085, 0x0085, 0x0085, 0x0064, 0x0064, 0x0085, 0x6BAC, 0x7C2E,
  0x7C0E, 0x7C0E, 0x7C0D, 0x7C0D, 0x7C0E, 0x7C0E, 0x7C0E, 0x7C0E, 0x7C0E, 0x7C0E, 0x7C0E, 0x7C0D,
  0x7C0D, 0x7C0E, 0x7C0D, 0x7C0E, 0x7C0E, 0x7C0E, 0x7C0D, 0x7C0D, 0x7C0E, 0x7C0E, 0x7C2E, 0x844E,
  0x636C, 0x1926, 0x0044, 0x0085, 0x0085, 0x0085, 0x0085, 0x0085, 0x0085, 0x0085, 0x0085, 0x0085,
  0x0085, 0x0085, 0x0085, 0x0085, 0x0085, 0x0085, 0x0085, 0x0085, 0x0085, 0x0085, 0x0085, 0x0085,
  0x0085, 0x0085, 0x0085, 0x0085, 0x0085, 0x0085, 0x0085, 0x0085, 0x0085, 0x0085, 0x0085, 0x0085,
  0x0084, 0x0084, 0x0085, 0x530C, 0x8CAF, 0x29E8, 0x3A28, 0x73ED, 0x2167, 0x0064, 0x0085, 0x0085,
  0x0084, 0x10E5, 0x634B, 0x7C2E, 0x7C0D, 0x7C2E, 0x6BAD, 0x08E6, 0x0065, 0x0064, 0x0064, 0x0064,
  0x08A5, 0x0064, 0x1126, 0x08E6, 0x0084, 0x0085, 0x0085, 0x0085, 0x0085, 0x0085, 0x0085, 0x0085,
  0x0085, 0x0085, 0x0085, 0x0085, 0x0085, 0x0085, 0x0085, 0x0085, 0x0085, 0x0085, 0x0085, 0x0085,
  0x0085, 0x0085, 0x0085, 0x0085, 0x0085, 0x0085, 0x0085, 0x0085, 0x0085, 0x0085, 0x0085, 0x0085,
  0x0085, 0x0085, 0x0085, 0x0085, 0x0085, 0x0085, 0x0085, 0x0085, 0x0085, 0x0085, 0x0085, 0x0085,
  0x0085, 0x0085, 0x0085, 0x0085, 0x0085, 0x0085, 0x0085, 0x0085, 0x0085, 0x0085, 0x0085, 0x0084,
  0x0084, 0x0085, 0x0085, 0x0085, 0x0085, 0x0085, 0x0085, 0x0085, 0x0085, 0x0085, 0x0085, 0x0085,
  0x0085, 0x0085, 0x0085, 0x0085, 0x0085, 0x0085, 0x0085, 0x0085, 0x0085, 0x0085, 0x0085, 0x0085,
  0x0085, 0x0085, 0x0085, 0x0085, 0x0085, 0x0085, 0x0085, 0x0085, 0x0085, 0x0085, 0x0085, 0x0085,
  0x0085, 0x0085, 0x0085, 0x0085, 0x0085, 0x0085, 0x0085, 0x0085, 0x0085, 0x0085, 0x0085, 0x0085,
  0x0085, 0x0085, 0x0085, 0x0085, 0x0085, 0x0085, 0x0085, 0x0085, 0x0085, 0x0085, 0x0085, 0x0085,
  0x0085, 0x0085, 0x0085, 0x0085, 0x0085, 0x0085, 0x0085, 0x0085, 0x0085, 0x0085, 0x0085, 0x0085,
  0x0085, 0x0085, 0x0085, 0x0085, 0x0085, 0x0085, 0x0085, 0x0085, 0x0085, 0x0064, 0x2166, 0x7C0E,
  0x7C2E, 0x7C0E, 0x7C0D, 0x7C0D, 0x7C0D, 0x740D, 0x7C0D, 0x7C0D, 0x7C0D, 0x740D, 0x740D, 0x7C0D,
  0x7C0D, 0x7C0E, 0x740D, 0x7C0D, 0x740D, 0x740D, 0x740D, 0x7C0E, 0x7C0D, 0x636C, 0x3209, 0x08A5,
  0x0044, 0x0044, 0x0084, 0x0085, 0x0085, 0x0085, 0x0085, 0x0085, 0x0085, 0x0085, 0x0084, 0x0085,
  0x0085, 0x0085, 0x0085, 0x0085, 0x0085, 0x0085, 0x0085, 0x0085, 0x0085, 0x0085, 0x0085, 0x0085,
  0x0085, 0x0085, 0x0085, 0x0085, 0x0085, 0x0085, 0x0085, 0x0085, 0x0085, 0x0085, 0x0085, 0x0085,
  0x0085, 0x0085, 0x0085, 0x0085, 0x0085, 0x0085, 0x0085, 0x0085, 0x0065, 0x1947, 0x7C2E, 0x7C2E,
  0x7C0D, 0x7C0D, 0x7C0D, 0x7C0D, 0x7C0E, 0x7C0E, 0x7C0E, 0x7C0D, 0x7C0E, 0x7C0E, 0x7C0E, 0x7C0E,
  0x7C0E, 0x7C0D, 0x7C0D, 0x7C0E, 0x7C0D, 0x7C0D, 0x7C0D, 0x7C0E, 0x7C2E, 0x7C2E, 0x844E, 0x3A49,
  0x0064, 0x0064, 0x0085, 0x0085, 0x0085, 0x0085, 0x0085, 0x0085, 0x0085, 0x0085, 0x0085, 0x0085,
  0x0085, 0x0085, 0x0085, 0x0085, 0x0085, 0x0085, 0x0085, 0x0085, 0x0085, 0x0085, 0x0085, 0x0085,
  0x0085, 0x0085, 0x0085, 0x0085, 0x0085, 0x0085, 0x0085, 0x0085, 0x0085, 0x0085, 0x0085, 0x0085,
  0x0085, 0x0085, 0x08C5, 0x08C5, 0x5B0B, 0x846E, 0x634B, 0x4AAA, 0x29C8, 0x0085, 0x0085, 0x00A5,
  0x636C, 0x73CD, 0x7C2E, 0x73ED, 0x73ED, 0x7C0D, 0x7C0E, 0x29C9, 0x1127, 0x3A49, 0x2166, 0x31C7,
  0x1946, 0x0043, 0x52CA, 0x21A8, 0x0085, 0x0064, 0x0044, 0x0064, 0x0085, 0x0084, 0x0085, 0x0085,
  0x0085, 0x0085, 0x0085, 0x0085, 0x0085, 0x0085, 0x0085, 0x0085, 0x0085, 0x0085, 0x0085, 0x0085,
  0x0085, 0x0085, 0x0085, 0x0085, 0x0085, 0x0085, 0x0085, 0x0085, 0x0085, 0x0085, 0x0085, 0x0085,
  0x0085, 0x0085, 0x0085, 0x0085, 0x0085, 0x0085, 0x0085, 0x0085, 0x0085, 0x0085, 0x0085, 0x0085,
  0x0085, 0x0085, 0x0085, 0x0085, 0x0085, 0x0085, 0x0085, 0x0085, 0x0085, 0x0085, 0x0085, 0x0084,
  0x0084, 0x0085, 0x0085, 0x0085, 0x0085, 0x0085, 0x0085, 0x0085, 0x0085, 0x0085, 0x0085, 0x0085,
  0x0085, 0x0085, 0x0085, 0x0085, 0x0085, 0x0085, 0x0085, 0x0085, 0x0085, 0x0085, 0x0085, 0x0085,
  0x0085, 0x0085, 0x0085, 0x0085, 0x0085, 0x0085, 0x0085, 0x0085, 0x0085, 0x0085, 0x0085, 0x0085,
  0x0085, 0x0085, 0x0085, 0x0085, 0x0085, 0x0085, 0x0085, 0x0085, 0x0085, 0x0085, 0x0085, 0x0085,
  0x0085, 0x0085, 0x0085, 0x0085, 0x0085, 0x0085, 0x0085, 0x0085, 0x0085, 0x0085, 0x0085, 0x0085,
  0x0085, 0x0085, 0x0085, 0x0085, 0x0085, 0x0085, 0x0085, 0x0085, 0x0085, 0x0085, 0x0085, 0x0085,
  0x0085, 0x0085, 0x0085, 0x0085, 0x0085, 0x0085, 0x0085, 0x0085, 0x0085, 0x0064, 0x636C, 0x846E,
  0x7C0D, 0x7C0D, 0x7C0D, 0x7C0D, 0x7C0D, 0x740D, 0x7C0D, 0x7C0D, 0x740D, 0x7C0D, 0x740D, 0x7C0D,
  0x7C0D, 0x7C0D, 0x7C0D, 0x7C0D, 0x7C0D, 0x7C0D, 0x7C0E, 0x7C2E, 0x6BCD, 0x6B8C, 0x7C2E, 0x634C,
  0x634C, 0x3208, 0x0084, 0x0024, 0x0064, 0x0064, 0x0064, 0x0085, 0x0084, 0x0084, 0x0085, 0x0085,
  0x0085, 0x0085, 0x0085, 0x0085, 0x0085, 0x0085, 0x0085, 0x0085, 0x0085, 0x0085, 0x0085, 0x0085,
  0x0085, 0x0085, 0x0085, 0x0085, 0x0085, 0x0085, 0x0085, 0x0085, 0x0085, 0x0085, 0x0085, 0x0085,
  0x0085, 0x0085, 0x0085, 0x0085, 0x0085, 0x0085, 0x0085, 0x0085, 0x0044, 0x3A49, 0x844E, 0x7C0D,
  0x7C0D, 0x740D, 0x7C0D, 0x740D, 0x7C0D, 0x7C0D, 0x7C0D, 0x7C0D, 0x7C0E, 0x7C0E, 0x7C0D, 0x7C0D,
  0x7C0E, 0x7C0D, 0x7C0E, 0x7C0E, 0x7C0E, 0x7C0E, 0x7C0E, 0x7C0E, 0x7C2E, 0x846E, 0x3209, 0x0024,
  0x0085, 0x0085, 0x0085, 0x0085, 0x0085, 0x0085, 0x0085, 0x0085, 0x0085, 0x0085, 0x0085, 0x0085,
  0x0085, 0x0085, 0x0085, 0x0085, 0x0085, 0x0085, 0x0085, 0x0085, 0x0085, 0x0085, 0x0085, 0x0085,
  0x0085, 0x0085, 0x0085, 0x0085, 0x0085, 0x0085, 0x0085, 0x0085, 0x0085, 0x0085, 0x0085, 0x0085,
  0x0085, 0x0085, 0x0084, 0x0084, 0x1946, 0x73ED, 0x846E, 0x6BAD, 0x08C5, 0x0044, 0x0085, 0x00A5,
  0x638C, 0x844E, 0x740D, 0x740D, 0x73ED, 0x7C4E, 0x4269, 0x0043, 0x31E8, 0x1927, 0x31E8, 0x1926,
  0x0064, 0x00A5, 0x29C8, 0x08C6, 0x10E5, 0x31E8, 0x3A49, 0x10E5, 0x08A5, 0x0085, 0x0044, 0x0044,
  0x0084, 0x0085, 0x0085, 0x0085, 0x0085, 0x0085, 0x0085, 0x0085, 0x0085, 0x0085, 0x0085, 0x0085,
  0x0085, 0x0085, 0x0085, 0x0085, 0x0085, 0x0085, 0x0085, 0x0085, 0x0085, 0x0085, 0x0085, 0x0085,
  0x0085, 0x0085, 0x0085, 0x0085, 0x0085, 0x0085, 0x0085, 0x0085, 0x0085, 0x0085, 0x0085, 0x0085,
  0x0085, 0x0085, 0x0085, 0x0085, 0x0085, 0x0085, 0x0085, 0x0085, 0x0085, 0x0085, 0x0085, 0x0084,
  0x0084, 0x0085, 0x0085, 0x0085, 0x0085, 0x0085, 0x0085, 0x0085, 0x0085, 0x0085, 0x0085, 0x0085,
  0x0085, 0x0085, 0x0085, 0x0085, 0x0085, 0x0085, 0x0085, 0x0085, 0x0085, 0x0085, 0x0085, 0x0085,
  0x0085, 0x0085, 0x0085, 0x0085, 0x0085, 0x0085, 0x0085, 0x0085, 0x0085, 0x0085, 0x0085, 0x0085,
  0x0085, 0x0085, 0x0085, 0x0085, 0x0085, 0x0085, 0x0085, 0x0085, 0x0085, 0x0085, 0x0085, 0x0085,
  0x0085, 0x0085, 0x0085, 0x0085, 0x0085, 0x0085, 0x0085, 0x0085, 0x0085, 0x0085, 0x0085, 0x0085,
  0x0085, 0x0085, 0x0085, 0x0085, 0x0085, 0x0085, 0x0085, 0x0085, 0x0085, 0x0085, 0x0085, 0x0085,
  0x0085, 0x0085, 0x0085, 0x0085, 0x0085, 0x0085, 0x0085, 0x0085, 0x0085, 0x0064, 0x4AAA, 0x7C2E,
  0x7C0D, 0x740D, 0x7C0D, 0x7C0D, 0x740D, 0x7C0D, 0x740D, 0x740E, 0x7C0D, 0x7C0D, 0x7C0D, 0x7C0E,
  0x7C0E, 0x7C0D, 0x7C0D, 0x7C0D, 0x7C0E, 0x7C0E, 0x7C0E, 0x740E, 0x7C0D, 0x7C2E, 0x6BCD, 0x740D,
  0x844E, 0x8C8F, 0x52EB, 0x3A29, 0x1967, 0x1946, 0x08C5, 0x0044, 0x0084, 0x0085, 0x0085, 0x0085,
  0x0085, 0x0085, 0x0085, 0x0085, 0x0085, 0x0085, 0x0085, 0x0085, 0x0085, 0x0085, 0x0085, 0x0085,
  0x0085, 0x0085, 0x0085, 0x0085, 0x0085, 0x0085, 0x0085, 0x0085, 0x0085, 0x0085, 0x0085, 0x0085,
  0x0085, 0x0085, 0x0085, 0x0085, 0x0085, 0x0085, 0x0085, 0x0085, 0x0044, 0x31E8, 0x846E, 0x7C0D,
  0x7C0D, 0x7C0D, 0x740D, 0x740D, 0x7C0D, 0x7C0D, 0x7C0D, 0x7C0D, 0x7C0D, 0x7C0E, 0x7C0D, 0x7C0D,
  0x7C0E, 0x7C0E, 0x7C0D, 0x7C0E, 0x7C0E, 0x7C0E, 0x7C0E, 0x7C2E, 0x844E, 0x428A, 0x0044, 0x0085,
  0x0085, 0x0085, 0x0085, 0x0085, 0x0085, 0x0085, 0x0085, 0x0085, 0x0085, 0x0085, 0x0085, 0x0085,
  0x0085, 0x0085, 0x0085, 0x0085, 0x0085, 0x0085, 0x0085, 0x0085, 0x0085, 0x0085, 0x0085, 0x0085,
  0x0085, 0x0085, 0x0085, 0x0085, 0x0085, 0x0085, 0x0085, 0x0085, 0x0085, 0x0085, 0x0085, 0x0085,
  0x0085, 0x0085, 0x0084, 0x00A5, 0x08C5, 0x29C8, 0x846E, 0x7C4E, 0x52EB, 0x2187, 0x08C5, 0x0043,
  0x2146, 0x844E, 0x844E, 0x7C4E, 0x7C4E, 0x73CD, 0x08C5, 0x08E5, 0x73CD, 0x6B8C, 0x21A7, 0x08C5,
  0x1106, 0x00A5, 0x08E6, 0x0084, 0x08C4, 0x3A28, 0x8C8F, 0x4ACB, 0x0044, 0x29C8, 0x52EB, 0x21A7,
  0x00A5, 0x0044, 0x0044, 0x0064, 0x00A5, 0x08C5, 0x0085, 0x0085, 0x0085, 0x0085, 0x0085, 0x0085,
  0x0085, 0x0085, 0x0085, 0x0085, 0x0085, 0x0085, 0x0085, 0x0085, 0x0085, 0x0085, 0x0085, 0x0085,
  0x0085, 0x0085, 0x0085, 0x0085, 0x0085, 0x0085, 0x0085, 0x0085, 0x0085, 0x0085, 0x0085, 0x0085,
  0x0085, 0x0085, 0x0085, 0x0085, 0x0085, 0x0085, 0x0085, 0x0085, 0x0085, 0x0085, 0x0085, 0x0084,
  0x0084, 0x0085, 0x0085, 0x0085, 0x0085, 0x0085, 0x0085, 0x0085, 0x0085, 0x0085, 0x0085, 0x0085,
  0x0085, 0x0085, 0x0085, 0x0085, 0x0085, 0x0085, 0x0085, 0x0085, 0x0085, 0x0085, 0x0085, 0x0085,
  0x0085, 0x0085, 0x0085, 0x0085, 0x0085, 0x0085, 0x0085, 0x0085, 0x0085, 0x0085, 0x0085, 0x0085,
  0x0085, 0x0085, 0x0085, 0x0085, 0x0085, 0x0085, 0x0085, 0x0085, 0x0085, 0x0085, 0x0085, 0x0085,
  0x0085, 0x0085, 0x0085, 0x0085, 0x0085, 0x0085, 0x0085, 0x0085, 0x0085, 0x0085, 0x0085, 0x0085,
  0x0085, 0x0085, 0x0085, 0x0085, 0x0085, 0x0085, 0x0085, 0x0085, 0x0085, 0x0085, 0x0085, 0x0085,
  0x0085, 0x0085, 0x0085, 0x0085, 0x0085, 0x0085, 0x0085, 0x0085, 0x0064, 0x08C5, 0x5B0B, 0x7C2E,
  0x7C0D, 0x7C0D, 0x7C0D, 0x740D, 0x7C0D, 0x7C0D, 0x7C0D, 0x7C0E, 0x7C0D, 0x7C0D, 0x7C0D, 0x7C0E,
  0x7C0E, 0x7C0E, 0x7C0E, 0x7C0E, 0x7C0E, 0x7C0E, 0x7C0E, 0x7C0E, 0x7C0E, 0x7C0D, 0x7C0D, 0x740D,
  0x7C0D, 0x7C0E, 0x7C4E, 0x844E, 0x7C0D, 0x7C2E, 0x73ED, 0x31E8, 0x0064, 0x0044, 0x0085, 0x0085,
  0x0085, 0x0085, 0x0085, 0x0085, 0x0085, 0x0085, 0x0085, 0x0085, 0x0085, 0x0085, 0x0085, 0x0085,
  0x0085, 0x0085, 0x0085, 0x0085, 0x0085, 0x0085, 0x0085, 0x0085, 0x0085, 0x0085, 0x0085, 0x0085,
  0x0085, 0x0085, 0x0085, 0x0085, 0x0085, 0x0085, 0x0085, 0x0085, 0x0084, 0x0064, 0x428A, 0x844E,
  0x7C0E, 0x7C0D, 0x740D, 0x740D, 0x7C0D, 0x7C0D, 0x7C0D, 0x7C0D, 0x7C0D, 0x7C0E, 0x7C0E, 0x7C0D,
  0x7C0E, 0x7C0E, 0x7C0D, 0x7C0E, 0x7C0E, 0x7C0E, 0x7C0E, 0x846E, 0x5B2B, 0x0064, 0x0085, 0x0085,
  0x0085, 0x0085, 0x0085, 0x0085, 0x0085, 0x0085, 0x0085, 0x0085, 0x0085, 0x0085, 0x0085, 0x0085,
  0x0085, 0x0085, 0x0085, 0x0085, 0x0085, 0x0085, 0x0085, 0x0085, 0x0085, 0x0085, 0x0085, 0x0085,
  0x0085, 0x0085, 0x0085, 0x0085, 0x0085, 0x0085, 0x0085, 0x0085, 0x0085, 0x0085, 0x0085, 0x0085,
  0x0085, 0x0085, 0x0085, 0x0085, 0x0085, 0x08A5, 0x530B, 0x846E, 0x7C4E, 0x638C, 0x1925, 0x1105,
  0x0085, 0x3A49, 0x5B2C, 0x530B, 0x740D, 0x530B, 0x0024, 0x29A8, 0x6BCD, 0x638C, 0x29C8, 0x0044,
  0x0084, 0x2166, 0x1105, 0x31E8, 0x29C8, 0x0085, 0x530B, 0x740E, 0x428A, 0x7C0D, 0x846E, 0x7C2E,
  0x6BAC, 0x52EB, 0x29A8, 0x00A5, 0x0044, 0x00A5, 0x0085, 0x0084, 0x0064, 0x08C5, 0x00A5, 0x0085,
  0x0085, 0x0085, 0x0085, 0x0085, 0x0085, 0x0085, 0x0085, 0x0085, 0x0085, 0x0085, 0x0085, 0x0085,
  0x0085, 0x0085, 0x0085, 0x0085, 0x0085, 0x0085, 0x0085, 0x0085, 0x0085, 0x0085, 0x0085, 0x0085,
  0x0085, 0x0085, 0x0085, 0x0085, 0x0085, 0x0085, 0x0085, 0x0085, 0x0085, 0x0085, 0x0085, 0x0084,
  0x0084, 0x0085, 0x0085, 0x0085, 0x0085, 0x0085, 0x0085, 0x0085, 0x0085, 0x0085, 0x0085, 0x0085,
  0x0085, 0x0085, 0x0085, 0x0085, 0x0085, 0x0085, 0x0085, 0x0085, 0x0085, 0x0085, 0x0085, 0x0085,
  0x0085, 0x0085, 0x0085, 0x0085, 0x0085, 0x0085, 0x0085, 0x0085, 0x0085, 0x0085, 0x0085, 0x0085,
  0x0085, 0x0085, 0x0085, 0x0085, 0x0085, 0x0085, 0x0085, 0x0085, 0x0085, 0x0085, 0x0085, 0x0085,
  0x0085, 0x0085, 0x0085, 0x0085, 0x0085, 0x0085, 0x0085, 0x0085, 0x0085, 0x0085, 0x0085, 0x0085,
  0x0085, 0x0085, 0x0085, 0x0085, 0x0085, 0x0085, 0x0085, 0x0085, 0x0085, 0x0085, 0x0085, 0x0085,
  0x0085, 0x0085, 0x0085, 0x0085, 0x0085, 0x0085, 0x0085, 0x0085, 0x0064, 0x1926, 0x848F, 0x7C2E,
  0x7C0E, 0x7C0D, 0x7C0D, 0x7C0D, 0x7C0D, 0x7C0D, 0x7C0D, 0x7C0D, 0x7C0D, 0x7C0D, 0x7C0D, 0x7C0E,
  0x7C0E, 0x7C0E, 0x7C0E, 0x7C0E, 0x7C0E, 0x7C0E, 0x7C0E, 0x7C0E, 0x7C0D, 0x740D, 0x740D, 0x740D,
  0x7C0D, 0x7C0D, 0x740D, 0x740D, 0x7C0D, 0x7C0E, 0x7C2E, 0x844E, 0x634C, 0x3A29, 0x0064, 0x0084,
  0x0085, 0x0085, 0x0085, 0x0085, 0x0085, 0x0085, 0x0085, 0x0085, 0x0085, 0x0085, 0x0085, 0x0085,
  0x0085, 0x0085, 0x0085, 0x0085, 0x0085, 0x0085, 0x0085, 0x0085, 0x0085, 0x0085, 0x0085, 0x0085,
  0x0085, 0x0085, 0x0085, 0x0085, 0x0085, 0x0085, 0x0085, 0x0085, 0x0085, 0x0084, 0x0024, 0x428A,
  0x844E, 0x7C0D, 0x7C0D, 0x7C0D, 0x740D, 0x7C0D, 0x740D, 0x740D, 0x7C0D, 0x7C0D, 0x7C0D, 0x7C0E,
  0x7C0E, 0x7C0E, 0x7C0E, 0x7C0E, 0x7C0D, 0x7C0D, 0x7C2E, 0x73ED, 0x1106, 0x0064, 0x0085, 0x0085,
  0x0085, 0x0085, 0x0085, 0x0085, 0x0085, 0x0085, 0x0085, 0x0085, 0x0085, 0x0085, 0x0085, 0x0085,
  0x0085, 0x0085, 0x0085, 0x0085, 0x0085, 0x0085, 0x0085, 0x0085, 0x0085, 0x0085, 0x0085, 0x0085,
  0x0085, 0x0085, 0x0085, 0x0085, 0x0085, 0x0085, 0x0085, 0x0085, 0x0085, 0x0085, 0x0085, 0x0085,
  0x0085, 0x0085, 0x0085, 0x0085, 0x0085, 0x0064, 0x0064, 0x52CA, 0x8CCF, 0x5B2C, 0x0004, 0x0064,
  0x0085, 0x0044, 0x0064, 0x0044, 0x1105, 0x08C5, 0x0084, 0x00C6, 0x52EB, 0x29C8, 0x634C, 0x08C5,
  0x0064, 0x08E5, 0x08C5, 0x00A5, 0x08E6, 0x00A5, 0x08E6, 0x1126, 0x3A48, 0x530A, 0x740D, 0x7C2E,
  0x7C2E, 0x846E, 0x846F, 0x73ED, 0x2187, 0x0024, 0x00C5, 0x08C5, 0x29C8, 0x3A29, 0x00A5, 0x0085,
  0x0064, 0x0085, 0x0085, 0x0085, 0x0085, 0x0085, 0x0085, 0x0085, 0x0085, 0x0085, 0x0085, 0x0085,
  0x0085, 0x0085, 0x0085, 0x0085, 0x0085, 0x0085, 0x0085, 0x0085, 0x0085, 0x0085, 0x0085, 0x0085,
  0x0085, 0x0085, 0x0085, 0x0085, 0x0085, 0x0085, 0x0085, 0x0085, 0x0085, 0x0085, 0x0085, 0x0084,
  0x0084, 0x0085, 0x0085, 0x0085, 0x0085, 0x0085, 0x0085, 0x0085, 0x0085, 0x0085, 0x0085, 0x0085,
  0x0085, 0x0085, 0x0085, 0x0085, 0x0085, 0x0085, 0x0085, 0x0085, 0x0085, 0x0085, 0x0085, 0x0085,
  0x0085, 0x0085, 0x0085, 0x0085, 0x0085, 0x0085, 0x0085, 0x0085, 0x0085, 0x0085, 0x0085, 0x0085,
  0x0085, 0x0085, 0x0085, 0x0085, 0x0085, 0x0085, 0x0085, 0x0085, 0x0085, 0x0085, 0x0085, 0x0085,
  0x0085, 0x0085, 0x0085, 0x0085, 0x0085, 0x0085, 0x0085, 0x0085, 0x0085, 0x0085, 0x0085, 0x0085,
  0x0085, 0x0085, 0x0085, 0x0085, 0x0085, 0x0085, 0x0085, 0x0085, 0x0085, 0x0085, 0x0085, 0x0085,
  0x0085, 0x0085, 0x0085, 0x0085, 0x0085, 0x0085, 0x0085, 0x0085, 0x0085, 0x0084, 0x3A49, 0x7C4E,
  0x7C2E, 0x7C0D, 0x7C0D, 0x7C0D, 0x7C0D, 0x7C0D, 0x7C0D, 0x7C0D, 0x7C0D, 0x7C0D, 0x7C0E, 0x7C0D,
  0x7C0E, 0x7C0E, 0x7C0E, 0x7C0E, 0x7C0E, 0x7C0E, 0x7C0E, 0x7C0D, 0x7C0D, 0x740D, 0x7C0D, 0x7C0D,
  0x740D, 0x7C0D, 0x7C0D, 0x7C0D, 0x7C0D, 0x7C0D, 0x7C0D, 0x7C0D, 0x844E, 0x7C2E, 0x08E6, 0x0064,
  0x0085, 0x0085, 0x0085, 0x0085, 0x0085, 0x0085, 0x0085, 0x0085, 0x0085, 0x0085, 0x0085, 0x0085,
  0x0085, 0x0085, 0x0085, 0x0085, 0x0085, 0x0085, 0x0085, 0x0085, 0x0085, 0x0085, 0x0085, 0x0085,
  0x0085, 0x0085, 0x0085, 0x0085, 0x0085, 0x0085, 0x0085, 0x0085, 0x0085, 0x0085, 0x0064, 0x08E6,
  0x7C2E, 0x7C2E, 0x7C0D, 0x7C0D, 0x740D, 0x740D, 0x7C0D, 0x740D, 0x7C0D, 0x7C0D, 0x7C0D, 0x7C0D,
  0x7C0D, 0x7C0E, 0x7C2E, 0x7C0E, 0x7C0E, 0x7C0E, 0x7C2E, 0x6B8C, 0x08C5, 0x0084, 0x0085, 0x0085,
  0x0085, 0x0085, 0x0085, 0x0085, 0x0085, 0x0085, 0x0085, 0x0085, 0x0085, 0x0085, 0x0085, 0x0085,
  0x0085, 0x0085, 0x0085, 0x0085, 0x0085, 0x0085, 0x0085, 0x0085, 0x0085, 0x0085, 0x0085, 0x0085,
  0x0085, 0x0085, 0x0085, 0x0085, 0x0085, 0x0085, 0x0085, 0x0085, 0x0085, 0x0085, 0x0085, 0x0085,
  0x0085, 0x0085, 0x0085, 0x0085, 0x0085, 0x0085, 0x0084, 0x0065, 0x3208, 0x428A, 0x31E8, 0x10E5,
  0x0044, 0x0084, 0x0064, 0x0064, 0x0065, 0x0085, 0x0085, 0x00A5, 0x2166, 0x0064, 0x1105, 0x08C5,
  0x0084, 0x0064, 0x0085, 0x0085, 0x0084, 0x0064, 0x0064, 0x1946, 0x0085, 0x0044, 0x21A8, 0x7C2E,
  0x7C2E, 0x7C0E, 0x7C2E, 0x848F, 0x7C2E, 0x3A29, 0x1926, 0x4A89, 0x428A, 0x08C5, 0x0084, 0x29C8,
  0x08E5, 0x0084, 0x0084, 0x0085, 0x0085, 0x0085, 0x0085, 0x0085, 0x0085, 0x0085, 0x0085, 0x0085,
  0x0085, 0x0085, 0x0085, 0x0085, 0x0085, 0x0085, 0x0085, 0x0085, 0x0085, 0x0085, 0x0085, 0x0085,
  0x0085, 0x0085, 0x0085, 0x0085, 0x0085, 0x0085, 0x0085, 0x0085, 0x0085, 0x0085, 0x0085, 0x0084,
  0x0084, 0x0085, 0x0085, 0x0085, 0x0085, 0x0085, 0x0085, 0x0085, 0x0085, 0x0085, 0x0085, 0x0085,
  0x0085, 0x0085, 0x0085, 0x0085, 0x0085, 0x0085, 0x0085, 0x0085, 0x0085, 0x0085, 0x0085, 0x0085,
  0x0085, 0x0085, 0x0085, 0x0085, 0x0085, 0x0085, 0x0085, 0x0085, 0x0085, 0x0085, 0x0085, 0x0085,
  0x0085, 0x0085, 0x0085, 0x0085, 0x0085, 0x0085, 0x0085, 0x0085, 0x0085, 0x0085, 0x0085, 0x0085,
  0x0085, 0x0085, 0x0085, 0x0085, 0x0085, 0x0085, 0x0085, 0x0085, 0x0085, 0x0085, 0x0085, 0x0085,
  0x0085, 0x0085, 0x0085, 0x0085, 0x0085, 0x0085, 0x0085, 0x0085, 0x0085, 0x0085, 0x0085, 0x0085,
  0x0085, 0x0085, 0x0085, 0x0085, 0x0085, 0x0085, 0x0085, 0x0085, 0x0085, 0x0085, 0x0024, 0x4AAA,
  0x846E, 0x7C0D, 0x7C0D, 0x7C0D, 0x7C0D, 0x7C0D, 0x7C0D, 0x7C0E, 0x7C0E, 0x7C0E, 0x7C0E, 0x7C0E,
  0x7C0E, 0x7C0E, 0x7C0E, 0x7C0E, 0x7C0E, 0x7C0E, 0x7C0D, 0x7C0D, 0x7C0D, 0x7C0D, 0x7C0D, 0x7C0D,
  0x7C0D, 0x7C0D, 0x7C0D, 0x740D, 0x7C0D, 0x7C0D, 0x7C0D, 0x7C0D, 0x7C2E, 0x7C0E, 0x1106, 0x0064,
  0x0085, 0x0085, 0x0085, 0x0085, 0x0085, 0x0085, 0x0085, 0x0085, 0x0085, 0x0085, 0x0085, 0x0085,
  0x0085, 0x0085, 0x0085, 0x0085, 0x0085, 0x0085, 0x0085, 0x0085, 0x0085, 0x0085, 0x0085, 0x0085,
  0x0085, 0x0085, 0x0085, 0x0085, 0x0085, 0x0085, 0x0085, 0x0085, 0x0085, 0x0085, 0x0085, 0x0044,
  0x4AAA, 0x7C4E, 0x7C0D, 0x7C0E, 0x7C0D, 0x7C0D, 0x7C0D, 0x740D, 0x740D, 0x740D, 0x7C0D, 0x7C0D,
  0x7C0D, 0x7C0E, 0x7C0E, 0x7C2E, 0x7C2E, 0x7C2E, 0x7C2E, 0x7C4E, 0x1967, 0x0064, 0x0085, 0x0085,
  0x0085, 0x0085, 0x0085, 0x0085, 0x0085, 0x0085, 0x0085, 0x0085, 0x0085, 0x0085, 0x0085, 0x0085,
  0x0085, 0x0085, 0x0085, 0x0085, 0x0085, 0x0085, 0x0085, 0x0085, 0x0085, 0x0085, 0x0085, 0x0085,
  0x0085, 0x0085, 0x0085, 0x0085, 0x0085, 0x0085, 0x0085, 0x0085, 0x0085, 0x0085, 0x0085, 0x0085,
  0x0085, 0x0085, 0x0085, 0x0085, 0x0085, 0x0085, 0x0085, 0x0084, 0x0024, 0x1106, 0x5B4B, 0x636C,
  0x4AAA, 0x73CD, 0x5B4B, 0x3A29, 0x1107, 0x0085, 0x0064, 0x0084, 0x0044, 0x0084, 0x0064, 0x0085,
  0x0084, 0x08C5, 0x0085, 0x00A5, 0x00A5, 0x1926, 0x0064, 0x1106, 0x00A5, 0x0065, 0x21A8, 0x7C2E,
  0x844E, 0x7C4E, 0x7C4E, 0x638C, 0x7C4E, 0x6BAD, 0x0044, 0x0044, 0x0044, 0x0085, 0x0085, 0x08C5,
  0x1946, 0x1926, 0x08E6, 0x0064, 0x0085, 0x0085, 0x0085, 0x0085, 0x0085, 0x0085, 0x0085, 0x0085,
  0x0085, 0x0085, 0x0085, 0x0085, 0x0085, 0x0085, 0x0085, 0x0085, 0x0085, 0x0085, 0x0085, 0x0085,
  0x0085, 0x0085, 0x0085, 0x0085, 0x0085, 0x0085, 0x0085, 0x0085, 0x0085, 0x0085, 0x0085, 0x0084,
  0x0084, 0x0085, 0x0085, 0x0085, 0x0085, 0x0085, 0x0085, 0x0085, 0x0085, 0x0085, 0x0085, 0x0085,
  0x0085, 0x0085, 0x0085, 0x0085, 0x0085, 0x0085, 0x0085, 0x0085, 0x0085, 0x0085, 0x0085, 0x0085,
  0x0085, 0x0085, 0x0085, 0x0085, 0x0085, 0x0085, 0x0085, 0x0085, 0x0085, 0x0085, 0x0085, 0x0085,
  0x0085, 0x0085, 0x0085, 0x0085, 0x0085, 0x0085, 0x0085, 0x0085, 0x0085, 0x0085, 0x0085, 0x0085,
  0x0085, 0x0085, 0x0085, 0x0085, 0x0085, 0x0085, 0x0085, 0x0085, 0x0085, 0x0085, 0x0085, 0x0085,
  0x0085, 0x0085, 0x0085, 0x0085, 0x0085, 0x0085, 0x0085, 0x0085, 0x0085, 0x0085, 0x0085, 0x0085,
  0x0085, 0x0085, 0x0085, 0x0085, 0x0085, 0x0085, 0x0085, 0x0085, 0x0085, 0x0085, 0x0064, 0x10E6,
  0x7C2E, 0x7C2E, 0x7C0E, 0x7C0E, 0x7C0E, 0x7C0E, 0x7C0D, 0x7C0E, 0x7C0E, 0x7C0E, 0x7C0E, 0x7C0E,
  0x7C0E, 0x7C0E, 0x7C0E, 0x7C0E, 0x7C0E, 0x7C0D, 0x7C0D, 0x7C0E, 0x7C0D, 0x7C0E, 0x7C0D, 0x7C0D,
  0x7C0D, 0x7C0D, 0x7C0D, 0x7C0D, 0x7C0D, 0x7C0D, 0x7C0E, 0x7C2E, 0x846E, 0x3A49, 0x0064, 0x0084,
  0x0085, 0x0085, 0x0085, 0x0085, 0x0085, 0x0085, 0x0085, 0x0085, 0x0085, 0x0085, 0x0085, 0x0085,
  0x0085, 0x0085, 0x0085, 0x0085, 0x0085, 0x0085, 0x0085, 0x0085, 0x0085, 0x0085, 0x0085, 0x0085,
  0x0085, 0x0085, 0x0085, 0x0085, 0x0085, 0x0085, 0x0085, 0x0085, 0x0085, 0x0085, 0x0085, 0x0044,
  0x3A08, 0x846E, 0x7C0D, 0x7C0D, 0x7C0D, 0x7C0D, 0x740D, 0x740D, 0x7C0D, 0x740D, 0x7C0D, 0x7C0D,
  0x7C0D, 0x7C0E, 0x7C0E, 0x7C2E, 0x7C2E, 0x7C0E, 0x7C2E, 0x844E, 0x21A7, 0x0044, 0x0084, 0x0085,
  0x0085, 0x0085, 0x0085, 0x0085, 0x0085, 0x0085, 0x0085, 0x0085, 0x0085, 0x0085, 0x0085, 0x0085,
  0x0085, 0x0085, 0x0085, 0x0085, 0x0085, 0x0085, 0x0085, 0x0085, 0x0085, 0x0085, 0x0085, 0x0085,
  0x0085, 0x0085, 0x0085, 0x0085, 0x0085, 0x0085, 0x0085, 0x0085, 0x0085, 0x0085, 0x0085, 0x0085,
  0x0085, 0x0085, 0x0085, 0x0085, 0x0085, 0x0085, 0x0085, 0x0085, 0x0085, 0x0064, 0x0064, 0x08C6,
  0x1126, 0x29C8, 0x3A08, 0x3A29, 0x29E8, 0x2187, 0x3A28, 0x2987, 0x29A8, 0x29C8, 0x1927, 0x1947,
  0x3A49, 0x31E8, 0x0084, 0x0084, 0x00A5, 0x08C6, 0x0085, 0x0084, 0x0085, 0x0064, 0x2187, 0x1946,
  0x3A49, 0x740E, 0x530B, 0x0065, 0x08C5, 0x6BAC, 0x530B, 0x08A5, 0x0084, 0x0085, 0x0085, 0x0085,
  0x00A5, 0x1126, 0x1926, 0x08C5, 0x0085, 0x0085, 0x0085, 0x0085, 0x0085, 0x0085, 0x0085, 0x0085,
  0x0085, 0x0085, 0x0085, 0x0085, 0x0085, 0x0085, 0x0085, 0x0085, 0x0085, 0x0085, 0x0085, 0x0085,
  0x0085, 0x0085, 0x0085, 0x0085, 0x0085, 0x0085, 0x0085, 0x0085, 0x0085, 0x0085, 0x0085, 0x0084,
  0x0084, 0x0085, 0x0085, 0x0085, 0x0085, 0x0085, 0x0085, 0x0085, 0x0085, 0x0085, 0x0085, 0x0085,
  0x0085, 0x0085, 0x0085, 0x0085, 0x0085, 0x0085, 0x0085, 0x0085, 0x0085, 0x0085, 0x0085, 0x0085,
  0x0085, 0x0085, 0x0085, 0x0085, 0x0085, 0x0085, 0x0085, 0x0085, 0x0085, 0x0085, 0x0085, 0x0085,
  0x0085, 0x0085, 0x0085, 0x0085, 0x0085, 0x0085, 0x0085, 0x0085, 0x0085, 0x0085, 0x0085, 0x0085,
  0x0085, 0x0085, 0x0085, 0x0085, 0x0085, 0x0085, 0x0085, 0x0085, 0x0085, 0x0085, 0x0085, 0x0085,
  0x0085, 0x0085, 0x0085, 0x0085, 0x0085, 0x0085, 0x0085, 0x0085, 0x0085, 0x0085, 0x0085, 0x0085,
  0x0085, 0x0085, 0x0085, 0x0085, 0x0085, 0x0085, 0x0085, 0x0085, 0x0085, 0x0085, 0x0085, 0x0044,
  0x428A, 0x848F, 0x7C0E, 0x7C0E, 0x7C0E, 0x7C2E, 0x7C0E, 0x7C0E, 0x7C0E, 0x7C0E, 0x7C2E, 0x7C0E,
  0x7C0E, 0x7C0E, 0x7C0E, 0x7C0E, 0x7C0E, 0x7C0D, 0x7C0E, 0x7C0D, 0x7C0E, 0x7C0E, 0x7C0D, 0x7C0E,
  0x7C0D, 0x7C0D, 0x7C0D, 0x7C0D, 0x7C0D, 0x7C0E, 0x7C2E, 0x846E, 0x3A49, 0x0044, 0x0085, 0x0085,
  0x0085, 0x0085, 0x0085, 0x0085, 0x0085, 0x0085, 0x0085, 0x0085, 0x0085, 0x0085, 0x0085, 0x0085,
  0x0085, 0x0085, 0x0085, 0x0085, 0x0085, 0x0085, 0x0085, 0x0085, 0x0085, 0x0085, 0x0085, 0x0085,
  0x0085, 0x0085, 0x0085, 0x0085, 0x0085, 0x0085, 0x0085, 0x0085, 0x0085, 0x0085, 0x0085, 0x0064,
  0x1967, 0x7C2E, 0x7C2E, 0x7C0D, 0x7C0D, 0x740D, 0x740D, 0x740D, 0x740D, 0x7C0D, 0x7C0D, 0x7C0D,
  0x7C0D, 0x7C0E, 0x7C0E, 0x7C2E, 0x7C2E, 0x7C0E, 0x7C0E, 0x7C4E, 0x6BAC, 0x08C5, 0x0064, 0x0085,
  0x0084, 0x0085, 0x0085, 0x0064, 0x0085, 0x0085, 0x0085, 0x0085, 0x0085, 0x0085, 0x0085, 0x0085,
  0x0085, 0x0085, 0x0085, 0x0085, 0x0085, 0x0085, 0x0085, 0x0085, 0x0085, 0x0085, 0x0085, 0x0085,
  0x0085, 0x0085, 0x0085, 0x0085, 0x0085, 0x0085, 0x0085, 0x0085, 0x0085, 0x0085, 0x0085, 0x0085,
  0x0085, 0x0085, 0x0085, 0x0085, 0x0085, 0x0085, 0x0085, 0x0085, 0x0085, 0x0085, 0x0085, 0x0085,
  0x0064, 0x0044, 0x0044, 0x0044, 0x0064, 0x00C5, 0x08C6, 0x08C6, 0x3208, 0x1126, 0x0064, 0x3A28,
  0x29A7, 0x0084, 0x0085, 0x0085, 0x0085, 0x0085, 0x0064, 0x0044, 0x0064, 0x0064, 0x0064, 0x0064,
  0x0044, 0x00A5, 0x0085, 0x0085, 0x0064, 0x08E5, 0x4AAA, 0x3A49, 0x08C5, 0x0085, 0x0085, 0x0085,
  0x0085, 0x0064, 0x08C5, 0x08E5, 0x0085, 0x0085, 0x0085, 0x00A5, 0x0085, 0x0085, 0x0085, 0x0085,
  0x0085, 0x0085, 0x0085, 0x0085, 0x0085, 0x0085, 0x0085, 0x0085, 0x0085, 0x0085, 0x0085, 0x0085,
  0x0085, 0x0085, 0x0085, 0x0085, 0x0085, 0x0085, 0x0085, 0x0085, 0x0085, 0x0085, 0x0085, 0x0084,
  0x0084, 0x0085, 0x0085, 0x0085, 0x0085, 0x0085, 0x0085, 0x0085, 0x0085, 0x0085, 0x0085, 0x0085,
  0x0085, 0x0085, 0x0085, 0x0085, 0x0085, 0x0085, 0x0085, 0x0085, 0x0085, 0x0085, 0x0085, 0x0085,
  0x0085, 0x0085, 0x0085, 0x0085, 0x0085, 0x0085, 0x0085, 0x0085, 0x0085, 0x0085, 0x0085, 0x0085,
  0x0085, 0x0085, 0x0085, 0x0085, 0x0085, 0x0085, 0x0085, 0x0085, 0x0085, 0x0085, 0x0085, 0x0085,
  0x0085, 0x0085, 0x0085, 0x0085, 0x0085, 0x0085, 0x0085, 0x0085, 0x0085, 0x0085, 0x0085, 0x0085,
  0x0085, 0x0085, 0x0085, 0x0085, 0x0085, 0x0085, 0x0085, 0x0085, 0x0085, 0x0085, 0x0085, 0x0085,
  0x0085, 0x0085, 0x0084, 0x0085, 0x0085, 0x0085, 0x0085, 0x0085, 0x0085, 0x0085, 0x0085, 0x0064,
  0x0085, 0x636C, 0x7C4E, 0x7C0E, 0x7C0E, 0x7C2E, 0x7C0E, 0x7C2E, 0x7C0E, 0x7C2E, 0x7C2E, 0x7C2E,
  0x7C2E, 0x7C0E, 0x7C0E, 0x7C0E, 0x7C0D, 0x7C0D, 0x7C0E, 0x7C0D, 0x7C0E, 0x7C0D, 0x7C0D, 0x7C0E,
  0x7C0D, 0x7C0D, 0x7C0D, 0x7C0D, 0x7C0D, 0x7C0D, 0x7C2E, 0x4ACB, 0x0064, 0x0064, 0x0085, 0x0085,
  0x0085, 0x0085, 0x0085, 0x0085, 0x0085, 0x0085, 0x0085, 0x0085, 0x0085, 0x0085, 0x0085, 0x0085,
  0x0085, 0x0085, 0x0085, 0x0085, 0x0085, 0x0085, 0x0085, 0x0085, 0x0085, 0x0085, 0x0085, 0x0085,
  0x0085, 0x0085, 0x0085, 0x0085, 0x0085, 0x0085, 0x0085, 0x0085, 0x0085, 0x0085, 0x0085, 0x0064,
  0x1106, 0x740D, 0x7C2E, 0x7C0E, 0x7C0D, 0x740D, 0x740D, 0x740D, 0x7C0D, 0x7C0D, 0x7C0E, 0x7C0D,
  0x7C0D, 0x7C0E, 0x7C0E, 0x7C2E, 0x7C0E, 0x7C0E, 0x7C0E, 0x7C2E, 0x7C2E, 0x1106, 0x0084, 0x0085,
  0x0084, 0x0085, 0x0064, 0x08E5, 0x0085, 0x0085, 0x0085, 0x0085, 0x0085, 0x0085, 0x0085, 0x0085,
  0x0085, 0x0085, 0x0085, 0x0085, 0x0085, 0x0085, 0x0085, 0x0085, 0x0085, 0x0085, 0x0085, 0x0085,
  0x0085, 0x0085, 0x0085, 0x0085, 0x0085, 0x0085, 0x0085, 0x0085, 0x0085, 0x0085, 0x0085, 0x0085,
  0x0085, 0x0085, 0x0085, 0x0085, 0x0085, 0x0085, 0x0085, 0x0085, 0x0085, 0x0085, 0x0085, 0x0085,
  0x0085, 0x0085, 0x0085, 0x0085, 0x0085, 0x0085, 0x0085, 0x0085, 0x0064, 0x0084, 0x00A5, 0x00A5,
  0x0064, 0x0085, 0x0085, 0x0064, 0x1126, 0x29C8, 0x3A69, 0x31E8, 0x2167, 0x1947, 0x0085, 0x0085,
  0x0043, 0x31E7, 0x3208, 0x0044, 0x0085, 0x0064, 0x0044, 0x0085, 0x00A5, 0x0085, 0x0085, 0x0085,
  0x0085, 0x0085, 0x0085, 0x0085, 0x0085, 0x0085, 0x0085, 0x0085, 0x0085, 0x0085, 0x0085, 0x0085,
  0x0085, 0x0085, 0x0085, 0x0085, 0x0085, 0x0085, 0x0085, 0x0085, 0x0085, 0x0085, 0x0085, 0x0085,
  0x0085, 0x0085, 0x0085, 0x0085, 0x0085, 0x0085, 0x0085, 0x0085, 0x0085, 0x0085, 0x0085, 0x0084,
  0x0084, 0x0085, 0x0085, 0x0085, 0x0085, 0x0085, 0x0085, 0x0085, 0x0085, 0x0085, 0x0085, 0x0085,
  0x0085, 0x0085, 0x0085, 0x0085, 0x0085, 0x0085, 0x0085, 0x0085, 0x0085, 0x0085, 0x0085, 0x0085,
  0x0085, 0x0085, 0x0085, 0x0085, 0x0085, 0x0085, 0x0085, 0x0085, 0x0085, 0x0085, 0x0085, 0x0085,
  0x0085, 0x0085, 0x0085, 0x0085, 0x0085, 0x0085, 0x0085, 0x0085, 0x0085, 0x0085, 0x0085, 0x0085,
  0x0085, 0x0085, 0x0085, 0x0085, 0x0085, 0x0085, 0x0085, 0x0085, 0x0085, 0x0085, 0x0085, 0x0085,
  0x0085, 0x0085, 0x0085, 0x0085, 0x0085, 0x0085, 0x0085, 0x0085, 0x0085, 0x0085, 0x0085, 0x0085,
  0x0085, 0x0085, 0x0085, 0x0085, 0x0085, 0x0085, 0x0085, 0x0085, 0x0085, 0x0085, 0x0085, 0x0085,
  0x0023, 0x31E8, 0x8CAF, 0x7C2E, 0x7C0E, 0x7C0E, 0x7C0E, 0x7C0E, 0x7C0E, 0x7C2E, 0x7C2E, 0x7C2E,
  0x7C0E, 0x7C0E, 0x7C0E, 0x7C0E, 0x7C0E, 0x7C0E, 0x7C0E, 0x7C0E, 0x7C0E, 0x7C0E, 0x7C0E, 0x7C0D,
  0x7C0D, 0x7C0D, 0x7C0D, 0x7C0D, 0x7C0E, 0x844E, 0x636C, 0x0044, 0x0084, 0x0085, 0x0085, 0x0085,
  0x0085, 0x0085, 0x0085, 0x0085, 0x0085, 0x0085, 0x0085, 0x0085, 0x0085, 0x0085, 0x0085, 0x0085,
  0x0085, 0x0085, 0x0085, 0x0085, 0x0085, 0x0085, 0x0085, 0x0085, 0x0085, 0x0085, 0x0085, 0x0085,
  0x0085, 0x0085, 0x0085, 0x0085, 0x0085, 0x0085, 0x0085, 0x0085, 0x0085, 0x0085, 0x0064, 0x0084,
  0x638C, 0x7C2E, 0x740D, 0x740D, 0x740D, 0x740D, 0x7C0D, 0x7C0D, 0x7C0D, 0x7C0D, 0x7C0D, 0x7C0D,
  0x7C0E, 0x7C0E, 0x7C0E, 0x7C0E, 0x7C2E, 0x7C2E, 0x7C0E, 0x7C2E, 0x7C0E, 0x1106, 0x0064, 0x0084,
  0x0084, 0x0044, 0x08C5, 0x6BAD, 0x1967, 0x0064, 0x0085, 0x0085, 0x0085, 0x0085, 0x0085, 0x0085,
  0x0085, 0x0085, 0x0085, 0x0085, 0x0085, 0x0085, 0x0085, 0x0085, 0x0085, 0x0085, 0x0085, 0x0085,
  0x0085, 0x0085, 0x0085, 0x0085, 0x0085, 0x0085, 0x0085, 0x0085, 0x0085, 0x0085, 0x0085, 0x0085,
  0x0085, 0x0085, 0x0085, 0x0085, 0x0085, 0x0085, 0x0085, 0x0085, 0x0085, 0x0085, 0x0085, 0x0085,
  0x0085, 0x0085, 0x0085, 0x0085, 0x0085, 0x0085, 0x0085, 0x0085, 0x0085, 0x0085, 0x0084, 0x0084,
  0x0064, 0x0064, 0x0065, 0x0044, 0x3228, 0x7C0E, 0x7C2E, 0x844E, 0x7C2E, 0x31E8, 0x0064, 0x0085,
  0x0065, 0x5B4C, 0x638C, 0x0003, 0x0085, 0x0085, 0x0085, 0x0085, 0x0084, 0x0085, 0x0085, 0x0085,
  0x0085, 0x0085, 0x0085, 0x0085, 0x0085, 0x0085, 0x0085, 0x0085, 0x0085, 0x0085, 0x0085, 0x0085,
  0x0085, 0x0085, 0x0085, 0x0085, 0x0085, 0x0085, 0x0085, 0x0085, 0x0085, 0x0085, 0x0085, 0x0085,
  0x0085, 0x0085, 0x0085, 0x0085, 0x0085, 0x0085, 0x0085, 0x0085, 0x0085, 0x0085, 0x0085, 0x0084,
  0x0084, 0x0085, 0x0085, 0x0085, 0x0085, 0x0085, 0x0085, 0x0085, 0x0085, 0x0085, 0x0085, 0x0085,
  0x0085, 0x0085, 0x0085, 0x0085, 0x0085, 0x0085, 0x0085, 0x0085, 0x0085, 0x0085, 0x0085, 0x0085,
  0x0085, 0x0085, 0x0085, 0x0085, 0x0085, 0x0085, 0x0085, 0x0085, 0x0085, 0x0085, 0x0085, 0x0085,
  0x0085, 0x0085, 0x0085, 0x0085, 0x0085, 0x0085, 0x0085, 0x0085, 0x0085, 0x0085, 0x0085, 0x0085,
  0x0085, 0x0085, 0x0085, 0x0085, 0x0085, 0x0085, 0x0085, 0x0085, 0x0085, 0x0085, 0x0085, 0x0085,
  0x0085, 0x0085, 0x0085, 0x0085, 0x0085, 0x0085, 0x0085, 0x0085, 0x0085, 0x0085, 0x0085, 0x0085,
  0x0085, 0x0085, 0x0085, 0x0085, 0x0085, 0x0085, 0x0085, 0x0085, 0x0085, 0x0085, 0x0085, 0x0085,
  0x0084, 0x08A5, 0x4AAA, 0x7C2E, 0x846E, 0x7C2E, 0x7C2E, 0x7C2E, 0x7C2E, 0x7C2E, 0x7C0E, 0x7C0E,
  0x7C0E, 0x7C0E, 0x7C0E, 0x7C0E, 0x7C0E, 0x7C0E, 0x7C0E, 0x7C0E, 0x7C0E, 0x7C0D, 0x7C0D, 0x7C0E,
  0x7C0D, 0x7C0D, 0x7C0D, 0x7C0D, 0x7C0D, 0x7C4E, 0x636C, 0x0065, 0x0085, 0x0085, 0x0085, 0x0085,
  0x0085, 0x0085, 0x0085, 0x0085, 0x0085, 0x0085, 0x0085, 0x0085, 0x0085, 0x0085, 0x0085, 0x0085,
  0x0085, 0x0085, 0x0085, 0x0085, 0x0085, 0x0085, 0x0085, 0x0085, 0x0085, 0x0085, 0x0085, 0x0085,
  0x0085, 0x0085, 0x0085, 0x0085, 0x0085, 0x0085, 0x0085, 0x0085, 0x0085, 0x0085, 0x0044, 0x2187,
  0x844E, 0x740D, 0x740D, 0x740D, 0x740D, 0x740D, 0x740D, 0x740D, 0x7C0D, 0x7C0D, 0x7C0D, 0x7C0D,
  0x7C0D, 0x7C0E, 0x7C0E, 0x7C0E, 0x7C2E, 0x7C0E, 0x7C0E, 0x7C2E, 0x7C4E, 0x1126, 0x0064, 0x0085,
  0x0044, 0x08A5, 0x5B2B, 0x8C8F, 0x3A28, 0x0043, 0x0085, 0x0085, 0x0085, 0x0085, 0x0085, 0x0085,
  0x0085, 0x0085, 0x0085, 0x0085, 0x0085, 0x0085, 0x0085, 0x0085, 0x0085, 0x0085, 0x0085, 0x0085,
  0x0085, 0x0085, 0x0085, 0x0085, 0x0085, 0x0085, 0x0085, 0x0085, 0x0085, 0x0085, 0x0085, 0x0085,
  0x0085, 0x0085, 0x0085, 0x0085, 0x0085, 0x0085, 0x0085, 0x0085, 0x0085, 0x0085, 0x0085, 0x0085,
  0x0085, 0x0085, 0x0085, 0x0085, 0x0085, 0x0085, 0x0085, 0x0085, 0x0085, 0x0085, 0x0085, 0x0064,
  0x08C5, 0x5B2B, 0x4AAA, 0x1126, 0x6BCD, 0x7C2E, 0x740D, 0x7C2E, 0x634C, 0x0064, 0x0064, 0x0085,
  0x0044, 0x5B2B, 0x7C2E, 0x3A49, 0x00A5, 0x0084, 0x0084, 0x0085, 0x0085, 0x0085, 0x0085, 0x0085,
  0x0085, 0x0085, 0x0085, 0x0085, 0x0085, 0x0085, 0x0085, 0x0085, 0x0085, 0x0085, 0x0085, 0x0085,
  0x0085, 0x0085, 0x0085, 0x0085, 0x0085, 0x0085, 0x0085, 0x0085, 0x0085, 0x0085, 0x0085, 0x0085,
  0x0085, 0x0085, 0x0085, 0x0085, 0x0085, 0x0085, 0x0085, 0x0085, 0x0085, 0x0085, 0x0085, 0x0084,
  0x0084, 0x0085, 0x0084, 0x0085, 0x0085, 0x0085, 0x0085, 0x0085, 0x0085, 0x0085, 0x0085, 0x0085,
  0x0085, 0x0085, 0x0085, 0x0085, 0x0085, 0x0085, 0x0085, 0x0085, 0x0085, 0x0085, 0x0085, 0x0085,
  0x0085, 0x0085, 0x0085, 0x0085, 0x0085, 0x0085, 0x0085, 0x0085, 0x0085, 0x0085, 0x0085, 0x0085,
  0x0085, 0x0085, 0x0085, 0x0085, 0x0085, 0x0085, 0x0085, 0x0085, 0x0085, 0x0085, 0x0085, 0x0085,
  0x0085, 0x0085, 0x0085, 0x0085, 0x0085, 0x0085, 0x0085, 0x0085, 0x0085, 0x0085, 0x0085, 0x0085,
  0x0085, 0x0085, 0x0085, 0x0085, 0x0085, 0x0085, 0x0085, 0x0085, 0x0085, 0x0085, 0x0085, 0x0085,
  0x0085, 0x0085, 0x0085, 0x0085, 0x0085, 0x0085, 0x0085, 0x0085, 0x0085, 0x0085, 0x0085, 0x0085,
  0x0085, 0x0064, 0x0044, 0x1126, 0x4A8A, 0x7C2E, 0x7C4E, 0x7C2E, 0x7C2E, 0x7C2E, 0x7C2E, 0x7C0E,
  0x7C0E, 0x7C0E, 0x7C0D, 0x7C0E, 0x7C0E, 0x7C0E, 0x7C0E, 0x7C0E, 0x7C0E, 0x7C0E, 0x7C0E, 0x7C0E,
  0x7C0D, 0x7C0E, 0x7C0D, 0x7C0D, 0x7C2E, 0x844E, 0x636C, 0x0064, 0x0084, 0x0085, 0x0085, 0x0085,
  0x0085, 0x0085, 0x0085, 0x0085, 0x0085, 0x0085, 0x0085, 0x0085, 0x0085, 0x0085, 0x0085, 0x0085,
  0x0085, 0x0085, 0x0085, 0x0085, 0x0085, 0x0085, 0x0085, 0x0085, 0x0085, 0x0085, 0x0085, 0x0085,
  0x0085, 0x0085, 0x0085, 0x0085, 0x0085, 0x0085, 0x0085, 0x0085, 0x0085, 0x0085, 0x0044, 0x4ACA,
  0x7C4E, 0x740D, 0x740D, 0x740D, 0x740D, 0x740D, 0x740D, 0x740D, 0x7C0D, 0x7C0E, 0x7C0E, 0x7C0E,
  0x7C0E, 0x7C0E, 0x7C2E, 0x7C0E, 0x7C2E, 0x7C2E, 0x846F, 0x7C4E, 0x4269, 0x0064, 0x0064, 0x08A5,
  0x426A, 0x73CD, 0x846E, 0x7C2E, 0x2188, 0x0065, 0x0085, 0x0085, 0x0085, 0x0085, 0x0085, 0x0085,
  0x0085, 0x0085, 0x0085, 0x0085, 0x0085, 0x0085, 0x0085, 0x0085, 0x0085, 0x0085, 0x0085, 0x0085,
  0x0085, 0x0085, 0x0085, 0x0085, 0x0085, 0x0085, 0x0085, 0x0085, 0x0085, 0x0085, 0x0085, 0x0085,
  0x0085, 0x0085, 0x0085, 0x0085, 0x0085, 0x0085, 0x0085, 0x0085, 0x0085, 0x0085, 0x0085, 0x0085,
  0x0085, 0x0085, 0x0085, 0x0085, 0x0085, 0x0085, 0x0085, 0x0085, 0x0085, 0x0085, 0x0064, 0x08C6,
  0x636C, 0x848F, 0x7C4E, 0x740D, 0x740D, 0x740D, 0x740D, 0x740D, 0x73ED, 0x4ACA, 0x1947, 0x0064,
  0x0044, 0x636C, 0x846E, 0x846E, 0x1946, 0x0044, 0x0085, 0x0085, 0x0085, 0x0085, 0x0085, 0x0085,
  0x0085, 0x0085, 0x0085, 0x0085, 0x0085, 0x0085, 0x0085, 0x0085, 0x0085, 0x0085, 0x0085, 0x0085,
  0x0085, 0x0085, 0x0085, 0x0085, 0x0085, 0x0085, 0x0085, 0x0085, 0x0085, 0x0085, 0x0085, 0x0085,
  0x0085, 0x0085, 0x0085, 0x0085, 0x0085, 0x0085, 0x0085, 0x0085, 0x0085, 0x0085, 0x0085, 0x0084,
  0x0084, 0x0085, 0x0084, 0x0085, 0x0085, 0x0085, 0x0085, 0x0085, 0x0085, 0x0085, 0x0085, 0x0085,
  0x0085, 0x0085, 0x0085, 0x0085, 0x0085, 0x0085, 0x0085, 0x0085, 0x0085, 0x0085, 0x0085, 0x0085,
  0x0085, 0x0085, 0x0085, 0x0085, 0x0085, 0x0085, 0x0085, 0x0085, 0x0085, 0x0085, 0x0085, 0x0085,
  0x0085, 0x0085, 0x0085, 0x0085, 0x0085, 0x0085, 0x0085, 0x0085, 0x0085, 0x0085, 0x0085, 0x0085,
  0x0085, 0x0085, 0x0085, 0x0085, 0x0085, 0x0085, 0x0085, 0x0085, 0x0085, 0x0085, 0x0085, 0x0085,
  0x0085, 0x0085, 0x0085, 0x0085, 0x0085, 0x0085, 0x0085, 0x0085, 0x0085, 0x0085, 0x0085, 0x0085,
  0x0085, 0x0085, 0x0085, 0x0085, 0x0085, 0x0085, 0x0085, 0x0085, 0x0085, 0x0085, 0x0085, 0x0085,
  0x0085, 0x0085, 0x0085, 0x0064, 0x0024, 0x2187, 0x73ED, 0x7C2E, 0x7C2E, 0x7C2E, 0x7C0E, 0x7C0E,
  0x7C0D, 0x7C0E, 0x7C0D, 0x7C0D, 0x7C0E, 0x7C0E, 0x7C0E, 0x7C0E, 0x7C0E, 0x7C0D, 0x7C0E, 0x7C0E,
  0x7C0D, 0x7C0D, 0x7C0D, 0x7C0D, 0x7C0D, 0x846E, 0x3229, 0x0044, 0x0085, 0x0085, 0x0085, 0x0085,
  0x0085, 0x0085, 0x0085, 0x0085, 0x0085, 0x0085, 0x0085, 0x0085, 0x0085, 0x0085, 0x0085, 0x0085,
  0x0085, 0x0085, 0x0085, 0x0085, 0x0085, 0x0085, 0x0085, 0x0085, 0x0085, 0x0085, 0x0085, 0x0085,
  0x0085, 0x0085, 0x0085, 0x0085, 0x0085, 0x0085, 0x0085, 0x0085, 0x0085, 0x0085, 0x0044, 0x530B,
  0x844E, 0x740D, 0x740D, 0x740D, 0x740D, 0x740D, 0x7C0D, 0x7C0D, 0x7C0D, 0x7C0E, 0x7C0E, 0x7C0E,
  0x7C0E, 0x7C0E, 0x7C0E, 0x7C0E, 0x7C2E, 0x846F, 0x4ACA, 0x1106, 0x0065, 0x0085, 0x0044, 0x29C7,
  0x848E, 0x7C2E, 0x7C2E, 0x6B8C, 0x0085, 0x0085, 0x0085, 0x0085, 0x0085, 0x0085, 0x0085, 0x0085,
  0x0085, 0x0085, 0x0085, 0x0085, 0x0085, 0x0085, 0x0085, 0x0085, 0x0085, 0x0085, 0x0085, 0x0085,
  0x0085, 0x0085, 0x0085, 0x0085, 0x0085, 0x0085, 0x0085, 0x0085, 0x0085, 0x0085, 0x0085, 0x0085,
  0x0085, 0x0085, 0x0085, 0x0085, 0x0085, 0x0085, 0x0085, 0x0085, 0x0085, 0x0085, 0x0085, 0x0085,
  0x0085, 0x0085, 0x0085, 0x0085, 0x0085, 0x0085, 0x0085, 0x0085, 0x0085, 0x0044, 0x29E8, 0x6BAD,
  0x844E, 0x7C2E, 0x7C0E, 0x7C0E, 0x740D, 0x740D, 0x740D, 0x740D, 0x740D, 0x844E, 0x7C2E, 0x4269,
  0x31E8, 0x7C0D, 0x7C2E, 0x846E, 0x428A, 0x0024, 0x0085, 0x0085, 0x0085, 0x0085, 0x0085, 0x0085,
  0x0085, 0x0085, 0x0085, 0x0085, 0x0085, 0x0085, 0x0085, 0x0085, 0x0085, 0x0085, 0x0085, 0x0085,
  0x0085, 0x0085, 0x0085, 0x0085, 0x0085, 0x0085, 0x0085, 0x0085, 0x0085, 0x0085, 0x0085, 0x0085,
  0x0085, 0x0085, 0x0085, 0x0085, 0x0085, 0x0085, 0x0085, 0x0085, 0x0085, 0x0085, 0x0085, 0x0084,
  0x0084, 0x0085, 0x0085, 0x0085, 0x0085, 0x0085, 0x0085, 0x0085, 0x0085, 0x0085, 0x0085, 0x0085,
  0x0085, 0x0085, 0x0085, 0x0085, 0x0085, 0x0085, 0x0085, 0x0085, 0x0085, 0x0085, 0x0085, 0x0085,
  0x0085, 0x0085, 0x0085, 0x0085, 0x0085, 0x0085, 0x0085, 0x0085, 0x0085, 0x0084, 0x0085, 0x0085,
  0x0085, 0x0085, 0x0085, 0x0085, 0x0085, 0x0085, 0x0085, 0x0085, 0x0085, 0x0085, 0x0085, 0x0085,
  0x0085, 0x0085, 0x0085, 0x0085, 0x0085, 0x0085, 0x0085, 0x0085, 0x0085, 0x0085, 0x0085, 0x0085,
  0x0085, 0x0085, 0x0085, 0x0085, 0x0085, 0x0085, 0x0085, 0x0085, 0x0085, 0x0085, 0x0085, 0x0085,
  0x0085, 0x0085, 0x0085, 0x0085, 0x0085, 0x0085, 0x0085, 0x0085, 0x0085, 0x0085, 0x0085, 0x0085,
  0x0085, 0x0085, 0x0085, 0x0085, 0x0085, 0x0044, 0x5B4B, 0x846E, 0x7C2E, 0x7C2E, 0x7C0E, 0x7C0D,
  0x7C0D, 0x7C0E, 0x7C0D, 0x7C0E, 0x7C0D, 0x7C0E, 0x7C0E, 0x7C0E, 0x7C0D, 0x7C0E, 0x7C0E, 0x7C0E,
  0x7C0D, 0x7C0D, 0x7C0D, 0x7C0D, 0x7C2E, 0x740D, 0x08E6, 0x0065, 0x0085, 0x0085, 0x0085, 0x0085,
  0x0085, 0x0085, 0x0085, 0x0085, 0x0085, 0x0085, 0x0085, 0x0085, 0x0085, 0x0085, 0x0085, 0x0085,
  0x0085, 0x0085, 0x0085, 0x0085, 0x0085, 0x0085, 0x0085, 0x0085, 0x0085, 0x0085, 0x0085, 0x0085,
  0x0085, 0x0085, 0x0085, 0x0085, 0x0085, 0x0085, 0x0085, 0x0085, 0x0085, 0x0085, 0x0064, 0x1946,
  0x7C0D, 0x7C0D, 0x740D, 0x740D, 0x740D, 0x7C0D, 0x7C0D, 0x7C0D, 0x7C0D, 0x7C0D, 0x7C0D, 0x7C0D,
  0x7C0D, 0x7C0E, 0x7C0E, 0x7C2E, 0x7C0E, 0x3A29, 0x0044, 0x0064, 0x0085, 0x0085, 0x0064, 0x1106,
  0x740D, 0x7C2D, 0x844E, 0x428A, 0x0044, 0x0085, 0x0085, 0x0085, 0x0085, 0x0085, 0x0085, 0x0085,
  0x0085, 0x0085, 0x0085, 0x0085, 0x0085, 0x0085, 0x0085, 0x0085, 0x0085, 0x0085, 0x0085, 0x0085,
  0x0085, 0x0085, 0x0085, 0x0085, 0x0085, 0x0085, 0x0085, 0x0085, 0x0085, 0x0085, 0x0084, 0x0085,
  0x0085, 0x0085, 0x0085, 0x0085, 0x0085, 0x0085, 0x0085, 0x0085, 0x0085, 0x0085, 0x0085, 0x0085,
  0x0085, 0x0085, 0x0085, 0x0085, 0x0085, 0x0085, 0x0064, 0x0064, 0x0024, 0x0084, 0x638C, 0x844E,
  0x7C0D, 0x7C0D, 0x7C0D, 0x7C0D, 0x740D, 0x740D, 0x740D, 0x740D, 0x740D, 0x740D, 0x7C0E, 0x7C2E,
  0x7C2E, 0x7C0E, 0x7C0D, 0x7C2E, 0x6BAD, 0x10E6, 0x0044, 0x0085, 0x0085, 0x0085, 0x0085, 0x0085,
  0x0085, 0x0085, 0x0085, 0x0085, 0x0085, 0x0085, 0x0085, 0x0085, 0x0085, 0x0085, 0x0085, 0x0085,
  0x0085, 0x0085, 0x0085, 0x0085, 0x0085, 0x0085, 0x0085, 0x0085, 0x0085, 0x0085, 0x0085, 0x0085,
  0x0085, 0x0085, 0x0085, 0x0085, 0x0085, 0x0085, 0x0085, 0x0085, 0x0085, 0x0085, 0x0085, 0x0084,
  0x0084, 0x0085, 0x0085, 0x0085, 0x0085, 0x0085, 0x0085, 0x0085, 0x0085, 0x0085, 0x0085, 0x0085,
  0x0085, 0x0085, 0x0085, 0x0085, 0x0085, 0x0085, 0x0085, 0x0085, 0x0085, 0x0085, 0x0085, 0x0085,
  0x0085, 0x0085, 0x0085, 0x0085, 0x0085, 0x0085, 0x0085, 0x0085, 0x0085, 0x0085, 0x0085, 0x0085,
  0x0085, 0x0085, 0x0085, 0x0085, 0x0085, 0x0085, 0x0085, 0x0085, 0x0085, 0x0085, 0x0085, 0x0085,
  0x0085, 0x0085, 0x0085, 0x0085, 0x0085, 0x0085, 0x0085, 0x0085, 0x0085, 0x0085, 0x0085, 0x0085,
  0x0085, 0x0085, 0x0085, 0x0085, 0x0085, 0x0085, 0x0085, 0x0085, 0x0085, 0x0085, 0x0085, 0x0085,
  0x0085, 0x0085, 0x0085, 0x0085, 0x0085, 0x0085, 0x0085, 0x0085, 0x0085, 0x0085, 0x0085, 0x0085,
  0x0085, 0x0085, 0x0085, 0x0085, 0x0085, 0x0064, 0x530B, 0x844E, 0x7C0E, 0x7C0E, 0x7C0E, 0x7C0D,
  0x7C0D, 0x7C0D, 0x7C0D, 0x7C0D, 0x7C0E, 0x7C0E, 0x7C0E, 0x7C0E, 0x7C2E, 0x7C2E, 0x7C0E, 0x7C0E,
  0x7C0E, 0x7C0E, 0x7C2E, 0x7C4E, 0x8C8F, 0x3A49, 0x0044, 0x0084, 0x0085, 0x0085, 0x0085, 0x0085,
  0x0085, 0x0085, 0x0085, 0x0085, 0x0085, 0x0085, 0x0085, 0x0085, 0x0085, 0x0085, 0x0085, 0x0085,
  0x0085, 0x0085, 0x0085, 0x0085, 0x0085, 0x0085, 0x0085, 0x0085, 0x0085, 0x0085, 0x0085, 0x0085,
  0x0085, 0x0085, 0x0085, 0x0085, 0x0085, 0x0085, 0x0085, 0x0085, 0x0085, 0x0085, 0x0085, 0x0044,
  0x4289, 0x844E, 0x740D, 0x740D, 0x740D, 0x7C0D, 0x7C0D, 0x7C0D, 0x7C0D, 0x7C0D, 0x7C0D, 0x740D,
  0x7C0D, 0x7C0E, 0x7C0E, 0x844E, 0x530B, 0x0024, 0x0085, 0x0085, 0x0085, 0x0085, 0x0064, 0x2167,
  0x7C2E, 0x7C2E, 0x7C2E, 0x1946, 0x0064, 0x0085, 0x0085, 0x0085, 0x0085, 0x0085, 0x0085, 0x0085,
  0x0085, 0x0085, 0x0085, 0x0085, 0x0085, 0x0085, 0x0085, 0x0085, 0x0085, 0x0085, 0x0085, 0x0085,
  0x0085, 0x0085, 0x0085, 0x0085, 0x0085, 0x0085, 0x0085, 0x0085, 0x0085, 0x0085, 0x0085, 0x0085,
  0x0085, 0x0085, 0x0085, 0x0085, 0x0085, 0x0085, 0x0085, 0x0085, 0x0085, 0x0085, 0x0085, 0x0085,
  0x0085, 0x0085, 0x0085, 0x0085, 0x0064, 0x0064, 0x08C5, 0x2167, 0x4269, 0x5B4C, 0x7C2E, 0x7C0D,
  0x7C0D, 0x740D, 0x7C0D, 0x7C0D, 0x740D, 0x740D, 0x740D, 0x740D, 0x740D, 0x740D, 0x7C0D, 0x7C0D,
  0x7C0E, 0x740D, 0x740D, 0x740D, 0x7C2E, 0x7C0D, 0x3A49, 0x0064, 0x0085, 0x0085, 0x0085, 0x0085,
  0x0085, 0x0085, 0x0085, 0x0085, 0x0085, 0x0085, 0x0085, 0x0085, 0x0085, 0x0085, 0x0085, 0x0085,
  0x0085, 0x0085, 0x0085, 0x0085, 0x0085, 0x0084, 0x0085, 0x0085, 0x0085, 0x0085, 0x0085, 0x0085,
  0x0085, 0x0085, 0x0085, 0x0085, 0x0085, 0x0085, 0x0085, 0x0085, 0x0085, 0x0085, 0x0085, 0x0084,
  0x0084, 0x0085, 0x0085, 0x0085, 0x0085, 0x0085, 0x0085, 0x0085, 0x0085, 0x0085, 0x0085, 0x0085,
  0x0085, 0x0085, 0x0085, 0x0085, 0x0085, 0x0085, 0x0085, 0x0085, 0x0085, 0x0085, 0x0085, 0x0085,
  0x0085, 0x0085, 0x0085, 0x0085, 0x0085, 0x0085, 0x0085, 0x0085, 0x0085, 0x0085, 0x0085, 0x0085,
  0x0085, 0x0085, 0x0085, 0x0085, 0x0085, 0x0085, 0x0085, 0x0085, 0x0085, 0x0085, 0x0085, 0x0085,
  0x0085, 0x0085, 0x0085, 0x0085, 0x0085, 0x0085, 0x0085, 0x0085, 0x0085, 0x0085, 0x0085, 0x0085,
  0x0085, 0x0085, 0x0085, 0x0085, 0x0085, 0x0085, 0x0085, 0x0085, 0x0085, 0x0085, 0x0085, 0x0085,
  0x0085, 0x0085, 0x0085, 0x0085, 0x0085, 0x0085, 0x0085, 0x0085, 0x0085, 0x0085, 0x0085, 0x0085,
  0x0085, 0x0085, 0x0085, 0x0085, 0x0085, 0x0084, 0x636C, 0x7C4E, 0x7C2E, 0x7C2E, 0x7C2E, 0x7C2E,
  0x7C0E, 0x7C0E, 0x7C0E, 0x7C0E, 0x7C0D, 0x7C0E, 0x7C0E, 0x7C0E, 0x7C0E, 0x7C2E, 0x7C2E, 0x7C0E,
  0x7C4E, 0x846E, 0x73ED, 0x6BAD, 0x4ACA, 0x08A5, 0x0084, 0x0084, 0x0084, 0x0085, 0x0085, 0x0085,
  0x0085, 0x0085, 0x0085, 0x0085, 0x0085, 0x0085, 0x0085, 0x0085, 0x0085, 0x0085, 0x0085, 0x0085,
  0x0085, 0x0085, 0x0085, 0x0085, 0x0085, 0x0085, 0x0085, 0x0085, 0x0085, 0x0085, 0x0085, 0x0085,
  0x0085, 0x0085, 0x0085, 0x0085, 0x0085, 0x0085, 0x0085, 0x0085, 0x0085, 0x0085, 0x0085, 0x0064,
  0x08C5, 0x6BAD, 0x7C2E, 0x7C0D, 0x7C0D, 0x7C0D, 0x7C0E, 0x7C0D, 0x7C0D, 0x7C0D, 0x7C0D, 0x7C0D,
  0x7C0D, 0x7C0D, 0x7C0E, 0x7C2E, 0x73ED, 0x10E5, 0x0064, 0x0085, 0x0085, 0x0085, 0x0084, 0x638C,
  0x7C4E, 0x7C4E, 0x638C, 0x0084, 0x0084, 0x0085, 0x0085, 0x0085, 0x0085, 0x0085, 0x0085, 0x0085,
  0x0085, 0x0085, 0x0085, 0x0085, 0x0085, 0x0085, 0x0085, 0x0085, 0x0085, 0x0085, 0x0085, 0x0085,
  0x0085, 0x0085, 0x0085, 0x0085, 0x0085, 0x0085, 0x0085, 0x0085, 0x0085, 0x0085, 0x0085, 0x0085,
  0x0085, 0x0085, 0x0085, 0x0085, 0x0085, 0x0085, 0x0085, 0x0085, 0x0085, 0x0085, 0x0085, 0x0085,
  0x0085, 0x0085, 0x0085, 0x0085, 0x10E5, 0x4289, 0x73ED, 0x7C2E, 0x844E, 0x7C2E, 0x740D, 0x740D,
  0x740D, 0x7C0D, 0x7C0D, 0x740D, 0x7C0D, 0x7C0D, 0x740D, 0x740D, 0x7C0D, 0x740D, 0x740D, 0x740D,
  0x7C0E, 0x740D, 0x740D, 0x740E, 0x7C0E, 0x7C2E, 0x846E, 0x29A7, 0x0044, 0x0085, 0x0085, 0x0085,
  0x0085, 0x0085, 0x0085, 0x0085, 0x0085, 0x0085, 0x0085, 0x0085, 0x0085, 0x0085, 0x0085, 0x0085,
  0x0085, 0x0085, 0x0085, 0x0085, 0x0085, 0x0085, 0x0085, 0x0085, 0x0085, 0x0085, 0x0085, 0x0085,
  0x0085, 0x0085, 0x0085, 0x0085, 0x0085, 0x0085, 0x0085, 0x0085, 0x0085, 0x0085, 0x0085, 0x0084,
  0x0084, 0x0085, 0x0085, 0x0085, 0x0085, 0x0085, 0x0085, 0x0085, 0x0085, 0x0085, 0x0085, 0x0085,
  0x0085, 0x0085, 0x0085, 0x0085, 0x0085, 0x0085, 0x0085, 0x0085, 0x0085, 0x0085, 0x0085, 0x0085,
  0x0085, 0x0085, 0x0085, 0x0085, 0x0085, 0x0085, 0x0085, 0x0085, 0x0085, 0x0085, 0x0085, 0x0085,
  0x0085, 0x0085, 0x0085, 0x0085, 0x0085, 0x0085, 0x0085, 0x0085, 0x0085, 0x0085, 0x0085, 0x0085,
  0x0085, 0x0085, 0x0085, 0x0085, 0x0085, 0x0085, 0x0085, 0x0085, 0x0085, 0x0085, 0x0085, 0x0085,
  0x0085, 0x0085, 0x0085, 0x0085, 0x0085, 0x0085, 0x0085, 0x0085, 0x0085, 0x0085, 0x0085, 0x0085,
  0x0085, 0x0085, 0x0085, 0x0085, 0x0085, 0x0085, 0x0085, 0x0085, 0x0085, 0x0085, 0x0085, 0x0085,
  0x0085, 0x0085, 0x0085, 0x0085, 0x0084, 0x08C5, 0x73CD, 0x7C2E, 0x7C0E, 0x7C2E, 0x7C0E, 0x7C2E,
  0x7C0E, 0x7C0E, 0x7C0E, 0x7C0E, 0x7C0D, 0x7C0E, 0x7C0E, 0x7C0E, 0x7C0E, 0x7C0E, 0x7C2E, 0x846E,
  0x6BAD, 0x3A29, 0x08E5, 0x0085, 0x0064, 0x0064, 0x0085, 0x0085, 0x0085, 0x0085, 0x0085, 0x0084,
  0x0085, 0x0085, 0x0085, 0x0085, 0x0085, 0x0085, 0x0085, 0x0085, 0x0085, 0x0085, 0x0085, 0x0085,
  0x0085, 0x0085, 0x0085, 0x0085, 0x0085, 0x0085, 0x0085, 0x0085, 0x0085, 0x0085, 0x0085, 0x0085,
  0x0085, 0x0085, 0x0085, 0x0085, 0x0085, 0x0085, 0x0085, 0x0085, 0x0085, 0x0085, 0x0085, 0x0085,
  0x0044, 0x5B2B, 0x7C4E, 0x740D, 0x7C0D, 0x7C0D, 0x7C0E, 0x7C0D, 0x7C0D, 0x7C0D, 0x740D, 0x740D,
  0x7C0D, 0x7C0D, 0x7C0E, 0x7C4E, 0x8C8F, 0x2187, 0x0064, 0x0085, 0x0085, 0x0084, 0x0064, 0x5B2B,
  0x846E, 0x848F, 0x3A49, 0x0044, 0x0085, 0x0085, 0x0085, 0x0085, 0x0085, 0x0085, 0x0085, 0x0085,
  0x0085, 0x0085, 0x0085, 0x0085, 0x0085, 0x0085, 0x0085, 0x0085, 0x0085, 0x0085, 0x0085, 0x0085,
  0x0085, 0x0085, 0x0085, 0x0085, 0x0085, 0x0085, 0x0085, 0x0085, 0x0085, 0x0085, 0x0085, 0x0085,
  0x0085, 0x0085, 0x0085, 0x0085, 0x0085, 0x0085, 0x0085, 0x0085, 0x0085, 0x0085, 0x0085, 0x0085,
  0x0085, 0x0085, 0x0085, 0x0064, 0x634C, 0x848F, 0x7C2E, 0x740D, 0x740D, 0x740D, 0x740D, 0x740D,
  0x7C0D, 0x7C0D, 0x7C0D, 0x7C0D, 0x7C0D, 0x7C0D, 0x7C0D, 0x7C0D, 0x7C0D, 0x7C0D, 0x7C0E, 0x7C0E,
  0x7C0D, 0x7C0D, 0x740D, 0x7C0D, 0x7C0D, 0x7C0D, 0x7C2E, 0x7C2E, 0x29C8, 0x0024, 0x0085, 0x0085,
  0x0085, 0x0085, 0x0085, 0x0085, 0x0085, 0x0085, 0x0085, 0x0085, 0x0085, 0x0085, 0x0085, 0x0085,
  0x0085, 0x0085, 0x0085, 0x0085, 0x0085, 0x0085, 0x0085, 0x0085, 0x0085, 0x0085, 0x0085, 0x0085,
  0x0085, 0x0085, 0x0085, 0x0085, 0x0085, 0x0085, 0x0085, 0x0085, 0x0085, 0x0085, 0x0085, 0x0084,
  0x0084, 0x0085, 0x0085, 0x0085, 0x0085, 0x0085, 0x0085, 0x0085, 0x0085, 0x0085, 0x0085, 0x0085,
  0x0085, 0x0085, 0x0085, 0x0085, 0x0085, 0x0084, 0x0085, 0x0085, 0x0085, 0x0085, 0x0085, 0x0085,
  0x0085, 0x0085, 0x0085, 0x0085, 0x0085, 0x0085, 0x0085, 0x0085, 0x0085, 0x0085, 0x0085, 0x0085,
  0x0085, 0x0085, 0x0084, 0x0085, 0x0085, 0x0085, 0x0085, 0x0085, 0x0085, 0x0085, 0x0085, 0x0085,
  0x0085, 0x0085, 0x0085, 0x0085, 0x0085, 0x0085, 0x0085, 0x0085, 0x0085, 0x0085, 0x0085, 0x0085,
  0x0085, 0x0085, 0x0085, 0x0085, 0x0085, 0x0085, 0x0085, 0x0085, 0x0085, 0x0085, 0x0085, 0x0085,
  0x0085, 0x0085, 0x0085, 0x0085, 0x0085, 0x0085, 0x0085, 0x0085, 0x0085, 0x0085, 0x0085, 0x0085,
  0x0085, 0x0085, 0x0085, 0x0085, 0x0064, 0x08C5, 0x73ED, 0x7C2E, 0x7C2E, 0x7C2E, 0x7C2E, 0x7C2E,
  0x7C0E, 0x7C0E, 0x7C0E, 0x7C0E, 0x7C0E, 0x7C0E, 0x7C0D, 0x7C0E, 0x7C0E, 0x7C2E, 0x7C4E, 0x530B,
  0x08A5, 0x0024, 0x0064, 0x0085, 0x0085, 0x0085, 0x0085, 0x0085, 0x0085, 0x0085, 0x0085, 0x0085,
  0x0085, 0x0085, 0x0085, 0x0085, 0x0085, 0x0085, 0x0085, 0x0085, 0x0085, 0x0085, 0x0085, 0x0085,
  0x0085, 0x0085, 0x0085, 0x0085, 0x0085, 0x0085, 0x0085, 0x0085, 0x0085, 0x0085, 0x0085, 0x0085,
  0x0085, 0x0085, 0x0085, 0x0085, 0x0085, 0x0085, 0x0085, 0x0085, 0x0085, 0x0085, 0x0085, 0x0085,
  0x0044, 0x4AAA, 0x844E, 0x7C0D, 0x7C0D, 0x7C0D, 0x7C0D, 0x7C0E, 0x7C0D, 0x7C0E, 0x7C0D, 0x7C0D,
  0x7C0D, 0x7C0D, 0x7C0E, 0x6BAC, 0x4269, 0x08A5, 0x0084, 0x0084, 0x0084, 0x0085, 0x0044, 0x31E8,
  0x7C0E, 0x5B4C, 0x10E6, 0x0065, 0x0085, 0x0085, 0x0085, 0x0085, 0x0085, 0x0085, 0x0085, 0x0085,
  0x0085, 0x0085, 0x0085, 0x0085, 0x0085, 0x0085, 0x0085, 0x0085, 0x0085, 0x0085, 0x0085, 0x0085,
  0x0085, 0x0085, 0x0085, 0x0085, 0x0085, 0x0085, 0x0085, 0x0085, 0x0085, 0x0085, 0x0085, 0x0085,
  0x0085, 0x0085, 0x0085, 0x0085, 0x0085, 0x0085, 0x0085, 0x0085, 0x0085, 0x0085, 0x0085, 0x0085,
  0x0085, 0x0085, 0x0085, 0x00A5, 0x6BAC, 0x7C4E, 0x7C0D, 0x740D, 0x740D, 0x740D, 0x740D, 0x740D,
  0x7C0D, 0x7C0E, 0x7C0D, 0x7C0D, 0x7C0D, 0x7C0E, 0x7C0D, 0x7C0D, 0x7C0D, 0x7C0E, 0x7C0E, 0x7C0E,
  0x7C0D, 0x7C0D, 0x7C0D, 0x740D, 0x7C0D, 0x7C0E, 0x7C0E, 0x7C2E, 0x7C0E, 0x31E8, 0x0085, 0x0085,
  0x0085, 0x0085, 0x0085, 0x0085, 0x0085, 0x0085, 0x0085, 0x0085, 0x0085, 0x0085, 0x0085, 0x0085,
  0x0085, 0x0085, 0x0085, 0x0085, 0x0085, 0x0085, 0x0085, 0x0085, 0x0085, 0x0085, 0x0085, 0x0085,
  0x0085, 0x0085, 0x0085, 0x0085, 0x0085, 0x0085, 0x0085, 0x0085, 0x0085, 0x0085, 0x0085, 0x0084,
  0x0084, 0x0085, 0x0085, 0x0085, 0x0085, 0x0085, 0x0085, 0x0085, 0x0085, 0x0085, 0x0085, 0x0085,
  0x0085, 0x0085, 0x0085, 0x0085, 0x0085, 0x0085, 0x0085, 0x0085, 0x0085, 0x0085, 0x0085, 0x0085,
  0x0085, 0x0085, 0x0085, 0x0085, 0x0085, 0x0085, 0x0085, 0x0085, 0x0085, 0x0085, 0x0085, 0x0085,
  0x0085, 0x0085, 0x0085, 0x0085, 0x0085, 0x0085, 0x0085, 0x0085, 0x0085, 0x0085, 0x0085, 0x0085,
  0x0085, 0x0085, 0x0085, 0x0085, 0x0085, 0x0085, 0x0085, 0x0085, 0x0085, 0x0085, 0x0085, 0x0085,
  0x0085, 0x0085, 0x0085, 0x0085, 0x0085, 0x0085, 0x0085, 0x0085, 0x0085, 0x0085, 0x0085, 0x0085,
  0x0085, 0x0085, 0x0085, 0x0085, 0x0085, 0x0085, 0x0085, 0x0085, 0x0085, 0x0085, 0x0085, 0x0085,
  0x0085, 0x0085, 0x0085, 0x0085, 0x0044, 0x2187, 0x7C4E, 0x7C2E, 0x7C0E, 0x7C0E, 0x7C0E, 0x7C2E,
  0x7C0E, 0x7C0E, 0x7C2E, 0x7C0E, 0x7C0E, 0x7C0E, 0x7C0E, 0x7C2E, 0x7C2E, 0x7C2E, 0x844E, 0x1947,
  0x0044, 0x00A5, 0x0085, 0x0085, 0x0085, 0x0085, 0x0085, 0x0085, 0x0085, 0x0085, 0x0085, 0x0085,
  0x0085, 0x0085, 0x0085, 0x0085, 0x0085, 0x0085, 0x0085, 0x0085, 0x0085, 0x0085, 0x0085, 0x0085,
  0x0085, 0x0085, 0x0085, 0x0085, 0x0085, 0x0085, 0x0085, 0x0085, 0x0085, 0x0085, 0x0085, 0x0085,
  0x0085, 0x0085, 0x0085, 0x0085, 0x0085, 0x0085, 0x0085, 0x0085, 0x0085, 0x0085, 0x0085, 0x0085,
  0x0044, 0x31E8, 0x846E, 0x740D, 0x7C0D, 0x7C0D, 0x7C0D, 0x7C0D, 0x7C0E, 0x7C0D, 0x7C0D, 0x7C0D,
  0x7C0E, 0x7C2E, 0x7C2E, 0x1926, 0x0003, 0x0084, 0x0085, 0x0085, 0x0085, 0x0085, 0x0085, 0x0064,
  0x08C5, 0x0084, 0x0064, 0x0085, 0x0085, 0x0085, 0x0085, 0x0085, 0x0085, 0x0085, 0x0085, 0x0085,
  0x0085, 0x0085, 0x0085, 0x0085, 0x0085, 0x0085, 0x0085, 0x0085, 0x0085, 0x0085, 0x0085, 0x0085,
  0x0085, 0x0085, 0x0085, 0x0085, 0x0085, 0x0085, 0x0085, 0x0085, 0x0085, 0x0085, 0x0085, 0x0085,
  0x0085, 0x0085, 0x0085, 0x0085, 0x0085, 0x0085, 0x0085, 0x0085, 0x0085, 0x0085, 0x0085, 0x0085,
  0x0085, 0x0085, 0x0085, 0x00A5, 0x530B, 0x844E, 0x7C0D, 0x7C0D, 0x740D, 0x740D, 0x740D, 0x740D,
  0x7C0D, 0x7C0D, 0x7C0E, 0x7C0D, 0x7C0D, 0x7C0E, 0x7C0D, 0x7C0D, 0x7C0E, 0x7C2E, 0x7C0E, 0x7C0E,
  0x7C0D, 0x740D, 0x740D, 0x740D, 0x7C0D, 0x7C0D, 0x7C0E, 0x7C0E, 0x7C2E, 0x846F, 0x1946, 0x0044,
  0x0084, 0x0085, 0x0085, 0x0085, 0x0085, 0x0085, 0x0085, 0x0085, 0x0085, 0x0085, 0x0085, 0x0085,
  0x0085, 0x0085, 0x0085, 0x0085, 0x0085, 0x0085, 0x0085, 0x0085, 0x0085, 0x0085, 0x0085, 0x0085,
  0x0085, 0x0085, 0x0085, 0x0085, 0x0085, 0x0085, 0x0085, 0x0085, 0x0085, 0x0085, 0x0085, 0x0084,
  0x0084, 0x0085, 0x0085, 0x0085, 0x0085, 0x0085, 0x0085, 0x0085, 0x0085, 0x0085, 0x0085, 0x0085,
  0x0085, 0x0085, 0x0085, 0x0085, 0x0085, 0x0085, 0x0085, 0x0085, 0x0085, 0x0085, 0x0085, 0x0085,
  0x0085, 0x0085, 0x0085, 0x0085, 0x0085, 0x0085, 0x0085, 0x0085, 0x0085, 0x0085, 0x0085, 0x0085,
  0x0085, 0x0085, 0x0085, 0x0085, 0x0085, 0x0085, 0x0084, 0x0085, 0x0085, 0x0085, 0x0085, 0x0085,
  0x0085, 0x0085, 0x0085, 0x0085, 0x0085, 0x0085, 0x0085, 0x0085, 0x0085, 0x0085, 0x0085, 0x0085,
  0x0085, 0x0085, 0x0085, 0x0085, 0x0085, 0x0085, 0x0085, 0x0085, 0x0085, 0x0085, 0x0085, 0x0085,
  0x0085, 0x0085, 0x0085, 0x0085, 0x0085, 0x0085, 0x0085, 0x0085, 0x0085, 0x0085, 0x0085, 0x0085,
  0x0085, 0x0085, 0x0085, 0x0085, 0x0044, 0x52EB, 0x846E, 0x7C0E, 0x7C0E, 0x7C0E, 0x7C0E, 0x7C0E,
  0x7C0E, 0x7C0E, 0x7C2E, 0x7C2E, 0x7C2E, 0x7C2E, 0x7C0E, 0x7C0E, 0x7C0E, 0x7C2E, 0x7C2E, 0x1926,
  0x0064, 0x0085, 0x0085, 0x0085, 0x0085, 0x0085, 0x0085, 0x0085, 0x0085, 0x0085, 0x0085, 0x0085,
  0x0085, 0x0085, 0x0085, 0x0085, 0x0085, 0x0085, 0x0085, 0x0085, 0x0085, 0x0085, 0x0085, 0x0085,
  0x0085, 0x0085, 0x0085, 0x0085, 0x0084, 0x0085, 0x0085, 0x0085, 0x0085, 0x0085, 0x0085, 0x0085,
  0x0085, 0x0085, 0x0085, 0x0085, 0x0085, 0x0085, 0x0085, 0x0085, 0x0085, 0x0085, 0x0085, 0x0085,
  0x0084, 0x08C5, 0x638C, 0x7C4E, 0x7C0D, 0x7C0D, 0x7C0D, 0x7C0E, 0x7C0E, 0x7C0E, 0x7C0D, 0x7C0D,
  0x740D, 0x7C2E, 0x7C2E, 0x1106, 0x0064, 0x0085, 0x0085, 0x0085, 0x0085, 0x0085, 0x0085, 0x0085,
  0x0064, 0x0085, 0x0085, 0x0085, 0x0085, 0x0085, 0x0085, 0x0085, 0x0085, 0x0085, 0x0085, 0x0085,
  0x0085, 0x0085, 0x0085, 0x0085, 0x0085, 0x0085, 0x0085, 0x0085, 0x0085, 0x0085, 0x0085, 0x0085,
  0x0085, 0x0085, 0x0085, 0x0085, 0x0085, 0x0085, 0x0085, 0x0085, 0x0085, 0x0085, 0x0085, 0x0085,
  0x0085, 0x0085, 0x0085, 0x0085, 0x0085, 0x0085, 0x0085, 0x0085, 0x0085, 0x0085, 0x0085, 0x0085,
  0x0085, 0x0085, 0x0085, 0x0064, 0x530B, 0x844E, 0x740D, 0x7C0D, 0x740D, 0x740D, 0x740D, 0x7C0D,
  0x7C0D, 0x7C0D, 0x7C0D, 0x7C0D, 0x7C0E, 0x7C0D, 0x7C0D, 0x7C0D, 0x7C0E, 0x7C2E, 0x7C2E, 0x7C0E,
  0x7C0E, 0x7C0D, 0x740D, 0x740D, 0x7C0D, 0x7C0D, 0x7C0D, 0x7C0E, 0x7C0E, 0x846E, 0x31E8, 0x0044,
  0x0085, 0x0085, 0x0085, 0x0085, 0x0085, 0x0085, 0x0085, 0x0085, 0x0085, 0x0085, 0x0085, 0x0084,
  0x0085, 0x0085, 0x0085, 0x0085, 0x0085, 0x0085, 0x0085, 0x0085, 0x0085, 0x0085, 0x0085, 0x0085,
  0x0085, 0x0085, 0x0085, 0x0085, 0x0085, 0x0085, 0x0085, 0x0085, 0x0085, 0x0085, 0x0085, 0x0084,
  0x0084, 0x0085, 0x0085, 0x0085, 0x0085, 0x0085, 0x0085, 0x0085, 0x0085, 0x0085, 0x0085, 0x0085,
  0x0085, 0x0085, 0x0085, 0x0085, 0x0085, 0x0085, 0x0085, 0x0085, 0x0085, 0x0085, 0x0085, 0x0085,
  0x0085, 0x0085, 0x0085, 0x0085, 0x0085, 0x0085, 0x0085, 0x0085, 0x0085, 0x0085, 0x0085, 0x0085,
  0x0085, 0x0085, 0x0085, 0x0085, 0x0085, 0x0085, 0x0085, 0x0085, 0x0085, 0x0085, 0x0085, 0x0085,
  0x0085, 0x0085, 0x0085, 0x0085, 0x0085, 0x0085, 0x0085, 0x0085, 0x0085, 0x0085, 0x0085, 0x0085,
  0x0085, 0x0085, 0x0085, 0x0085, 0x0085, 0x0085, 0x0085, 0x0085, 0x0085, 0x0085, 0x0085, 0x0085,
  0x0085, 0x0085, 0x0085, 0x0085, 0x0085, 0x0085, 0x0085, 0x0085, 0x0085, 0x0085, 0x0085, 0x0085,
  0x0085, 0x0085, 0x0085, 0x0085, 0x0084, 0x636C, 0x844E, 0x7C2E, 0x7C0E, 0x7C0D, 0x7C0E, 0x7C0E,
  0x7C0E, 0x7C0E, 0x7C2E, 0x7C2E, 0x7C2E, 0x7C2E, 0x7C2E, 0x7C2E, 0x7C4E, 0x844E, 0x29E8, 0x0064,
  0x0085, 0x0085, 0x0085, 0x0085, 0x0085, 0x0085, 0x0085, 0x0085, 0x0085, 0x0085, 0x0085, 0x0085,
  0x0085, 0x0085, 0x0085, 0x0085, 0x0085, 0x0085, 0x0085, 0x0085, 0x0085, 0x0085, 0x0085, 0x0085,
  0x0085, 0x0085, 0x0085, 0x0085, 0x0085, 0x0085, 0x0085, 0x0085, 0x0085, 0x0085, 0x0085, 0x0085,
  0x0085, 0x0085, 0x0085, 0x0085, 0x0085, 0x0085, 0x0085, 0x0085, 0x0085, 0x0085, 0x0085, 0x0085,
  0x0085, 0x0044, 0x10E6, 0x73ED, 0x7C2E, 0x7C0D, 0x7C0D, 0x7C0D, 0x7C0E, 0x7C0E, 0x7C0D, 0x7C0E,
  0x7C2E, 0x7C2E, 0x3209, 0x0065, 0x0085, 0x0085, 0x0085, 0x0085, 0x0085, 0x0085, 0x0085, 0x0085,
  0x0085, 0x0085, 0x0085, 0x0085, 0x0085, 0x0085, 0x0085, 0x0085, 0x0085, 0x0085, 0x0085, 0x0085,
  0x0085, 0x0085, 0x0085, 0x0085, 0x0085, 0x0085, 0x0085, 0x0085, 0x0085, 0x0085, 0x0085, 0x0085,
  0x0085, 0x0085, 0x0085, 0x0085, 0x0085, 0x0085, 0x0085, 0x0085, 0x0085, 0x0085, 0x0085, 0x0085,
  0x0085, 0x0085, 0x0085, 0x0085, 0x0085, 0x0085, 0x0085, 0x0085, 0x0085, 0x0085, 0x0085, 0x0085,
  0x0085, 0x0085, 0x0085, 0x0064, 0x1106, 0x740D, 0x7C2E, 0x7C0D, 0x740D, 0x740D, 0x740D, 0x7C0D,
  0x7C0D, 0x7C0D, 0x7C0D, 0x7C0D, 0x7C0D, 0x7C0D, 0x7C0D, 0x7C2E, 0x7C2E, 0x7C2E, 0x7C2E, 0x7C2E,
  0x7C0E, 0x7C0E, 0x7C0D, 0x7C0D, 0x7C0D, 0x7C0D, 0x7C0D, 0x7C0E, 0x7C0E, 0x846E, 0x52EB, 0x0044,
  0x0085, 0x0085, 0x0085, 0x0085, 0x0085, 0x0085, 0x0085, 0x0085, 0x0085, 0x0085, 0x0085, 0x0084,
  0x0085, 0x0085, 0x0085, 0x0085, 0x0085, 0x0085, 0x0085, 0x0085, 0x0085, 0x0085, 0x0085, 0x0085,
  0x0085, 0x0085, 0x0085, 0x0085, 0x0085, 0x0085, 0x0085, 0x0085, 0x0085, 0x0085, 0x0085, 0x0084,
  0x0084, 0x0085, 0x0085, 0x0085, 0x0085, 0x0085, 0x0085, 0x0085, 0x0085, 0x0085, 0x0085, 0x0085,
  0x0085, 0x0085, 0x0085, 0x0085, 0x0085, 0x0085, 0x0085, 0x0085, 0x0085, 0x0085, 0x0085, 0x0085,
  0x0085, 0x0085, 0x0085, 0x0085, 0x0085, 0x0085, 0x0085, 0x0085, 0x0085, 0x0085, 0x0085, 0x0085,
  0x0085, 0x0085, 0x0085, 0x0085, 0x0085, 0x0085, 0x0085, 0x0085, 0x0085, 0x0085, 0x0085, 0x0085,
  0x0085, 0x0085, 0x0085, 0x0085, 0x0085, 0x0085, 0x0085, 0x0085, 0x0085, 0x0085, 0x0085, 0x0085,
  0x0085, 0x0085, 0x0085, 0x0085, 0x0085, 0x0085, 0x0085, 0x0085, 0x0085, 0x0085, 0x0085, 0x0085,
  0x0085, 0x0085, 0x0085, 0x0085, 0x0085, 0x0085, 0x0085, 0x0085, 0x0085, 0x0085, 0x0085, 0x0085,
  0x0085, 0x0085, 0x0085, 0x0084, 0x08C5, 0x73CD, 0x7C2E, 0x7C0D, 0x7C0E, 0x7C0E, 0x7C0E, 0x7C0E,
  0x7C0E, 0x7C2E, 0x7C2E, 0x7C2E, 0x7C2E, 0x7C2E, 0x7C2E, 0x7C4E, 0x73ED, 0x31E8, 0x0044, 0x0085,
  0x0085, 0x0085, 0x0085, 0x0085, 0x0085, 0x0085, 0x0085, 0x0085, 0x0085, 0x0085, 0x0085, 0x0085,
  0x0085, 0x0085, 0x0085, 0x0085, 0x0085, 0x0085, 0x0085, 0x0085, 0x0085, 0x0085, 0x0085, 0x0085,
  0x0085, 0x0085, 0x0085, 0x0085, 0x0085, 0x0085, 0x0085, 0x0085, 0x0085, 0x0085, 0x0085, 0x0085,
  0x0085, 0x0085, 0x0085, 0x0085, 0x0085, 0x0085, 0x0085, 0x0085, 0x0085, 0x0085, 0x0085, 0x0085,
  0x0085, 0x0085, 0x0024, 0x3A49, 0x844E, 0x7C0D, 0x7C0D, 0x7C0E, 0x7C0E, 0x7C0E, 0x7C0E, 0x7C2E,
  0x846F, 0x3A49, 0x0024, 0x0084, 0x0085, 0x0085, 0x0085, 0x0085, 0x0085, 0x0085, 0x0085, 0x0085,
  0x0085, 0x0085, 0x0085, 0x0085, 0x0085, 0x0085, 0x0085, 0x0085, 0x0085, 0x0085, 0x0085, 0x0085,
  0x0085, 0x0085, 0x0085, 0x0085, 0x0085, 0x0085, 0x0085, 0x0085, 0x0085, 0x0085, 0x0085, 0x0085,
  0x0085, 0x0085, 0x0085, 0x0085, 0x0085, 0x0085, 0x0085, 0x0085, 0x0085, 0x0085, 0x0085, 0x0085,
  0x0085, 0x0085, 0x0085, 0x0085, 0x0085, 0x0085, 0x0085, 0x0085, 0x0085, 0x0085, 0x0085, 0x0085,
  0x0085, 0x0085, 0x0085, 0x0085, 0x0064, 0x5B4C, 0x7C4E, 0x7C0D, 0x7C0D, 0x7C0D, 0x7C0D, 0x7C0E,
  0x7C0E, 0x7C2E, 0x7C2E, 0x844E, 0x846E, 0x846E, 0x7C4E, 0x7C2E, 0x7C0E, 0x7C2E, 0x7C2E, 0x7C2E,
  0x7C0E, 0x7C0E, 0x7C0E, 0x7C0D, 0x7C0D, 0x7C0D, 0x7C0E, 0x7C0E, 0x7C0E, 0x846F, 0x3A49, 0x0044,
  0x0085, 0x0085, 0x0085, 0x0085, 0x0085, 0x0085, 0x0085, 0x0085, 0x0085, 0x0085, 0x0085, 0x0085,
  0x0085, 0x0085, 0x0085, 0x0085, 0x0085, 0x0085, 0x0085, 0x0085, 0x0085, 0x0085, 0x0085, 0x0085,
  0x0085, 0x0085, 0x0085, 0x0085, 0x0085, 0x0085, 0x0085, 0x0085, 0x0085, 0x0085, 0x0085, 0x0084,
  0x0084, 0x0085, 0x0085, 0x0085, 0x0085, 0x0085, 0x0085, 0x0085, 0x0085, 0x0085, 0x0085, 0x0085,
  0x0085, 0x0085, 0x0085, 0x0085, 0x0085, 0x0085, 0x0085, 0x0085, 0x0085, 0x0085, 0x0085, 0x0085,
  0x0085, 0x0085, 0x0085, 0x0085, 0x0085, 0x0085, 0x0085, 0x0085, 0x0085, 0x0085, 0x0085, 0x0085,
  0x0084, 0x0085, 0x0085, 0x0085, 0x0085, 0x0085, 0x0085, 0x0085, 0x0085, 0x0085, 0x0085, 0x0085,
  0x0085, 0x0085, 0x0085, 0x0085, 0x0085, 0x0085, 0x0085, 0x0085, 0x0085, 0x0085, 0x0085, 0x0085,
  0x0085, 0x0085, 0x0085, 0x0085, 0x0085, 0x0085, 0x0085, 0x0085, 0x0085, 0x0084, 0x0085, 0x0085,
  0x0085, 0x0085, 0x0085, 0x0085, 0x0085, 0x0085, 0x0085, 0x0085, 0x0085, 0x0085, 0x0085, 0x0085,
  0x0085, 0x0085, 0x0085, 0x0085, 0x0064, 0x636C, 0x844E, 0x7C0D, 0x7C0E, 0x7C0D, 0x7C0E, 0x7C0E,
  0x7C0E, 0x7C0E, 0x7C0E, 0x7C2E, 0x7C2E, 0x7C2E, 0x7C2E, 0x844E, 0x29A8, 0x0044, 0x0085, 0x0085,
  0x0085, 0x0085, 0x0085, 0x0085, 0x0085, 0x0085, 0x0085, 0x0085, 0x0085, 0x0085, 0x0085, 0x0085,
  0x0085, 0x0085, 0x0085, 0x0085, 0x0085, 0x0085, 0x0085, 0x0085, 0x0085, 0x0085, 0x0085, 0x0085,
  0x0085, 0x0085, 0x0085, 0x0085, 0x0085, 0x0085, 0x0085, 0x0085, 0x0085, 0x0085, 0x0085, 0x0085,
  0x0085, 0x0085, 0x0085, 0x0085, 0x0085, 0x0085, 0x0085, 0x0085, 0x0085, 0x0085, 0x0085, 0x0085,
  0x0085, 0x0085, 0x0064, 0x08A5, 0x6BCD, 0x7C2E, 0x7C0E, 0x7C2E, 0x7C2E, 0x7C2E, 0x844E, 0x7C4E,
  0x3A49, 0x0064, 0x0084, 0x0085, 0x0085, 0x0085, 0x0085, 0x0085, 0x0085, 0x0085, 0x0085, 0x0085,
  0x0085, 0x0085, 0x0085, 0x0085, 0x0085, 0x0085, 0x0085, 0x0085, 0x0085, 0x0085, 0x0085, 0x0085,
  0x0085, 0x0085, 0x0085, 0x0085, 0x0085, 0x0085, 0x0085, 0x0085, 0x0085, 0x0085, 0x0085, 0x0085,
  0x0085, 0x0085, 0x0085, 0x0085, 0x0085, 0x0085, 0x0085, 0x0085, 0x0085, 0x0085, 0x0085, 0x0085,
  0x0085, 0x0085, 0x0085, 0x0085, 0x0085, 0x0085, 0x0085, 0x0085, 0x0085, 0x0085, 0x0085, 0x0085,
  0x0085, 0x0085, 0x0085, 0x0085, 0x0044, 0x29A8, 0x844E, 0x7C0D, 0x7C0D, 0x7C2E, 0x7C2E, 0x7C2E,
  0x844E, 0x73ED, 0x6BCD, 0x5B2B, 0x4249, 0x4269, 0x634B, 0x7C0E, 0x7C4E, 0x7C2E, 0x7C2E, 0x7C2E,
  0x7C0E, 0x7C0E, 0x7C0E, 0x7C0D, 0x7C0D, 0x7C0D, 0x7C0E, 0x7C0E, 0x7C2E, 0x846E, 0x1946, 0x0044,
  0x0085, 0x0085, 0x0085, 0x0085, 0x0085, 0x0085, 0x0085, 0x0085, 0x0085, 0x0084, 0x0085, 0x0085,
  0x0085, 0x0085, 0x0085, 0x0085, 0x0085, 0x0085, 0x0085, 0x0085, 0x0085, 0x0085, 0x0085, 0x0085,
  0x0085, 0x0085, 0x0085, 0x0085, 0x0085, 0x0085, 0x0085, 0x0085, 0x0085, 0x0085, 0x0085, 0x0084,
  0x0084, 0x0085, 0x0085, 0x0085, 0x0085, 0x0085, 0x0085, 0x0085, 0x0085, 0x0085, 0x0085, 0x0085,
  0x0085, 0x0085, 0x0085, 0x0085, 0x0085, 0x0085, 0x0085, 0x0085, 0x0085, 0x0085, 0x0085, 0x0085,
  0x0085, 0x0084, 0x0085, 0x0085, 0x0085, 0x0085, 0x0085, 0x0085, 0x0085, 0x0085, 0x0085, 0x0085,
  0x0085, 0x0085, 0x0085, 0x0085, 0x0085, 0x0085, 0x0085, 0x0085, 0x0085, 0x0085, 0x0085, 0x0085,
  0x0085, 0x0085, 0x0085, 0x0085, 0x0085, 0x0085, 0x0085, 0x0085, 0x0085, 0x0085, 0x0085, 0x0085,
  0x0085, 0x0085, 0x0085, 0x0085, 0x0085, 0x0085, 0x0085, 0x0085, 0x0085, 0x0084, 0x0085, 0x0085,
  0x0085, 0x0085, 0x0085, 0x0085, 0x0085, 0x0085, 0x0085, 0x0085, 0x0085, 0x0085, 0x0085, 0x0085,
  0x0085, 0x0085, 0x0085, 0x0064, 0x08C5, 0x740D, 0x7C2E, 0x7C0E, 0x7C0D, 0x7C0D, 0x7C0D, 0x7C0D,
  0x7C0D, 0x7C0E, 0x7C0E, 0x6BAD, 0x7C0E, 0x846E, 0x846E, 0x3A49, 0x0044, 0x0085, 0x0085, 0x0085,
  0x0085, 0x0085, 0x0085, 0x0085, 0x0085, 0x0085, 0x0085, 0x0085, 0x0085, 0x0085, 0x0085, 0x0085,
  0x0085, 0x0085, 0x0085, 0x0085, 0x0085, 0x0085, 0x0085, 0x0085, 0x0085, 0x0085, 0x0084, 0x0085,
  0x0085, 0x0085, 0x0085, 0x0085, 0x0085, 0x0085, 0x0085, 0x0085, 0x0085, 0x0085, 0x0085, 0x0085,
  0x0085, 0x0085, 0x0085, 0x0085, 0x0085, 0x0085, 0x0085, 0x0085, 0x0085, 0x0085, 0x0085, 0x0085,
  0x0085, 0x0085, 0x0085, 0x0085, 0x6B8C, 0x8C8F, 0x7C2E, 0x6BCD, 0x73CD, 0x6BAD, 0x530B, 0x2187,
  0x0044, 0x0085, 0x0085, 0x0085, 0x0085, 0x0085, 0x0085, 0x0085, 0x0085, 0x0085, 0x0085, 0x0085,
  0x0085, 0x0085, 0x0085, 0x0085, 0x0085, 0x0085, 0x0085, 0x0085, 0x0085, 0x0085, 0x0085, 0x0085,
  0x0085, 0x0085, 0x0085, 0x0085, 0x0085, 0x0085, 0x0085, 0x0085, 0x0085, 0x0085, 0x0085, 0x0085,
  0x0085, 0x0085, 0x0085, 0x0085, 0x0085, 0x0085, 0x0085, 0x0085, 0x0085, 0x0085, 0x0085, 0x0085,
  0x0085, 0x0085, 0x0085, 0x0085, 0x0085, 0x0085, 0x0085, 0x0085, 0x0085, 0x0085, 0x0085, 0x0085,
  0x0085, 0x0085, 0x0085, 0x0085, 0x0064, 0x3209, 0x848F, 0x844E, 0x846E, 0x7C0E, 0x7C0E, 0x7C0E,
  0x3A29, 0x08C5, 0x00A5, 0x0065, 0x0044, 0x0044, 0x0044, 0x21A7, 0x7C2E, 0x7C2E, 0x636C, 0x7C2E,
  0x7C2E, 0x7C0E, 0x7C0D, 0x7C0D, 0x7C0D, 0x7C0D, 0x7C0D, 0x7C0E, 0x7C4E, 0x4269, 0x0064, 0x0085,
  0x0085, 0x0085, 0x0085, 0x0085, 0x0085, 0x0085, 0x0085, 0x0085, 0x0085, 0x0085, 0x0085, 0x0085,
  0x0085, 0x0064, 0x0084, 0x0085, 0x0085, 0x0085, 0x0085, 0x0085, 0x0085, 0x0085, 0x0085, 0x0085,
  0x0085, 0x0085, 0x0085, 0x0085, 0x0084, 0x0085, 0x0085, 0x0085, 0x0085, 0x0085, 0x0085, 0x0084,
  0x0084, 0x0085, 0x0085, 0x0085, 0x0085, 0x0085, 0x0085, 0x0085, 0x0085, 0x0085, 0x0085, 0x0085,
  0x0085, 0x0085, 0x0085, 0x0085, 0x0085, 0x0085, 0x0085, 0x0085, 0x0085, 0x0085, 0x0085, 0x0085,
  0x0085, 0x0085, 0x0085, 0x0085, 0x0085, 0x0085, 0x0085, 0x0085, 0x0084, 0x0085, 0x0085, 0x0085,
  0x0085, 0x0085, 0x0085, 0x0085, 0x0085, 0x0085, 0x0085, 0x0085, 0x0085, 0x0085, 0x0085, 0x0085,
  0x0085, 0x0085, 0x0085, 0x0085, 0x0085, 0x0085, 0x0085, 0x0085, 0x0085, 0x0085, 0x0085, 0x0085,
  0x0085, 0x0085, 0x0085, 0x0085, 0x0085, 0x0085, 0x0085, 0x0085, 0x0085, 0x0085, 0x0085, 0x0085,
  0x0085, 0x0085, 0x0085, 0x0085, 0x0085, 0x0085, 0x0085, 0x0085, 0x0085, 0x0085, 0x0085, 0x0085,
  0x0085, 0x0085, 0x0085, 0x0024, 0x3A49, 0x846E, 0x7C0E, 0x7C0E, 0x7C0D, 0x7C0D, 0x7C0D, 0x7C0D,
  0x7C0D, 0x7C0E, 0x7C2E, 0x6BAD, 0x31E8, 0x29A7, 0x2187, 0x0064, 0x0085, 0x0085, 0x0085, 0x0085,
  0x0085, 0x0085, 0x0085, 0x0085, 0x0085, 0x0085, 0x0085, 0x0085, 0x0085, 0x0085, 0x0085, 0x0085,
  0x0085, 0x0085, 0x0085, 0x0085, 0x0085, 0x0085, 0x0085, 0x0085, 0x0085, 0x0085, 0x0085, 0x0085,
  0x0085, 0x0085, 0x0085, 0x0085, 0x0085, 0x0085, 0x0085, 0x0085, 0x0085, 0x0085, 0x0085, 0x0085,
  0x0085, 0x0085, 0x0085, 0x0085, 0x0085, 0x0085, 0x0085, 0x0085, 0x0085, 0x0085, 0x0085, 0x0085,
  0x0085, 0x0085, 0x0085, 0x0084, 0x1106, 0x29E8, 0x1947, 0x08C5, 0x08C5, 0x00A5, 0x0064, 0x0064,
  0x0085, 0x0085, 0x0085, 0x0085, 0x0085, 0x0085, 0x0085, 0x0085, 0x0085, 0x0085, 0x0085, 0x0085,
  0x0085, 0x0085, 0x0085, 0x0085, 0x0085, 0x0085, 0x0085, 0x0085, 0x0085, 0x0085, 0x0085, 0x0085,
  0x0085, 0x0085, 0x0085, 0x0085, 0x0085, 0x0085, 0x0085, 0x0085, 0x0085, 0x0085, 0x0085, 0x0085,
  0x0085, 0x0085, 0x0085, 0x0085, 0x0085, 0x0085, 0x0085, 0x0085, 0x0085, 0x0085, 0x0085, 0x0085,
  0x0085, 0x0085, 0x0085, 0x0085, 0x0085, 0x0085, 0x0085, 0x0085, 0x0085, 0x0085, 0x0085, 0x0085,
  0x0085, 0x0085, 0x0085, 0x0085, 0x0064, 0x3A29, 0x6BCD, 0x6BAD, 0x3229, 0x1106, 0x1947, 0x1126,
  0x0064, 0x0064, 0x0084, 0x0085, 0x0085, 0x0085, 0x0085, 0x0023, 0x3228, 0x3A29, 0x3A29, 0x7C4E,
  0x7C2E, 0x7C2E, 0x7C0E, 0x7C0D, 0x7C0D, 0x7C0D, 0x7C0D, 0x844E, 0x634C, 0x0044, 0x0064, 0x0085,
  0x0085, 0x0085, 0x0085, 0x0085, 0x0085, 0x0085, 0x0085, 0x0085, 0x0085, 0x0085, 0x0085, 0x0085,
  0x0084, 0x1946, 0x00A5, 0x0084, 0x0085, 0x0085, 0x0085, 0x0085, 0x0085, 0x0085, 0x0085, 0x0085,
  0x0085, 0x0085, 0x0085, 0x0085, 0x0085, 0x0085, 0x0085, 0x0085, 0x0085, 0x0085, 0x0085, 0x0084,
  0x0084, 0x0085, 0x0085, 0x0085, 0x0085, 0x0085, 0x0085, 0x0085, 0x0085, 0x0085, 0x0085, 0x0085,
  0x0085, 0x0085, 0x0085, 0x0085, 0x0085, 0x0085, 0x0085, 0x0085, 0x0085, 0x0085, 0x0084, 0x0085,
  0x0085, 0x0085, 0x0085, 0x0085, 0x0085, 0x0085, 0x0085, 0x0085, 0x0085, 0x0085, 0x0085, 0x0085,
  0x0085, 0x0085, 0x0085, 0x0085, 0x0085, 0x0085, 0x0085, 0x0085, 0x0085, 0x0085, 0x0085, 0x0085,
  0x0085, 0x0085, 0x0085, 0x0085, 0x0085, 0x0085, 0x0085, 0x0085, 0x0085, 0x0085, 0x0085, 0x0085,
  0x0085, 0x0085, 0x0085, 0x0085, 0x0085, 0x0085, 0x0085, 0x0085, 0x0085, 0x0085, 0x0085, 0x0085,
  0x0085, 0x0085, 0x0085, 0x0085, 0x0085, 0x0085, 0x0085, 0x0085, 0x0085, 0x0085, 0x0085, 0x0085,
  0x0085, 0x0085, 0x0064, 0x1126, 0x73ED, 0x7C2E, 0x7C0D, 0x7C0E, 0x7C0D, 0x7C0D, 0x7C0D, 0x7C0D,
  0x7C0E, 0x7C2E, 0x7C2E, 0x8CAF, 0x428A, 0x0004, 0x0044, 0x0085, 0x0085, 0x0085, 0x0085, 0x0085,
  0x0085, 0x0085, 0x0085, 0x0085, 0x0085, 0x0085, 0x0085, 0x0085, 0x0085, 0x0085, 0x0085, 0x0085,
  0x0085, 0x0085, 0x0085, 0x0085, 0x0085, 0x0085, 0x0085, 0x0085, 0x0085, 0x0085, 0x0085, 0x0085,
  0x0085, 0x0085, 0x0085, 0x0085, 0x0085, 0x0085, 0x0085, 0x0085, 0x0085, 0x0085, 0x0085, 0x0085,
  0x0085, 0x0085, 0x0085, 0x0085, 0x0085, 0x0085, 0x0085, 0x0085, 0x0085, 0x0085, 0x0085, 0x0085,
  0x0085, 0x0085, 0x0085, 0x0085, 0x0064, 0x0044, 0x0064, 0x0064, 0x0064, 0x0084, 0x0085, 0x0085,
  0x0085, 0x0085, 0x0085, 0x0085, 0x0085, 0x0085, 0x0085, 0x0085, 0x0085, 0x0085, 0x0085, 0x0085,
  0x0085, 0x0085, 0x0085, 0x0085, 0x0085, 0x0085, 0x0085, 0x0085, 0x0085, 0x0085, 0x0085, 0x0085,
  0x0085, 0x0085, 0x0085, 0x0085, 0x0085, 0x0085, 0x0085, 0x0085, 0x0085, 0x0085, 0x0085, 0x0085,
  0x0085, 0x0085, 0x0085, 0x0085, 0x0085, 0x0085, 0x0085, 0x0085, 0x0085, 0x0085, 0x0085, 0x0085,
  0x0085, 0x0085, 0x0085, 0x0085, 0x0085, 0x0085, 0x0085, 0x0085, 0x0085, 0x0085, 0x0085, 0x0085,
  0x0085, 0x0085, 0x0085, 0x0085, 0x0085, 0x0064, 0x0085, 0x0085, 0x0044, 0x0064, 0x0064, 0x0064,
  0x0085, 0x0085, 0x0085, 0x0085, 0x0085, 0x0085, 0x0085, 0x0085, 0x0064, 0x1126, 0x29A7, 0x3228,
  0x7C4E, 0x7C2E, 0x7C0E, 0x7C2E, 0x7C2E, 0x7C0D, 0x7C2E, 0x844E, 0x2187, 0x0044, 0x0085, 0x0085,
  0x0085, 0x0085, 0x0085, 0x0085, 0x0085, 0x0085, 0x0085, 0x0085, 0x0085, 0x0085, 0x0085, 0x0085,
  0x0064, 0x3208, 0x3A09, 0x0044, 0x0044, 0x0064, 0x0085, 0x0085, 0x0085, 0x0085, 0x0085, 0x0085,
  0x0085, 0x0085, 0x0085, 0x0085, 0x0085, 0x0085, 0x0085, 0x0085, 0x0085, 0x0085, 0x0085, 0x0084,
  0x0084, 0x0085, 0x0085, 0x0085, 0x0085, 0x0085, 0x0085, 0x0085, 0x0085, 0x0085, 0x0085, 0x0085,
  0x0085, 0x0085, 0x0085, 0x0085, 0x0085, 0x0085, 0x0085, 0x0085, 0x0085, 0x0085, 0x0085, 0x0085,
  0x0085, 0x0085, 0x0085, 0x0085, 0x0085, 0x0085, 0x0085, 0x0085, 0x0085, 0x0085, 0x0085, 0x0085,
  0x0085, 0x0085, 0x0085, 0x0085, 0x0085, 0x0085, 0x0085, 0x0085, 0x0085, 0x0085, 0x0085, 0x0085,
  0x0085, 0x0085, 0x0085, 0x0085, 0x0085, 0x0085, 0x0085, 0x0085, 0x0085, 0x0085, 0x0085, 0x0085,
  0x0085, 0x0085, 0x0085, 0x0085, 0x0085, 0x0085, 0x0085, 0x0085, 0x0085, 0x0085, 0x0085, 0x0085,
  0x0085, 0x0085, 0x0085, 0x0085, 0x0085, 0x0085, 0x0085, 0x0085, 0x0085, 0x0085, 0x0085, 0x0085,
  0x0085, 0x0085, 0x0044, 0x31E8, 0x844E, 0x740D, 0x7C0D, 0x7C0D, 0x7C0D, 0x7C0D, 0x7C0E, 0x7C0E,
  0x7C2E, 0x7C2E, 0x73ED, 0x5B4C, 0x1106, 0x0064, 0x0085, 0x0085, 0x0085, 0x0085, 0x0085, 0x0085,
  0x0085, 0x0085, 0x0085, 0x0085, 0x0085, 0x0085, 0x0085, 0x0085, 0x0085, 0x0085, 0x0085, 0x0085,
  0x0085, 0x0085, 0x0085, 0x0085, 0x0085, 0x0085, 0x0085, 0x0085, 0x0085, 0x0085, 0x0085, 0x0085,
  0x0085, 0x0085, 0x0085, 0x0085, 0x0085, 0x0085, 0x0085, 0x0085, 0x0085, 0x0085, 0x0085, 0x0085,
  0x0085, 0x0085, 0x0085, 0x0085, 0x0085, 0x0085, 0x0085, 0x0085, 0x0085, 0x0085, 0x0085, 0x0085,
  0x0085, 0x0085, 0x0085, 0x0085, 0x0085, 0x0085, 0x0085, 0x0085, 0x0085, 0x0085, 0x0085, 0x0085,
  0x0085, 0x0085, 0x0085, 0x0085, 0x0085, 0x0085, 0x0085, 0x0085, 0x0085, 0x0085, 0x0085, 0x0085,
  0x0085, 0x0085, 0x0085, 0x0085, 0x0085, 0x0085, 0x0085, 0x0085, 0x0085, 0x0085, 0x0085, 0x0085,
  0x0085, 0x0085, 0x0085, 0x0085, 0x0085, 0x0085, 0x0085, 0x0085, 0x0085, 0x0085, 0x0085, 0x0085,
  0x0085, 0x0085, 0x0085, 0x0085, 0x0085, 0x0085, 0x0085, 0x0085, 0x0085, 0x0085, 0x0085, 0x0085,
  0x0085, 0x0085, 0x0085, 0x0085, 0x0085, 0x0085, 0x0085, 0x0085, 0x0085, 0x0085, 0x0085, 0x0085,
  0x0085, 0x0085, 0x0085, 0x0085, 0x0085, 0x0085, 0x0084, 0x0085, 0x0085, 0x0085, 0x0085, 0x0085,
  0x0085, 0x0085, 0x0085, 0x0085, 0x0085, 0x0085, 0x0085, 0x0085, 0x0085, 0x0085, 0x0064, 0x0044,
  0x634C, 0x848F, 0x846E, 0x844E, 0x7C2E, 0x844E, 0x7C2E, 0x636C, 0x0084, 0x0084, 0x0085, 0x0085,
  0x0085, 0x0085, 0x0085, 0x0085, 0x0085, 0x0085, 0x0085, 0x0085, 0x0085, 0x0085, 0x0085, 0x0085,
  0x00A5, 0x0024, 0x3A49, 0x52EB, 0x2167, 0x1947, 0x0084, 0x0085, 0x0085, 0x0085, 0x0085, 0x0085,
  0x0085, 0x0085, 0x0085, 0x0085, 0x0084, 0x0085, 0x0085, 0x0085, 0x0085, 0x0085, 0x0085, 0x0084,
  0x0084, 0x0085, 0x0085, 0x0085, 0x0085, 0x0085, 0x0085, 0x0085, 0x0085, 0x0085, 0x0085, 0x0085,
  0x0085, 0x0085, 0x0085, 0x0085, 0x0085, 0x0085, 0x0085, 0x0085, 0x0085, 0x0085, 0x0085, 0x0085,
  0x0085, 0x0085, 0x0085, 0x0085, 0x0085, 0x0085, 0x0085, 0x0084, 0x0085, 0x0084, 0x0084, 0x0085,
  0x0085, 0x0085, 0x0085, 0x0085, 0x0085, 0x0085, 0x0085, 0x0085, 0x0085, 0x0085, 0x0085, 0x0085,
  0x0085, 0x0085, 0x0085, 0x0085, 0x0085, 0x0085, 0x0085, 0x0085, 0x0085, 0x0085, 0x0085, 0x0085,
  0x0085, 0x0085, 0x0085, 0x0085, 0x0085, 0x0085, 0x0085, 0x0085, 0x0085, 0x0085, 0x0085, 0x0085,
  0x0085, 0x0085, 0x0085, 0x0085, 0x0085, 0x0085, 0x0085, 0x0085, 0x0085, 0x0085, 0x0085, 0x0085,
  0x0085, 0x0085, 0x0044, 0x31E8, 0x846E, 0x7C0E, 0x7C0D, 0x740D, 0x740D, 0x740D, 0x7C4E, 0x848F,
  0x4269, 0x10E6, 0x08C6, 0x0065, 0x0064, 0x0085, 0x0085, 0x0085, 0x0085, 0x0085, 0x0085, 0x0085,
  0x0085, 0x0085, 0x0085, 0x0085, 0x0084, 0x0084, 0x0085, 0x0085, 0x0085, 0x0085, 0x0085, 0x0085,
  0x0085, 0x0085, 0x0085, 0x0085, 0x0085, 0x0085, 0x0085, 0x0085, 0x0085, 0x0085, 0x0085, 0x0085,
  0x0085, 0x0085, 0x0085, 0x0085, 0x0085, 0x0085, 0x0085, 0x0085, 0x0085, 0x0085, 0x0085, 0x0085,
  0x0085, 0x0085, 0x0085, 0x0085, 0x0085, 0x0085, 0x0085, 0x0085, 0x0085, 0x0085, 0x0085, 0x0085,
  0x0085, 0x0085, 0x0085, 0x0085, 0x0085, 0x0085, 0x0085, 0x0085, 0x0085, 0x0085, 0x0085, 0x0085,
  0x0085, 0x0085, 0x0085, 0x0085, 0x0085, 0x0085, 0x0085, 0x0085, 0x0085, 0x0085, 0x0085, 0x0085,
  0x0085, 0x0085, 0x0085, 0x0085, 0x0085, 0x0085, 0x0085, 0x0085, 0x0085, 0x0085, 0x0085, 0x0085,
  0x0085, 0x0085, 0x0085, 0x0085, 0x0085, 0x0085, 0x0085, 0x0085, 0x0085, 0x0085, 0x0085, 0x0085,
  0x0085, 0x0085, 0x0085, 0x0085, 0x0085, 0x0085, 0x0085, 0x0085, 0x0085, 0x0085, 0x0085, 0x0085,
  0x0085, 0x0085, 0x0085, 0x0085, 0x0085, 0x0085, 0x0085, 0x0085, 0x0085, 0x0085, 0x0085, 0x0085,
  0x0085, 0x0085, 0x0085, 0x0085, 0x0085, 0x0085, 0x0085, 0x0085, 0x0085, 0x0085, 0x0085, 0x0085,
  0x0085, 0x0085, 0x0085, 0x0085, 0x0085, 0x0085, 0x0085, 0x0085, 0x0085, 0x0085, 0x0085, 0x0084,
  0x08A5, 0x2187, 0x4269, 0x426A, 0x31E9, 0x4ACB, 0x10E5, 0x0084, 0x0084, 0x0085, 0x0085, 0x0085,
  0x0085, 0x0085, 0x0085, 0x0085, 0x0085, 0x0085, 0x0085, 0x0085, 0x0085, 0x0085, 0x0085, 0x0085,
  0x0064, 0x0085, 0x5B2B, 0x8CAF, 0x6B8C, 0x1946, 0x0064, 0x0085, 0x0085, 0x0085, 0x0085, 0x0085,
  0x0085, 0x0085, 0x0085, 0x0085, 0x0084, 0x0085, 0x0085, 0x0085, 0x0085, 0x0085, 0x0085, 0x0084,
  0x0084, 0x0085, 0x0085, 0x0085, 0x0084, 0x0085, 0x0085, 0x0085, 0x0085, 0x0085, 0x0085, 0x0085,
  0x0085, 0x0085, 0x0085, 0x0085, 0x0085, 0x0085, 0x0085, 0x0085, 0x0085, 0x0085, 0x0085, 0x0085,
  0x0085, 0x0085, 0x0085, 0x0085, 0x0084, 0x0085, 0x0084, 0x0085, 0x0084, 0x0085, 0x0085, 0x0085,
  0x0085, 0x0085, 0x0085, 0x0085, 0x0085, 0x0085, 0x0085, 0x0085, 0x0085, 0x0085, 0x0085, 0x0085,
  0x0085, 0x0085, 0x0085, 0x0085, 0x0085, 0x0085, 0x0085, 0x0085, 0x0085, 0x0085, 0x0085, 0x0085,
  0x0085, 0x0085, 0x0085, 0x0085, 0x0085, 0x0085, 0x0085, 0x0085, 0x0085, 0x0085, 0x0085, 0x0085,
  0x0085, 0x0085, 0x0085, 0x0085, 0x0085, 0x0085, 0x0085, 0x0085, 0x0085, 0x0085, 0x0085, 0x0085,
  0x0085, 0x0085, 0x0044, 0x52EB, 0x7C4E, 0x7C2E, 0x7C0D, 0x7C0D, 0x7C2E, 0x7C0E, 0x4269, 0x4ACA,
  0x10E5, 0x0024, 0x0064, 0x0085, 0x0085, 0x0085, 0x0085, 0x0085, 0x0085, 0x0085, 0x0085, 0x0085,
  0x0085, 0x0085, 0x0085, 0x0085, 0x0085, 0x0085, 0x0085, 0x0085, 0x0085, 0x0085, 0x0085, 0x0085,
  0x0085, 0x0085, 0x0085, 0x0085, 0x0085, 0x0085, 0x0085, 0x0085, 0x0085, 0x0085, 0x0085, 0x0085,
  0x0085, 0x0085, 0x0085, 0x0085, 0x0085, 0x0085, 0x0085, 0x0085, 0x0085, 0x0085, 0x0085, 0x0085,
  0x0084, 0x0085, 0x0085, 0x0085, 0x0085, 0x0085, 0x0085, 0x0085, 0x0085, 0x0085, 0x0085, 0x0085,
  0x0085, 0x0085, 0x0085, 0x0085, 0x0085, 0x0085, 0x0085, 0x0085, 0x0085, 0x0085, 0x0085, 0x0085,
  0x0085, 0x0085, 0x0085, 0x0085, 0x0085, 0x0085, 0x0085, 0x0085, 0x0085, 0x0085, 0x0085, 0x0085,
  0x0085, 0x0085, 0x0085, 0x0085, 0x0085, 0x0085, 0x0085, 0x0085, 0x0085, 0x0085, 0x0085, 0x0085,
  0x0085, 0x0085, 0x0085, 0x0085, 0x0085, 0x0085, 0x0085, 0x0085, 0x0085, 0x0085, 0x0085, 0x0085,
  0x0085, 0x0085, 0x0085, 0x0085, 0x0085, 0x0085, 0x0085, 0x0085, 0x0085, 0x0085, 0x0085, 0x0085,
  0x0085, 0x0085, 0x0085, 0x0085, 0x0085, 0x0085, 0x0085, 0x0085, 0x0085, 0x0085, 0x0085, 0x0085,
  0x0085, 0x0085, 0x0085, 0x0085, 0x0085, 0x0085, 0x0085, 0x0085, 0x0085, 0x0085, 0x0085, 0x0085,
  0x0085, 0x0085, 0x0085, 0x0085, 0x0085, 0x0085, 0x0085, 0x0085, 0x0085, 0x0085, 0x0085, 0x0085,
  0x0084, 0x0044, 0x0044, 0x0085, 0x0064, 0x0003, 0x08E6, 0x0085, 0x0085, 0x0085, 0x0085, 0x0085,
  0x0085, 0x0085, 0x0085, 0x0085, 0x0085, 0x0085, 0x0085, 0x0085, 0x0085, 0x0085, 0x0085, 0x0064,
  0x08C5, 0x08C5, 0x3208, 0x7C4E, 0x1926, 0x0044, 0x0085, 0x0085, 0x0085, 0x0085, 0x0085, 0x0085,
  0x0085, 0x0085, 0x0085, 0x0085, 0x0085, 0x0084, 0x0085, 0x0085, 0x0085, 0x0085, 0x0085, 0x0084,
  0x0084, 0x0085, 0x0085, 0x0085, 0x0084, 0x0085, 0x0085, 0x0085, 0x0085, 0x0085, 0x0085, 0x0085,
  0x0085, 0x0085, 0x0085, 0x0085, 0x0085, 0x0085, 0x0085, 0x0085, 0x0085, 0x0085, 0x0085, 0x0085,
  0x0085, 0x0085, 0x0085, 0x0084, 0x0084, 0x0085, 0x0085, 0x0085, 0x0085, 0x0085, 0x0085, 0x0085,
  0x0085, 0x0085, 0x0085, 0x0085, 0x0085, 0x0085, 0x0085, 0x0085, 0x0085, 0x0085, 0x0085, 0x0085,
  0x0085, 0x0085, 0x0085, 0x0085, 0x0085, 0x0084, 0x0085, 0x0085, 0x0084, 0x0085, 0x0085, 0x0084,
  0x0085, 0x0084, 0x0085, 0x0085, 0x0085, 0x0085, 0x0085, 0x0085, 0x0085, 0x0085, 0x0085, 0x0085,
  0x0085, 0x0085, 0x0085, 0x0085, 0x0085, 0x0085, 0x0085, 0x0085, 0x0085, 0x0085, 0x0085, 0x0085,
  0x0085, 0x0085, 0x08C5, 0x3A29, 0x636C, 0x7C4E, 0x7C0E, 0x740D, 0x740D, 0x7C4E, 0x426A, 0x08A5,
  0x0064, 0x0085, 0x0085, 0x0085, 0x0085, 0x0085, 0x0085, 0x0085, 0x0085, 0x0085, 0x0085, 0x0085,
  0x0085, 0x0085, 0x0085, 0x0085, 0x0085, 0x0085, 0x0085, 0x0085, 0x0085, 0x0085, 0x0085, 0x0085,
  0x0085, 0x0085, 0x0085, 0x0085, 0x0085, 0x0085, 0x0085, 0x0085, 0x0085, 0x0085, 0x0085, 0x0085,
  0x0085, 0x0085, 0x0085, 0x0085, 0x0084, 0x0085, 0x0085, 0x0085, 0x0085, 0x0085, 0x0085, 0x0085,
  0x0085, 0x0085, 0x0085, 0x0085, 0x0085, 0x0085, 0x0085, 0x0085, 0x0085, 0x0085, 0x0085, 0x0085,
  0x0085, 0x0085, 0x0085, 0x0085, 0x0085, 0x0085, 0x0085, 0x0085, 0x0085, 0x0085, 0x0085, 0x0085,
  0x0085, 0x0085, 0x0085, 0x0085, 0x0085, 0x0085, 0x0085, 0x0085, 0x0085, 0x0085, 0x0085, 0x0085,
  0x0085, 0x0085, 0x0085, 0x0085, 0x0085, 0x0085, 0x0085, 0x0085, 0x0085, 0x0085, 0x0085, 0x0085,
  0x0085, 0x0085, 0x0085, 0x0085, 0x0085, 0x0085, 0x0085, 0x0085, 0x0085, 0x0085, 0x0085, 0x0085,
  0x0085, 0x0085, 0x0085, 0x0085, 0x0085, 0x0085, 0x0085, 0x0085, 0x0085, 0x0085, 0x0085, 0x0085,
  0x0085, 0x0085, 0x0085, 0x0085, 0x0085, 0x0085, 0x0085, 0x0085, 0x0085, 0x0085, 0x0085, 0x0085,
  0x0085, 0x0085, 0x0085, 0x0085, 0x0085, 0x0085, 0x0085, 0x0085, 0x0085, 0x0085, 0x0085, 0x0085,
  0x0085, 0x0085, 0x0085, 0x0085, 0x0085, 0x0085, 0x0085, 0x0085, 0x0085, 0x0085, 0x0085, 0x0085,
  0x0085, 0x0085, 0x0085, 0x0084, 0x5B0B, 0x638C, 0x530B, 0x0064, 0x0085, 0x0085, 0x0085, 0x0085,
  0x0085, 0x0085, 0x0085, 0x0085, 0x0085, 0x0085, 0x0085, 0x0085, 0x0085, 0x0085, 0x0044, 0x0044,
  0x638C, 0x6BCD, 0x1946, 0x2167, 0x0064, 0x0085, 0x0085, 0x0085, 0x0085, 0x0085, 0x0085, 0x0085,
  0x0085, 0x0085, 0x0085, 0x0085, 0x0084, 0x0085, 0x0085, 0x0084, 0x0085, 0x0085, 0x0085, 0x0084,
  0x0084, 0x0085, 0x0085, 0x0085, 0x0085, 0x0085, 0x0085, 0x0085, 0x0085, 0x0085, 0x0085, 0x0085,
  0x0085, 0x0084, 0x0085, 0x0085, 0x0085, 0x0085, 0x0085, 0x0085, 0x0085, 0x0085, 0x0085, 0x0085,
  0x0085, 0x0085, 0x0084, 0x0085, 0x0085, 0x0085, 0x0084, 0x0085, 0x0085, 0x0085, 0x0085, 0x0085,
  0x0085, 0x0085, 0x0085, 0x0085, 0x0085, 0x0085, 0x0085, 0x0085, 0x0085, 0x0085, 0x0085, 0x0085,
  0x0085, 0x0085, 0x0085, 0x0085, 0x0085, 0x0085, 0x0085, 0x0085, 0x0085, 0x0085, 0x0085, 0x0085,
  0x0085, 0x0084, 0x0085, 0x0085, 0x0085, 0x0085, 0x0085, 0x0085, 0x0085, 0x0085, 0x0085, 0x0085,
  0x0085, 0x0085, 0x0085, 0x0085, 0x0085, 0x0085, 0x0085, 0x0085, 0x0085, 0x0085, 0x0085, 0x0085,
  0x0085, 0x0084, 0x0084, 0x2167, 0x73CD, 0x7C2E, 0x7C2E, 0x7C0E, 0x844E, 0x7C2E, 0x1946, 0x0065,
  0x0085, 0x0085, 0x0085, 0x0085, 0x0085, 0x0085, 0x0085, 0x0085, 0x0085, 0x0085, 0x0085, 0x0085,
  0x0085, 0x0085, 0x0085, 0x0085, 0x0085, 0x0085, 0x0085, 0x0085, 0x0085, 0x0085, 0x0085, 0x0085,
  0x0085, 0x0085, 0x0085, 0x0085, 0x0085, 0x0085, 0x0085, 0x0085, 0x0085, 0x0085, 0x0085, 0x0085,
  0x0085, 0x0085, 0x0085, 0x0085, 0x0085, 0x0085, 0x0085, 0x0085, 0x0085, 0x0085, 0x0085, 0x0085,
  0x0084, 0x0084, 0x0085, 0x0085, 0x0085, 0x0084, 0x0085, 0x0085, 0x0085, 0x0085, 0x0085, 0x0085,
  0x0085, 0x0085, 0x0085, 0x0085, 0x0085, 0x0085, 0x0085, 0x0085, 0x0085, 0x0085, 0x0085, 0x0085,
  0x0085, 0x0085, 0x0085, 0x0085, 0x0085, 0x0085, 0x0085, 0x0085, 0x0085, 0x0085, 0x0085, 0x0085,
  0x0085, 0x0085, 0x0085, 0x0085, 0x0085, 0x0085, 0x0085, 0x0085, 0x0085, 0x0085, 0x0085, 0x0085,
  0x0085, 0x0085, 0x0085, 0x0085, 0x0085, 0x0085, 0x0085, 0x0085, 0x0085, 0x0085, 0x0085, 0x0085,
  0x0085, 0x0085, 0x0085, 0x0085, 0x0085, 0x0085, 0x0085, 0x0085, 0x0085, 0x0085, 0x0085, 0x0085,
  0x0084, 0x0085, 0x0085, 0x0084, 0x0085, 0x0085, 0x0085, 0x0085, 0x0085, 0x0085, 0x0085, 0x0085,
  0x0085, 0x0085, 0x0085, 0x0085, 0x0085, 0x0085, 0x0085, 0x0085, 0x0085, 0x0085, 0x0085, 0x0085,
  0x0085, 0x0085, 0x0085, 0x0085, 0x0085, 0x0085, 0x0085, 0x0085, 0x0085, 0x0085, 0x0085, 0x0085,
  0x0085, 0x0085, 0x0085, 0x0044, 0x3A29, 0x846F, 0x31E8, 0x0044, 0x0085, 0x0085, 0x0085, 0x0085,
  0x0085, 0x0085, 0x0085, 0x0085, 0x0085, 0x0085, 0x0085, 0x0085, 0x0064, 0x0064, 0x1106, 0x530B,
  0x848E, 0x3208, 0x0044, 0x0064, 0x0085, 0x0085, 0x0085, 0x0085, 0x0085, 0x0085, 0x0085, 0x0085,
  0x0085, 0x0085, 0x0085, 0x0085, 0x0084, 0x0084, 0x0085, 0x0084, 0x0085, 0x0085, 0x0085, 0x0084,
  0x0084, 0x0085, 0x0085, 0x0085, 0x0085, 0x0085, 0x0085, 0x0085, 0x0085, 0x0085, 0x0085, 0x0085,
  0x0085, 0x0085, 0x0085, 0x0085, 0x0085, 0x0085, 0x0085, 0x0085, 0x0085, 0x0085, 0x0085, 0x0085,
  0x0085, 0x0084, 0x0085, 0x0085, 0x0085, 0x0085, 0x0084, 0x0085, 0x0085, 0x0085, 0x0085, 0x0085,
  0x0085, 0x0085, 0x0085, 0x0085, 0x0085, 0x0085, 0x0085, 0x0085, 0x0085, 0x0085, 0x0085, 0x0085,
  0x0085, 0x0085, 0x0085, 0x0085, 0x0085, 0x0085, 0x0084, 0x0085, 0x0085, 0x0084, 0x0085, 0x0085,
  0x0085, 0x0085, 0x0085, 0x0084, 0x0085, 0x0085, 0x0085, 0x0085, 0x0085, 0x0085, 0x0085, 0x0085,
  0x0085, 0x0085, 0x0085, 0x0085, 0x0085, 0x0085, 0x0085, 0x0085, 0x0085, 0x0085, 0x0085, 0x0085,
  0x0085, 0x0064, 0x1946, 0x4AAA, 0x7C2E, 0x7C2E, 0x7C0E, 0x7C2E, 0x52EB, 0x1126, 0x0064, 0x0084,
  0x0084, 0x0084, 0x0085, 0x0085, 0x0085, 0x0085, 0x0085, 0x0085, 0x0085, 0x0085, 0x0085, 0x0085,
  0x0085, 0x0085, 0x0085, 0x0085, 0x0085, 0x0085, 0x0085, 0x0085, 0x0085, 0x0085, 0x0085, 0x0085,
  0x0085, 0x0085, 0x0085, 0x0085, 0x0085, 0x0085, 0x0085, 0x0085, 0x0085, 0x0085, 0x0085, 0x0085,
  0x0085, 0x0085, 0x0085, 0x0084, 0x0085, 0x0085, 0x0085, 0x0085, 0x0085, 0x0085, 0x0085, 0x0085,
  0x0085, 0x0085, 0x0085, 0x0085, 0x0085, 0x0085, 0x0085, 0x0085, 0x0085, 0x0085, 0x0085, 0x0085,
  0x0085, 0x0085, 0x0085, 0x0085, 0x0085, 0x0085, 0x0085, 0x0085, 0x0085, 0x0085, 0x0085, 0x0085,
  0x0085, 0x0085, 0x0085, 0x0085, 0x0085, 0x0085, 0x0085, 0x0085, 0x0085, 0x0085, 0x0085, 0x0085,
  0x0085, 0x0085, 0x0085, 0x0085, 0x0085, 0x0085, 0x0085, 0x0085, 0x0085, 0x0085, 0x0085, 0x0085,
  0x0085, 0x0085, 0x0085, 0x0085, 0x0085, 0x0085, 0x0085, 0x0085, 0x0085, 0x0085, 0x0085, 0x0085,
  0x0085, 0x0085, 0x0085, 0x0085, 0x0085, 0x0085, 0x0085, 0x0085, 0x0085, 0x0085, 0x0085, 0x0085,
  0x0084, 0x0085, 0x0085, 0x0084, 0x0085, 0x0085, 0x0085, 0x0085, 0x0085, 0x0085, 0x0085, 0x0085,
  0x0085, 0x0085, 0x0085, 0x0085, 0x0085, 0x0085, 0x0085, 0x0085, 0x0085, 0x0085, 0x0085, 0x0085,
  0x0085, 0x0085, 0x0085, 0x0085, 0x0085, 0x0085, 0x0085, 0x0085, 0x0085, 0x0085, 0x0085, 0x0085,
  0x0085, 0x0085, 0x0085, 0x0085, 0x0085, 0x08C5, 0x0064, 0x0085, 0x0085, 0x0085, 0x0085, 0x0085,
  0x0085, 0x0085, 0x0085, 0x0085, 0x0085, 0x0085, 0x0085, 0x0064, 0x10E5, 0x530B, 0x848F, 0x7C2E,
  0x1946, 0x0064, 0x0085, 0x0085, 0x0085, 0x0085, 0x0085, 0x0085, 0x0085, 0x0085, 0x0085, 0x0085,
  0x0085, 0x0085, 0x0085, 0x0085, 0x0085, 0x0084, 0x0085, 0x0084, 0x0084, 0x0085, 0x0085, 0x0084,
  0x0084, 0x0085, 0x0085, 0x0085, 0x0085, 0x0085, 0x0085, 0x0085, 0x0085, 0x0085, 0x0085, 0x0085,
  0x0085, 0x0085, 0x0085, 0x0085, 0x0085, 0x0085, 0x0085, 0x0085, 0x0085, 0x0085, 0x0085, 0x0085,
  0x0085, 0x0085, 0x0085, 0x0085, 0x0084, 0x0084, 0x0085, 0x0085, 0x0085, 0x0085, 0x0085, 0x0085,
  0x0085, 0x0085, 0x0085, 0x0085, 0x0085, 0x0085, 0x0085, 0x0085, 0x0085, 0x0085, 0x0085, 0x0085,
  0x0085, 0x0085, 0x0085, 0x0085, 0x0085, 0x0085, 0x0084, 0x0085, 0x0085, 0x0084, 0x0085, 0x0085,
  0x0085, 0x0085, 0x0084, 0x0084, 0x0085, 0x0085, 0x0085, 0x0085, 0x0085, 0x0085, 0x0085, 0x0085,
  0x0085, 0x0085, 0x0085, 0x0085, 0x0085, 0x0085, 0x0085, 0x0085, 0x0085, 0x0085, 0x0085, 0x0085,
  0x0085, 0x0084, 0x31C8, 0x740D, 0x7C2E, 0x7C2E, 0x7C0E, 0x7C2E, 0x4ACA, 0x1926, 0x0065, 0x0085,
  0x0084, 0x0085, 0x0085, 0x0085, 0x0085, 0x0085, 0x0085, 0x0085, 0x0085, 0x0085, 0x0085, 0x0085,
  0x0085, 0x0085, 0x0085, 0x0085, 0x0085, 0x0085, 0x0085, 0x0085, 0x0085, 0x0085, 0x0085, 0x0085,
  0x0085, 0x0085, 0x0085, 0x0085, 0x0085, 0x0085, 0x0085, 0x0085, 0x0085, 0x0085, 0x0085, 0x0085,
  0x0085, 0x0085, 0x0084, 0x0085, 0x0084, 0x0085, 0x0085, 0x0085, 0x0085, 0x0085, 0x0085, 0x0085,
  0x0085, 0x0084, 0x0084, 0x0085, 0x0085, 0x0085, 0x0085, 0x0085, 0x0085, 0x0085, 0x0085, 0x0085,
  0x0085, 0x0085, 0x0085, 0x0085, 0x0085, 0x0085, 0x0085, 0x0085, 0x0085, 0x0085, 0x0085, 0x0085,
  0x0085, 0x0085, 0x0085, 0x0085, 0x0085, 0x0085, 0x0085, 0x0085, 0x0085, 0x0085, 0x0085, 0x0085,
  0x0085, 0x0085, 0x0085, 0x0085, 0x0085, 0x0085, 0x0085, 0x0085, 0x0085, 0x0085, 0x0085, 0x0085,
  0x0085, 0x0085, 0x0085, 0x0085, 0x0085, 0x0085, 0x0085, 0x0085, 0x0085, 0x0085, 0x0085, 0x0085,
  0x0085, 0x0085, 0x0085, 0x0085, 0x0085, 0x0085, 0x0085, 0x0085, 0x0085, 0x0085, 0x0085, 0x0085,
  0x0084, 0x0085, 0x0084, 0x0085, 0x0085, 0x0085, 0x0085, 0x0085, 0x0085, 0x0085, 0x0085, 0x0085,
  0x0085, 0x0085, 0x0085, 0x0085, 0x0085, 0x0085, 0x0085, 0x0085, 0x0085, 0x0085, 0x0085, 0x0085,
  0x0085, 0x0085, 0x0085, 0x0085, 0x0085, 0x0085, 0x0085, 0x0085, 0x0085, 0x0085, 0x0085, 0x0085,
  0x0085, 0x0085, 0x0085, 0x0085, 0x0085, 0x0084, 0x0085, 0x0085, 0x0085, 0x0085, 0x0085, 0x0085,
  0x0085, 0x0085, 0x0085, 0x0085, 0x0085, 0x0085, 0x0085, 0x0044, 0x3208, 0x7C4E, 0x740E, 0x29A8,
  0x0024, 0x0085, 0x0085, 0x0085, 0x0085, 0x0085, 0x0085, 0x0085, 0x0085, 0x0085, 0x0085, 0x0085,
  0x0085, 0x0085, 0x0085, 0x0085, 0x0085, 0x0084, 0x0085, 0x0084, 0x0085, 0x0085, 0x0085, 0x0084,
  0x0084, 0x0085, 0x0085, 0x0085, 0x0085, 0x0085, 0x0085, 0x0085, 0x0085, 0x0085, 0x0085, 0x0085,
  0x0085, 0x0085, 0x0085, 0x0085, 0x0085, 0x0085, 0x0085, 0x0085, 0x0085, 0x0084, 0x0085, 0x0084,
  0x0085, 0x0084, 0x0085, 0x0084, 0x0085, 0x0085, 0x0085, 0x0084, 0x0084, 0x0084, 0x0085, 0x0085,
  0x0085, 0x0085, 0x0085, 0x0085, 0x0085, 0x0085, 0x0085, 0x0085, 0x0085, 0x0085, 0x0085, 0x0085,
  0x0085, 0x0085, 0x0085, 0x0085, 0x0085, 0x0085, 0x0084, 0x0084, 0x0084, 0x0085, 0x0084, 0x0085,
  0x0085, 0x0085, 0x0084, 0x0085, 0x0084, 0x0085, 0x0085, 0x0085, 0x0085, 0x0085, 0x0085, 0x0085,
  0x0085, 0x0085, 0x0085, 0x0085, 0x0085, 0x0085, 0x0085, 0x0085, 0x0085, 0x0085, 0x0085, 0x0085,
  0x0085, 0x0085, 0x4269, 0x7C2E, 0x7C2E, 0x7C2E, 0x7C2E, 0x844E, 0x73ED, 0x29C7, 0x0044, 0x0085,
  0x0085, 0x0085, 0x0084, 0x0084, 0x0085, 0x0085, 0x0085, 0x0085, 0x0085, 0x0085, 0x0085, 0x0085,
  0x0085, 0x0085, 0x0085, 0x0085, 0x0085, 0x0085, 0x0085, 0x0085, 0x0085, 0x0085, 0x0085, 0x0085,
  0x0085, 0x0085, 0x0085, 0x0085, 0x0085, 0x0085, 0x0085, 0x0085, 0x0085, 0x0085, 0x0085, 0x0085,
  0x0085, 0x0084, 0x0084, 0x0084, 0x0084, 0x0085, 0x0085, 0x0085, 0x0085, 0x0085, 0x0085, 0x0085,
  0x0085, 0x0085, 0x0084, 0x0085, 0x0085, 0x0085, 0x0085, 0x0085, 0x0085, 0x0085, 0x0085, 0x0085,
  0x0085, 0x0085, 0x0085, 0x0085, 0x0085, 0x0085, 0x0085, 0x0085, 0x0085, 0x0085, 0x0085, 0x0085,
  0x0085, 0x0085, 0x0085, 0x0085, 0x0085, 0x0085, 0x0085, 0x0085, 0x0085, 0x0085, 0x0085, 0x0085,
  0x0085, 0x0084, 0x0085, 0x0085, 0x0085, 0x0085, 0x0085, 0x0084, 0x0085, 0x0085, 0x0085, 0x0085,
  0x0085, 0x0085, 0x0085, 0x0085, 0x0085, 0x0085, 0x0085, 0x0085, 0x0085, 0x0085, 0x0085, 0x0085,
  0x0085, 0x0085, 0x0085, 0x0085, 0x0085, 0x0085, 0x0085, 0x0085, 0x0085, 0x0085, 0x0085, 0x0085,
  0x0085, 0x0085, 0x0085, 0x0084, 0x0085, 0x0085, 0x0085, 0x0085, 0x0085, 0x0085, 0x0085, 0x0085,
  0x0085, 0x0085, 0x0085, 0x0085, 0x0085, 0x0085, 0x0085, 0x0085, 0x0085, 0x0085, 0x0085, 0x0085,
  0x0085, 0x0085, 0x0085, 0x0084, 0x0085, 0x0085, 0x0085, 0x0085, 0x0085, 0x0085, 0x0084, 0x0085,
  0x0085, 0x0085, 0x0085, 0x0085, 0x0085, 0x0085, 0x0085, 0x0085, 0x0085, 0x0085, 0x0085, 0x0085,
  0x0085, 0x0085, 0x0085, 0x0085, 0x0085, 0x0085, 0x0085, 0x0085, 0x0085, 0x10E6, 0x08C5, 0x0064,
  0x0085, 0x0085, 0x0085, 0x0085, 0x0085, 0x0085, 0x0085, 0x0085, 0x0085, 0x0085, 0x0085, 0x0085,
  0x0085, 0x0085, 0x0085, 0x0085, 0x0085, 0x0085, 0x0085, 0x0084, 0x0085, 0x0085, 0x0085, 0x0084,
  0x0084, 0x0085, 0x0085, 0x0085, 0x0085, 0x0085, 0x0085, 0x0085, 0x0085, 0x0085, 0x0085, 0x0085,
  0x0085, 0x0085, 0x0085, 0x0085, 0x0085, 0x0085, 0x0085, 0x0085, 0x0085, 0x0085, 0x0085, 0x0084,
  0x0084, 0x0084, 0x0084, 0x0084, 0x0085, 0x0085, 0x0085, 0x0085, 0x0085, 0x0085, 0x0085, 0x0085,
  0x0085, 0x0085, 0x0085, 0x0085, 0x0085, 0x0085, 0x0085, 0x0085, 0x0085, 0x0085, 0x0085, 0x0085,
  0x0085, 0x0085, 0x0085, 0x0085, 0x0085, 0x0085, 0x0084, 0x0084, 0x0084, 0x0085, 0x0084, 0x0085,
  0x0085, 0x0085, 0x0085, 0x0084, 0x0084, 0x0085, 0x0085, 0x0085, 0x0085, 0x0085, 0x0085, 0x0085,
  0x0085, 0x0085, 0x0085, 0x0085, 0x0085, 0x0085, 0x0085, 0x0085, 0x0085, 0x0085, 0x0085, 0x0085,
  0x0085, 0x0085, 0x4ACA, 0x844E, 0x7C2E, 0x7C2E, 0x7C2E, 0x636C, 0x1106, 0x0024, 0x0064, 0x0064,
  0x0064, 0x00A4, 0x08C5, 0x08C5, 0x0085, 0x0085, 0x0085, 0x0085, 0x0085, 0x0085, 0x0085, 0x0085,
  0x0085, 0x0085, 0x0085, 0x0085, 0x0085, 0x0085, 0x0085, 0x0085, 0x0085, 0x0085, 0x0085, 0x0085,
  0x0085, 0x0085, 0x0085, 0x0085, 0x0085, 0x0085, 0x0085, 0x0085, 0x0085, 0x0085, 0x0085, 0x0085,
  0x0085, 0x0085, 0x0085, 0x0084, 0x0085, 0x0084, 0x0084, 0x0084, 0x0085, 0x0085, 0x0084, 0x0085,
  0x0085, 0x0085, 0x0084, 0x0085, 0x0085, 0x0085, 0x0085, 0x0085, 0x0085, 0x0085, 0x0084, 0x0084,
  0x0084, 0x0085, 0x0085, 0x0085, 0x0085, 0x0085, 0x0085, 0x0085, 0x0084, 0x0085, 0x0085, 0x0085,
  0x0085, 0x0085, 0x0085, 0x0085, 0x0084, 0x0085, 0x0085, 0x0085, 0x0085, 0x0085, 0x0085, 0x0085,
  0x0085, 0x0085, 0x0084, 0x0044, 0x0044, 0x0044, 0x0044, 0x0044, 0x0084, 0x0085, 0x0085, 0x0085,
  0x0085, 0x0085, 0x0085, 0x0085, 0x0085, 0x0085, 0x0085, 0x0085, 0x0085, 0x0085, 0x0085, 0x0085,
  0x0085, 0x0085, 0x0085, 0x0084, 0x0085, 0x0085, 0x0084, 0x0064, 0x0064, 0x0064, 0x0064, 0x0064,
  0x0064, 0x0064, 0x0064, 0x0064, 0x0064, 0x0044, 0x0044, 0x0044, 0x0044, 0x0064, 0x0085, 0x0085,
  0x0064, 0x0044, 0x0044, 0x0044, 0x0064, 0x0084, 0x0085, 0x0084, 0x0044, 0x0044, 0x0064, 0x0064,
  0x0044, 0x0064, 0x0085, 0x0064, 0x0044, 0x0044, 0x0064, 0x0064, 0x0044, 0x0064, 0x0064, 0x0064,
  0x0084, 0x0064, 0x0064, 0x0084, 0x0085, 0x0085, 0x0085, 0x0085, 0x0085, 0x0085, 0x0085, 0x0085,
  0x0085, 0x0085, 0x0085, 0x0085, 0x0085, 0x0085, 0x0085, 0x0085, 0x0085, 0x0064, 0x0064, 0x0085,
  0x0085, 0x0085, 0x0085, 0x0085, 0x0085, 0x0085, 0x0085, 0x0085, 0x0085, 0x0085, 0x0085, 0x0085,
  0x0085, 0x0085, 0x0085, 0x0085, 0x0085, 0x0085, 0x0085, 0x0085, 0x0085, 0x0085, 0x0085, 0x0084,
  0x0084, 0x0085, 0x0085, 0x0085, 0x0085, 0x0085, 0x0085, 0x0085, 0x0085, 0x0085, 0x0085, 0x0085,
  0x0085, 0x0085, 0x0085, 0x0085, 0x0085, 0x0085, 0x0085, 0x0085, 0x0085, 0x0085, 0x0084, 0x0085,
  0x0084, 0x0084, 0x0085, 0x0085, 0x0084, 0x0085, 0x0085, 0x0085, 0x0085, 0x0084, 0x0085, 0x0084,
  0x0085, 0x0085, 0x0085, 0x0085, 0x0085, 0x0085, 0x0085, 0x0085, 0x0085, 0x0085, 0x0085, 0x0085,
  0x0085, 0x0085, 0x0084, 0x0085, 0x0085, 0x0085, 0x0085, 0x0085, 0x0084, 0x0085, 0x0085, 0x0085,
  0x0084, 0x0085, 0x0085, 0x0084, 0x0085, 0x0085, 0x0085, 0x0085, 0x0085, 0x0084, 0x0085, 0x0085,
  0x0084, 0x0085, 0x0085, 0x0085, 0x0085, 0x0085, 0x0085, 0x0085, 0x0085, 0x0085, 0x0085, 0x0085,
  0x0085, 0x0064, 0x1947, 0x636C, 0x7C2E, 0x844E, 0x7C2E, 0x08C5, 0x0044, 0x08E6, 0x29C8, 0x31E8,
  0x29C7, 0x29C7, 0x29A8, 0x1926, 0x00A5, 0x0085, 0x0085, 0x0085, 0x0085, 0x0085, 0x0085, 0x0085,
  0x0085, 0x0085, 0x0085, 0x0085, 0x0085, 0x0085, 0x0085, 0x0085, 0x0085, 0x0085, 0x0085, 0x0085,
  0x0085, 0x0085, 0x0085, 0x0085, 0x0085, 0x0085, 0x0085, 0x0085, 0x0085, 0x0085, 0x0085, 0x0084,
  0x0085, 0x0085, 0x0084, 0x0084, 0x0084, 0x0084, 0x0084, 0x0084, 0x0085, 0x0084, 0x0084, 0x0084,
  0x0085, 0x0085, 0x0084, 0x0085, 0x0085, 0x0085, 0x0085, 0x0085, 0x0085, 0x0085, 0x0085, 0x0084,
  0x0085, 0x0085, 0x0085, 0x0085, 0x0085, 0x0085, 0x0085, 0x0085, 0x0085, 0x0085, 0x0085, 0x0085,
  0x0084, 0x0085, 0x0064, 0x0064, 0x0085, 0x0084, 0x0085, 0x0085, 0x0064, 0x0044, 0x0044, 0x0044,
  0x0064, 0x0064, 0x00A5, 0x2187, 0x428A, 0x52EB, 0x4ACA, 0x29A7, 0x0084, 0x0064, 0x0064, 0x0064,
  0x0064, 0x0044, 0x0044, 0x0044, 0x0044, 0x0064, 0x0085, 0x0085, 0x0085, 0x0085, 0x0085, 0x0085,
  0x0044, 0x0044, 0x0044, 0x00A5, 0x0085, 0x00A5, 0x08C5, 0x1106, 0x1106, 0x10E5, 0x1106, 0x1946,
  0x1106, 0x1926, 0x1126, 0x1946, 0x1946, 0x29C8, 0x31E8, 0x3A49, 0x2187, 0x1106, 0x0085, 0x00A5,
  0x1967, 0x3A29, 0x4AAA, 0x29E8, 0x10E6, 0x00A5, 0x0064, 0x0084, 0x31E8, 0x3A29, 0x1947, 0x1106,
  0x29A8, 0x08E6, 0x0064, 0x1105, 0x29A7, 0x3208, 0x4ACA, 0x4289, 0x2166, 0x1126, 0x1106, 0x08C5,
  0x00A5, 0x08C5, 0x1106, 0x0084, 0x0044, 0x0044, 0x0064, 0x0064, 0x0064, 0x0084, 0x0084, 0x0085,
  0x0085, 0x0085, 0x0085, 0x0085, 0x0085, 0x0085, 0x0085, 0x00A5, 0x00A5, 0x0085, 0x0085, 0x0085,
  0x0085, 0x0085, 0x0085, 0x0085, 0x0085, 0x0085, 0x0085, 0x0085, 0x0085, 0x0085, 0x0085, 0x0085,
  0x0085, 0x0085, 0x0085, 0x0085, 0x0085, 0x0085, 0x0085, 0x0085, 0x0085, 0x0085, 0x0085, 0x0084,
  0x0084, 0x0085, 0x0085, 0x0085, 0x0085, 0x0085, 0x0085, 0x0085, 0x0085, 0x0085, 0x0085, 0x0085,
  0x0085, 0x0085, 0x0085, 0x0085, 0x0085, 0x0085, 0x0085, 0x0085, 0x0085, 0x0085, 0x0084, 0x0085,
  0x0084, 0x0085, 0x0085, 0x0085, 0x0085, 0x0085, 0x0085, 0x0085, 0x0084, 0x0084, 0x0085, 0x0085,
  0x0084, 0x0085, 0x0084, 0x0085, 0x0085, 0x0085, 0x0084, 0x0085, 0x0085, 0x0085, 0x0085, 0x0085,
  0x0084, 0x0084, 0x0085, 0x0085, 0x0084, 0x0085, 0x0085, 0x0084, 0x0085, 0x0085, 0x0085, 0x0085,
  0x0084, 0x0085, 0x0084, 0x0085, 0x0085, 0x0085, 0x0085, 0x0085, 0x0085, 0x0085, 0x0085, 0x0085,
  0x0085, 0x0085, 0x0085, 0x0085, 0x0085, 0x0084, 0x0084, 0x0084, 0x0085, 0x0085, 0x0085, 0x0085,
  0x0084, 0x0064, 0x08C5, 0x3A29, 0x6BAD, 0x636C, 0x5B4B, 0x31E8, 0x08A5, 0x2187, 0x2166, 0x1105,
  0x00A5, 0x08C5, 0x08C5, 0x0085, 0x0085, 0x0085, 0x0085, 0x0085, 0x0085, 0x0085, 0x0085, 0x0085,
  0x0085, 0x0085, 0x0085, 0x0085, 0x0085, 0x0085, 0x0085, 0x0085, 0x0085, 0x0085, 0x0085, 0x0085,
  0x0085, 0x0085, 0x0085, 0x0085, 0x0085, 0x0085, 0x0084, 0x0085, 0x0085, 0x0085, 0x0084, 0x0085,
  0x0084, 0x0085, 0x0084, 0x0085, 0x0084, 0x0064, 0x0084, 0x0064, 0x0064, 0x0084, 0x0064, 0x0084,
  0x0085, 0x0085, 0x0084, 0x0064, 0x0064, 0x0044, 0x0044, 0x0044, 0x0044, 0x0044, 0x0044, 0x0044,
  0x0044, 0x0044, 0x0044, 0x0044, 0x0044, 0x0064, 0x0064, 0x0044, 0x0064, 0x0064, 0x0044, 0x0044,
  0x0064, 0x0044, 0x1126, 0x10E6, 0x0044, 0x0044, 0x0044, 0x0084, 0x1126, 0x29A7, 0x3A28, 0x426A,
  0x530B, 0x52EA, 0x6BAC, 0x7C2E, 0x846E, 0x844E, 0x846E, 0x7C2E, 0x638C, 0x5B4C, 0x530B, 0x5B4C,
  0x530B, 0x4ACA, 0x4AAA, 0x428A, 0x428A, 0x1106, 0x0064, 0x0085, 0x0044, 0x0044, 0x0024, 0x0064,
  0x21A7, 0x4269, 0x52EA, 0x6BAC, 0x638C, 0x638C, 0x6BCD, 0x740D, 0x7C0D, 0x740D, 0x7C0D, 0x7C2E,
  0x7C0E, 0x7C2E, 0x7C0E, 0x7C2E, 0x7C2E, 0x846E, 0x846E, 0x844E, 0x7C4E, 0x7C0D, 0x634C, 0x6BAC,
  0x7C2E, 0x846E, 0x846E, 0x7C4E, 0x7C0E, 0x6BAC, 0x5B2B, 0x6BAC, 0x7C2E, 0x844E, 0x7C2E, 0x7C0D,
  0x846E, 0x6BCD, 0x5B2B, 0x73ED, 0x844E, 0x846E, 0x844E, 0x7C4E, 0x7C4E, 0x7C2E, 0x740D, 0x73CD,
  0x6BAC, 0x6BCD, 0x6BCD, 0x4AAA, 0x3A29, 0x1966, 0x1106, 0x08C5, 0x08C5, 0x00A5, 0x0085, 0x0064,
  0x0044, 0x0044, 0x0044, 0x0064, 0x0084, 0x0085, 0x0085, 0x0085, 0x0085, 0x0085, 0x0085, 0x0085,
  0x0085, 0x0085, 0x0085, 0x0085, 0x0085, 0x0085, 0x0085, 0x0085, 0x0085, 0x0085, 0x0085, 0x0085,
  0x0085, 0x0085, 0x0085, 0x0085, 0x0085, 0x0085, 0x0085, 0x0085, 0x0085, 0x0085, 0x0085, 0x0084,
  0x0084, 0x0085, 0x0085, 0x0085, 0x0085, 0x0085, 0x0085, 0x0085, 0x0085, 0x0085, 0x0085, 0x0085,
  0x0085, 0x0085, 0x0085, 0x0085, 0x0085, 0x0085, 0x0085, 0x0085, 0x0085, 0x0085, 0x0085, 0x0084,
  0x0084, 0x0084, 0x0085, 0x0084, 0x0084, 0x0085, 0x0085, 0x0084, 0x0084, 0x0085, 0x0084, 0x0084,
  0x0084, 0x0084, 0x0084, 0x0085, 0x0085, 0x0085, 0x0085, 0x0085, 0x0085, 0x0085, 0x0085, 0x0085,
  0x0084, 0x0085, 0x0085, 0x0084, 0x0084, 0x0085, 0x0084, 0x0084, 0x0085, 0x0085, 0x0085, 0x0085,
  0x0085, 0x0085, 0x0084, 0x0064, 0x0064, 0x0064, 0x0064, 0x0084, 0x0085, 0x0085, 0x0085, 0x0085,
  0x0085, 0x0085, 0x0085, 0x0085, 0x0085, 0x0084, 0x0084, 0x0085, 0x0085, 0x0085, 0x0085, 0x0084,
  0x08C5, 0x08E6, 0x0024, 0x21A7, 0x638C, 0x4269, 0x634C, 0x848F, 0x4ACA, 0x3A49, 0x31E8, 0x08A5,
  0x0085, 0x0085, 0x0085, 0x0085, 0x0085, 0x0085, 0x0085, 0x0085, 0x0085, 0x0085, 0x0085, 0x0085,
  0x0085, 0x0085, 0x0085, 0x0085, 0x0085, 0x0085, 0x0085, 0x0085, 0x0085, 0x0085, 0x0085, 0x0085,
  0x0085, 0x0085, 0x0085, 0x0085, 0x0085, 0x0085, 0x0085, 0x0085, 0x0085, 0x0085, 0x0085, 0x0085,
  0x0084, 0x0084, 0x0064, 0x0064, 0x0064, 0x08A5, 0x0064, 0x08E6, 0x08C5, 0x0084, 0x1926, 0x0064,
  0x0044, 0x0064, 0x00A5, 0x10E5, 0x1126, 0x1967, 0x21A7, 0x3208, 0x3A29, 0x21A8, 0x2187, 0x3A29,
  0x3208, 0x3A49, 0x3A49, 0x3A49, 0x3A49, 0x1106, 0x08E6, 0x2187, 0x1126, 0x08E5, 0x29C7, 0x3208,
  0x1967, 0x2187, 0x6BCD, 0x740D, 0x52CA, 0x428A, 0x31C8, 0x5B4B, 0x7C2E, 0x7C4E, 0x844E, 0x844E,
  0x7C4E, 0x7C4E, 0x7C2E, 0x7C0E, 0x7C0D, 0x7C0E, 0x7C0E, 0x7C2E, 0x7C2E, 0x7C2E, 0x7C4E, 0x7C2E,
  0x7C4E, 0x7C4E, 0x844E, 0x846E, 0x638C, 0x10E6, 0x0023, 0x00A5, 0x29C8, 0x3A49, 0x426A, 0x5B2B,
  0x844E, 0x846E, 0x844E, 0x7C2E, 0x7C4E, 0x7C2E, 0x7C2E, 0x7C2E, 0x7C2E, 0x7C2E, 0x7C2E, 0x7C2E,
  0x7C2E, 0x7C2E, 0x7C2E, 0x7C2E, 0x7C2E, 0x7C0E, 0x7C0E, 0x7C0E, 0x7C2E, 0x7C2E, 0x7C4E, 0x7C2E,
  0x7C2E, 0x7C0E, 0x7C0E, 0x7C0E, 0x7C2E, 0x7C2E, 0x7C4E, 0x7C2E, 0x7C0E, 0x7C0E, 0x7C2E, 0x7C2E,
  0x7C0E, 0x7C2E, 0x7C4E, 0x7C2E, 0x7C0E, 0x7C0E, 0x7C0E, 0x7C0E, 0x7C0E, 0x7C2E, 0x7C2E, 0x7C2E,
  0x7C2E, 0x7C2E, 0x7C2E, 0x7C4E, 0x844E, 0x7C2E, 0x740D, 0x73CD, 0x73CD, 0x6BAC, 0x636C, 0x530B,
  0x4AAA, 0x4269, 0x29C8, 0x08C5, 0x00A5, 0x0064, 0x0064, 0x0044, 0x0044, 0x0064, 0x0064, 0x0085,
  0x0085, 0x0085, 0x0085, 0x0085, 0x0085, 0x0085, 0x0085, 0x0085, 0x0085, 0x0085, 0x0085, 0x0085,
  0x0085, 0x0085, 0x0085, 0x0085, 0x0085, 0x0085, 0x0085, 0x0085, 0x0085, 0x0085, 0x0085, 0x0084,
  0x0084, 0x0085, 0x0085, 0x0085, 0x0085, 0x0085, 0x0085, 0x0085, 0x0085, 0x0085, 0x0085, 0x0085,
  0x0085, 0x0085, 0x0085, 0x0085, 0x0085, 0x0085, 0x0085, 0x0085, 0x0085, 0x0085, 0x0085, 0x0084,
  0x0084, 0x0084, 0x0084, 0x0085, 0x0085, 0x0085, 0x0085, 0x0085, 0x0085, 0x0084, 0x0084, 0x0064,
  0x0084, 0x0064, 0x0064, 0x0084, 0x0084, 0x0064, 0x0064, 0x0064, 0x0084, 0x0064, 0x0064, 0x0084,
  0x0064, 0x0064, 0x0085, 0x0064, 0x0084, 0x0084, 0x0084, 0x0085, 0x0085, 0x0085, 0x0085, 0x0085,
  0x0085, 0x0084, 0x00A5, 0x1106, 0x1946, 0x1967, 0x1126, 0x08C5, 0x0044, 0x0044, 0x0044, 0x0044,
  0x0044, 0x0044, 0x0044, 0x0044, 0x0064, 0x0064, 0x0084, 0x0064, 0x0044, 0x0044, 0x0064, 0x0064,
  0x1946, 0x4AAA, 0x29C7, 0x3208, 0x6BCD, 0x846E, 0x4AAA, 0x73ED, 0x846E, 0x844E, 0x846F, 0x636C,
  0x10E5, 0x0064, 0x0085, 0x0085, 0x0085, 0x0085, 0x0085, 0x0085, 0x0085, 0x0085, 0x0085, 0x0085,
  0x0085, 0x0085, 0x0085, 0x0085, 0x0085, 0x0085, 0x0085, 0x0085, 0x0085, 0x0085, 0x0084, 0x0085,
  0x0085, 0x0085, 0x0085, 0x0084, 0x0085, 0x0085, 0x0085, 0x0064, 0x0044, 0x0064, 0x0044, 0x0044,
  0x0064, 0x00A5, 0x08E5, 0x1946, 0x52EA, 0x6BCD, 0x52EB, 0x6BCD, 0x6BAD, 0x634C, 0x73CD, 0x5B4B,
  0x52EA, 0x530B, 0x6BAC, 0x740D, 0x7C2E, 0x7C2E, 0x7C4E, 0x844E, 0x846E, 0x844E, 0x7C4E, 0x846E,
  0x846E, 0x846E, 0x846E, 0x846E, 0x846F, 0x6BCD, 0x6BCD, 0x7C4E, 0x7C2E, 0x73ED, 0x846E, 0x844E,
  0x7C2E, 0x7C4E, 0x7C2E, 0x7C2E, 0x846E, 0x846E, 0x844E, 0x7C4E, 0x7C2E, 0x7C0E, 0x7C0D, 0x7C0D,
  0x7C0D, 0x7C0D, 0x7C0D, 0x7C0E, 0x7C0E, 0x7C0E, 0x7C0E, 0x7C0E, 0x7C0D, 0x7C0D, 0x7C0D, 0x740D,
  0x740D, 0x740D, 0x7C0D, 0x7C4E, 0x530B, 0x08A5, 0x3209, 0x6BCD, 0x844E, 0x846E, 0x846F, 0x844E,
  0x7C2E, 0x7C0E, 0x7C2D, 0x7C0E, 0x7C0E, 0x7C0E, 0x7C0E, 0x7C2E, 0x7C2E, 0x7C2E, 0x7C2E, 0x7C2E,
  0x7C2E, 0x7C2E, 0x7C2E, 0x7C0E, 0x7C2E, 0x7C2E, 0x7C0E, 0x7C2E, 0x7C2E, 0x7C2E, 0x7C2E, 0x7C0E,
  0x7C0E, 0x7C0E, 0x7C0E, 0x7C0E, 0x7C0E, 0x7C0E, 0x7C0E, 0x7C0E, 0x7C0E, 0x7C2E, 0x7C2E, 0x7C0E,
  0x7C2E, 0x7C2E, 0x7C2E, 0x7C2E, 0x7C2E, 0x7C2E, 0x7C0E, 0x7C0E, 0x7C0E, 0x7C0E, 0x7C0E, 0x7C2E,
  0x7C0E, 0x7C0E, 0x7C0E, 0x7C0D, 0x7C0E, 0x7C0E, 0x7C2E, 0x7C2E, 0x7C2E, 0x7C2E, 0x7C4E, 0x7C4E,
  0x844E, 0x846E, 0x844E, 0x73CD, 0x6BCD, 0x5B4C, 0x530B, 0x52EB, 0x3208, 0x2167, 0x1126, 0x0085,
  0x0085, 0x0085, 0x0085, 0x0085, 0x0085, 0x0085, 0x0085, 0x0085, 0x0085, 0x0085, 0x0085, 0x0085,
  0x0085, 0x0085, 0x0085, 0x0085, 0x0085, 0x0085, 0x0085, 0x0085, 0x0085, 0x0085, 0x0085, 0x0084,
  0x0084, 0x0085, 0x0085, 0x0085, 0x0085, 0x0085, 0x0085, 0x0085, 0x0085, 0x0085, 0x0085, 0x0085,
  0x0085, 0x0085, 0x0085, 0x0085, 0x0085, 0x0085, 0x0085, 0x0085, 0x0085, 0x0085, 0x0085, 0x0085,
  0x0085, 0x0085, 0x0084, 0x0064, 0x0044, 0x0044, 0x0044, 0x0044, 0x0044, 0x0044, 0x0064, 0x0085,
  0x0064, 0x00A5, 0x00A5, 0x0064, 0x0064, 0x00A5, 0x08C5, 0x1106, 0x00A5, 0x1966, 0x10E5, 0x0064,
  0x08E5, 0x08C5, 0x0064, 0x08C5, 0x0044, 0x0085, 0x0084, 0x0044, 0x0044, 0x0044, 0x0044, 0x0044,
  0x0064, 0x1926, 0x29C8, 0x4ACA, 0x6BCD, 0x6BCD, 0x636C, 0x428A, 0x3A29, 0x3A28, 0x3208, 0x3208,
  0x52CA, 0x3A29, 0x4269, 0x21A7, 0x1106, 0x08C5, 0x00A5, 0x10E5, 0x2187, 0x1926, 0x10E6, 0x29A7,
  0x1946, 0x1947, 0x4A8A, 0x4AAA, 0x52EA, 0x6B8C, 0x4ACB, 0x6BCD, 0x7C4E, 0x7C0E, 0x7C0D, 0x844E,
  0x3208, 0x0064, 0x0085, 0x0085, 0x0085, 0x0085, 0x0085, 0x0085, 0x0085, 0x0084, 0x0085, 0x0085,
  0x0085, 0x0085, 0x0085, 0x0085, 0x0085, 0x0085, 0x0085, 0x0085, 0x0085, 0x0085, 0x0085, 0x0085,
  0x0085, 0x0085, 0x0085, 0x0085, 0x0085, 0x0064, 0x0084, 0x1126, 0x1947, 0x1946, 0x31C8, 0x4289,
  0x5B4B, 0x6BAC, 0x73ED, 0x7C2E, 0x7C4E, 0x7C2E, 0x844E, 0x7C2E, 0x7C2E, 0x7C4E, 0x7C2E, 0x7C4E,
  0x846E, 0x844E, 0x7C2E, 0x7C2E, 0x7C2E, 0x7C0E, 0x7C0E, 0x7C0E, 0x7C0E, 0x7C2E, 0x7C2E, 0x7C2E,
  0x7C2E, 0x7C2E, 0x7C0E, 0x7C2E, 0x7C2E, 0x7C4E, 0x7C4E, 0x7C2E, 0x7C2E, 0x7C2E, 0x7C0E, 0x7C0E,
  0x7C2E, 0x7C2E, 0x7C2E, 0x7C0E, 0x7C2E, 0x7C0E, 0x7C0E, 0x7C2E, 0x7C0E, 0x7C0D, 0x7C0D, 0x7C0E,
  0x7C2E, 0x7C2E, 0x7C2E, 0x7C2E, 0x7C0E, 0x7C0E, 0x7C0E, 0x7C0E, 0x7C0E, 0x7C0D, 0x7C0D, 0x7C0E,
  0x7C0E, 0x7C0E, 0x7C0E, 0x7C2E, 0x7C0D, 0x73CD, 0x7C4E, 0x844E, 0x7C2E, 0x7C2E, 0x7C0E, 0x7C0E,
  0x7C0E, 0x7C2E, 0x7C0E, 0x7C0E, 0x7C0E, 0x7C0E, 0x7C2E, 0x7C2E, 0x7C2E, 0x7C2E, 0x7C2E, 0x7C2E,
  0x7C2E, 0x7C2E, 0x7C2E, 0x7C2E, 0x7C2E, 0x7C0E, 0x7C0E, 0x7C2E, 0x7C2E, 0x7C2E, 0x7C2E, 0x7C2E,
  0x7C0E, 0x7C2E, 0x7C2E, 0x7C0E, 0x7C0E, 0x7C0E, 0x7C0E, 0x7C0E, 0x7C0E, 0x7C2E, 0x7C0E, 0x7C2E,
  0x7C2E, 0x7C2E, 0x7C2E, 0x7C2E, 0x7C2E, 0x7C2E, 0x7C2E, 0x7C2E, 0x7C2E, 0x7C2E, 0x7C2E, 0x7C2E,
  0x7C0E, 0x7C0E, 0x7C0E, 0x7C2E, 0x7C0D, 0x7C0E, 0x7C0E, 0x7C0E, 0x7C0E, 0x7C0D, 0x7C0D, 0x7C0D,
  0x7C0D, 0x7C0E, 0x7C2E, 0x7C2E, 0x7C4E, 0x846F, 0x8CAF, 0x8CAF, 0x846F, 0x7C2E, 0x3A49, 0x0064,
  0x0085, 0x0085, 0x0085, 0x0085, 0x0085, 0x0085, 0x0085, 0x0085, 0x0085, 0x0085, 0x0085, 0x0085,
  0x0085, 0x0085, 0x0085, 0x0085, 0x0085, 0x0085, 0x0085, 0x0085, 0x0085, 0x0085, 0x0085, 0x0084,
  0x0084, 0x0085, 0x0084, 0x0085, 0x0085, 0x0085, 0x0085, 0x0085, 0x0085, 0x0085, 0x0085, 0x0085,
  0x0085, 0x0085, 0x0085, 0x0085, 0x0085, 0x0085, 0x0085, 0x0085, 0x0044, 0x0044, 0x0044, 0x0044,
  0x0044, 0x0064, 0x0084, 0x08E5, 0x2187, 0x31E8, 0x3208, 0x4269, 0x52EA, 0x530B, 0x636C, 0x6BAC,
  0x5B4C, 0x638C, 0x638C, 0x5B4C, 0x5B2C, 0x638C, 0x636C, 0x636C, 0x5B4B, 0x6BCD, 0x6BAC, 0x634C,
  0x73CD, 0x6B8C, 0x636C, 0x73CD, 0x3A49, 0x428A, 0x428A, 0x29A7, 0x2187, 0x2187, 0x21A7, 0x29C8,
  0x29C8, 0x21A8, 0x3A29, 0x638C, 0x7C2E, 0x7C0D, 0x7C0D, 0x7C2E, 0x844E, 0x844E, 0x846E, 0x844E,
  0x844E, 0x846E, 0x846E, 0x7C4E, 0x740E, 0x73ED, 0x6BAC, 0x73ED, 0x7C4E, 0x7C0E, 0x73ED, 0x7C2E,
  0x7C0E, 0x6BAD, 0x6BAC, 0x73CD, 0x73ED, 0x740D, 0x844E, 0x7C4E, 0x7C2E, 0x844E, 0x848F, 0x6BAC,
  0x29A7, 0x0085, 0x0084, 0x0085, 0x0085, 0x0085, 0x0085, 0x0085, 0x0085, 0x0085, 0x0085, 0x0085,
  0x0085, 0x0085, 0x0085, 0x0085, 0x0085, 0x0085, 0x0085, 0x0085, 0x0085, 0x0085, 0x0084, 0x0064,
  0x0044, 0x0044, 0x0044, 0x0064, 0x0084, 0x08A5, 0x428A, 0x7C4E, 0x7C2E, 0x7C2E, 0x844E, 0x844E,
  0x7C4E, 0x7C2E, 0x7C2E, 0x7C2E, 0x7C0D, 0x7C0E, 0x7C0D, 0x7C0E, 0x7C0E, 0x7C0E, 0x7C0E, 0x7C2E,
  0x7C2E, 0x7C2E, 0x7C2E, 0x7C2E, 0x7C0E, 0x7C0E, 0x7C0E, 0x7C0E, 0x7C0E, 0x7C2E, 0x7C2E, 0x7C2E,
  0x7C2E, 0x7C2E, 0x7C2E, 0x7C2E, 0x7C2E, 0x7C2E, 0x7C2E, 0x7C2E, 0x7C2E, 0x7C2E, 0x7C2E, 0x7C2E,
  0x7C2E, 0x7C2E, 0x7C2E, 0x7C2E, 0x7C2E, 0x7C2E, 0x7C2E, 0x7C2E, 0x7C0E, 0x7C0E, 0x7C0E, 0x7C0E,
  0x7C2E, 0x7C2E, 0x7C2E, 0x7C2E, 0x7C0E, 0x7C0E, 0x7C0E, 0x7C0E, 0x7C0E, 0x7C0E, 0x7C0D, 0x7C0E,
  0x7C0E, 0x7C0E, 0x7C0E, 0x7C2E, 0x7C2E, 0x7C2E, 0x7C2E, 0x7C2E, 0x7C2E, 0x7C2E, 0x7C2E, 0x7C0E,
  0x7C0E, 0x7C0E, 0x7C2E, 0x7C2E, 0x7C2E, 0x7C2E, 0x7C2E, 0x7C2E, 0x7C2E, 0x7C2E, 0x7C2E, 0x7C2E,
  0x7C2E, 0x7C2E, 0x7C2E, 0x7C2E, 0x7C2E, 0x7C0E, 0x7C0E, 0x7C2E, 0x7C2E, 0x7C2E, 0x7C2E, 0x7C2E,
  0x7C2E, 0x7C2E, 0x7C2E, 0x7C2E, 0x7C2E, 0x7C2E, 0x7C2E, 0x7C2E, 0x7C2E, 0x7C2E, 0x7C2E, 0x7C2E,
  0x7C2E, 0x7C2E, 0x7C2E, 0x7C2E, 0x7C2E, 0x7C2E, 0x7C2E, 0x7C2E, 0x7C2E, 0x7C2E, 0x7C2E, 0x7C2E,
  0x7C2E, 0x7C2E, 0x7C2E, 0x7C2E, 0x7C2E, 0x7C2E, 0x7C2E, 0x7C2E, 0x7C0E, 0x7C0E, 0x7C0E, 0x7C0D,
  0x7C2E, 0x7C0E, 0x7C2E, 0x7C2E, 0x7C4E, 0x6B8D, 0x4ACB, 0x3208, 0x1106, 0x08C5, 0x00A5, 0x0085,
  0x0085, 0x0085, 0x0085, 0x0085, 0x0085, 0x0085, 0x0085, 0x0085, 0x0085, 0x0085, 0x0085, 0x0085,
  0x0085, 0x0085, 0x0085, 0x0085, 0x0085, 0x0085, 0x0085, 0x0085, 0x0085, 0x0085, 0x0085, 0x0084,
  0x0084, 0x0085, 0x0085, 0x0085, 0x0085, 0x0085, 0x0085, 0x0085, 0x0085, 0x0085, 0x0085, 0x0085,
  0x0085, 0x0085, 0x0085, 0x0084, 0x0064, 0x0044, 0x0064, 0x08C5, 0x3A49, 0x4AAA, 0x4289, 0x31E8,
  0x31E8, 0x426A, 0x52EA, 0x6BAC, 0x7C2E, 0x846E, 0x846E, 0x846E, 0x844E, 0x844E, 0x7C4E, 0x7C2E,
  0x844E, 0x7C4E, 0x7C4E, 0x846E, 0x846E, 0x844E, 0x844E, 0x844E, 0x844E, 0x7C4E, 0x7C4E, 0x844E,
  0x7C2E, 0x7C4E, 0x7C4E, 0x7C2E, 0x846E, 0x844E, 0x7C4E, 0x7C4E, 0x844E, 0x7C4E, 0x844E, 0x846E,
  0x844E, 0x7C4E, 0x740D, 0x73ED, 0x7C0D, 0x7C0D, 0x7C0D, 0x7C0D, 0x7C0D, 0x7C0D, 0x7C0E, 0x7C0E,
  0x7C2E, 0x7C2E, 0x7C2E, 0x7C2E, 0x7C2E, 0x7C2E, 0x7C2E, 0x7C2E, 0x7C2E, 0x7C2E, 0x7C4E, 0x7C4E,
  0x740D, 0x7C0D, 0x7C0D, 0x740D, 0x6BCD, 0x638D, 0x638C, 0x73ED, 0x740D, 0x5B2B, 0x29C8, 0x08C5,
  0x0064, 0x0084, 0x0084, 0x0085, 0x0085, 0x0064, 0x0044, 0x0044, 0x0044, 0x0044, 0x0044, 0x0044,
  0x0084, 0x0085, 0x0085, 0x0085, 0x0085, 0x0085, 0x0085, 0x0064, 0x0044, 0x0064, 0x08C5, 0x1126,
  0x2187, 0x3A49, 0x4ACA, 0x530B, 0x636C, 0x73ED, 0x7C4E, 0x7C2E, 0x7C2E, 0x7C2E, 0x7C0D, 0x7C0D,
  0x7C0D, 0x7C0E, 0x7C0D, 0x7C0E, 0x7C0E, 0x7C2E, 0x7C2E, 0x7C0E, 0x7C0E, 0x7C2E, 0x7C2E, 0x7C2E,
  0x7C2E, 0x7C2E, 0x7C0E, 0x7C2E, 0x7C2E, 0x7C0E, 0x7C0E, 0x7C2E, 0x7C2E, 0x7C2E, 0x7C2E, 0x7C2E,
  0x7C2E, 0x7C0E, 0x7C2E, 0x7C2E, 0x7C2E, 0x7C2E, 0x7C2E, 0x7C2E, 0x7C2E, 0x7C2E, 0x7C2E, 0x7C2E,
  0x7C2E, 0x7C2E, 0x7C2E, 0x7C2E, 0x7C2E, 0x7C2E, 0x7C2E, 0x7C2E, 0x7C2E, 0x7C2E, 0x7C2E, 0x7C2E,
  0x7C2E, 0x7C2E, 0x7C2E, 0x7C2E, 0x7C2E, 0x7C2E, 0x7C0E, 0x7C0E, 0x7C0E, 0x7C0E, 0x7C0E, 0x7C0E,
  0x7C2E, 0x7C2E, 0x7C2E, 0x7C2E, 0x7C2E, 0x7C2E, 0x7C2E, 0x7C2E, 0x7C2E, 0x7C0E, 0x7C2E, 0x7C2E,
  0x7C0E, 0x7C0E, 0x7C2E, 0x7C2E, 0x7C2E, 0x7C2E, 0x7C2E, 0x7C2E, 0x7C2E, 0x7C2E, 0x7C2E, 0x7C2E,
  0x7C2E, 0x7C2E, 0x7C2E, 0x7C0E, 0x7C0E, 0x7C0E, 0x7C2E, 0x7C2E, 0x7C2E, 0x7C2E, 0x7C2E, 0x7C2E,
  0x7C2E, 0x7C2E, 0x7C2E, 0x7C2E, 0x7C2E, 0x7C2E, 0x7C2E, 0x7C2E, 0x7C2E, 0x7C2E, 0x7C2E, 0x7C2E,
  0x7C2E, 0x7C2E, 0x7C2E, 0x7C2E, 0x7C2E, 0x7C2E, 0x7C2E, 0x7C2E, 0x7C2E, 0x7C2E, 0x7C2E, 0x7C2E,
  0x7C2E, 0x7C2E, 0x7C2E, 0x7C2E, 0x7C2E, 0x7C2E, 0x7C2E, 0x7C2E, 0x7C2E, 0x7C2E, 0x7C2E, 0x7C2E,
  0x7C2E, 0x7C2E, 0x7C2E, 0x7C2E, 0x846F, 0x636C, 0x08A5, 0x0064, 0x00A5, 0x08C5, 0x0084, 0x0085,
  0x0085, 0x0085, 0x0085, 0x0085, 0x0085, 0x0085, 0x0085, 0x0085, 0x0085, 0x0085, 0x0085, 0x0085,
  0x0085, 0x0085, 0x0085, 0x0085, 0x0085, 0x0085, 0x0085, 0x0085, 0x0085, 0x0085, 0x0085, 0x0084,
  0x0084, 0x0085, 0x0085, 0x0085, 0x0085, 0x0085, 0x0085, 0x0085, 0x0085, 0x0085, 0x0085, 0x0085,
  0x0085, 0x0085, 0x0064, 0x1106, 0x426A, 0x4289, 0x2166, 0x08A5, 0x29C7, 0x4AAA, 0x5B4C, 0x638C,
  0x6BCD, 0x73ED, 0x7C4E, 0x7C2E, 0x7C2E, 0x7C0D, 0x7C0D, 0x7C0E, 0x7C2E, 0x7C0E, 0x7C0E, 0x7C2E,
  0x7C2E, 0x7C2E, 0x7C2E, 0x7C2E, 0x7C2E, 0x7C2E, 0x7C2E, 0x7C2E, 0x7C2E, 0x7C2E, 0x7C2E, 0x7C2E,
  0x7C0E, 0x7C2E, 0x7C0E, 0x7C0E, 0x7C0E, 0x7C2E, 0x7C2E, 0x7C2E, 0x7C2E, 0x7C2E, 0x7C2E, 0x7C2E,
  0x7C2E, 0x7C2E, 0x7C2E, 0x7C2E, 0x7C0E, 0x7C0D, 0x7C0D, 0x7C0D, 0x7C2D, 0x7C2E, 0x7C2E, 0x7C2E,
  0x7C2E, 0x7C2E, 0x7C2E, 0x7C2E, 0x7C2E, 0x7C2E, 0x7C2E, 0x7C0E, 0x7C2E, 0x7C2E, 0x636C, 0x4269,
  0x29C8, 0x2167, 0x1946, 0x2166, 0x29A8, 0x21C8, 0x08E7, 0x08E6, 0x08E5, 0x0044, 0x0023, 0x0064,
  0x0084, 0x0064, 0x0064, 0x0064, 0x0084, 0x10E5, 0x29A7, 0x4269, 0x4ACA, 0x52EB, 0x4ACA, 0x3208,
  0x08C5, 0x0085, 0x0085, 0x0084, 0x0064, 0x0064, 0x0044, 0x08C5, 0x3A49, 0x530B, 0x638C, 0x740D,
  0x844E, 0x846E, 0x844E, 0x844E, 0x844E, 0x7C2E, 0x7C2E, 0x7C2E, 0x7C2E, 0x7C2E, 0x7C0E, 0x7C0E,
  0x7C2E, 0x7C2E, 0x7C0E, 0x7C2E, 0x7C0E, 0x7C0E, 0x7C2E, 0x7C2E, 0x7C2E, 0x7C2E, 0x7C2E, 0x7C2E,
  0x7C2E, 0x7C2E, 0x7C0E, 0x7C2E, 0x7C2E, 0x7C0E, 0x7C0E, 0x7C2E, 0x7C2E, 0x7C2E, 0x7C2E, 0x7C2E,
  0x7C2E, 0x7C2E, 0x7C2E, 0x7C2E, 0x7C2E, 0x7C2E, 0x7C2E, 0x7C2E, 0x7C2E, 0x7C2E, 0x7C2E, 0x7C2E,
  0x7C2E, 0x7C2E, 0x7C2E, 0x7C2E, 0x7C2E, 0x7C2E, 0x7C2E, 0x7C2E, 0x7C2E, 0x7C2E, 0x7C2E, 0x7C2E,
  0x7C2E, 0x7C2E, 0x7C2E, 0x7C2E, 0x7C2E, 0x7C2E, 0x7C0E, 0x7C0E, 0x7C0E, 0x7C2E, 0x7C2E, 0x7C2E,
  0x7C2E, 0x7C2E, 0x7C2E, 0x7C2E, 0x7C2E, 0x7C2E, 0x7C2E, 0x7C2E, 0x7C2E, 0x7C2E, 0x7C0E, 0x7C2E,
  0x7C2E, 0x7C2E, 0x7C0E, 0x7C0E, 0x7C2E, 0x7C2E, 0x7C2E, 0x7C2E, 0x7C2E, 0x7C2E, 0x7C2E, 0x7C2E,
  0x7C2E, 0x7C2E, 0x7C2E, 0x7C0E, 0x7C0E, 0x7C2E, 0x7C2E, 0x7C2E, 0x7C2E, 0x7C2E, 0x7C2E, 0x7C2E,
  0x7C2E, 0x7C2E, 0x7C2E, 0x7C2E, 0x7C2E, 0x7C2E, 0x7C2E, 0x7C2E, 0x7C2E, 0x7C2E, 0x7C2E, 0x7C2E,
  0x7C2E, 0x7C2E, 0x7C2E, 0x7C2E, 0x7C2E, 0x7C2E, 0x7C2E, 0x7C2E, 0x7C2E, 0x7C2E, 0x7C2E, 0x7C2E,
  0x7C2E, 0x7C2E, 0x7C2E, 0x7C2E, 0x7C2E, 0x7C2E, 0x7C2E, 0x7C2E, 0x7C2E, 0x7C2E, 0x7C2E, 0x7C2E,
  0x7C2E, 0x7C2E, 0x7C2E, 0x7C4E, 0x73ED, 0x530B, 0x4269, 0x2167, 0x1967, 0x1106, 0x0085, 0x0085,
  0x0085, 0x0085, 0x0085, 0x0085, 0x0085, 0x0085, 0x0085, 0x0085, 0x0085, 0x0085, 0x0085, 0x0085,
  0x0085, 0x0085, 0x0085, 0x0085, 0x0085, 0x0085, 0x0085, 0x0084, 0x0084, 0x0085, 0x0085, 0x0084,
  0x0084, 0x0085, 0x0085, 0x0085, 0x0085, 0x0085, 0x0085, 0x0085, 0x0085, 0x0085, 0x0085, 0x0085,
  0x0085, 0x0085, 0x0085, 0x00A5, 0x08E6, 0x1126, 0x1106, 0x0084, 0x10E5, 0x29A7, 0x3A29, 0x3A29,
  0x5B2B, 0x740D, 0x7C4E, 0x7C2E, 0x7C2E, 0x7C2E, 0x7C2E, 0x7C2E, 0x7C2E, 0x7C2E, 0x7C2E, 0x7C4E,
  0x7C4E, 0x7C4E, 0x7C4E, 0x7C4E, 0x7C4E, 0x7C4E, 0x7C4E, 0x7C4E, 0x7C4E, 0x7C4E, 0x7C4E, 0x7C2E,
  0x7C2E, 0x7C2E, 0x7C2E, 0x7C2E, 0x7C2E, 0x7C4E, 0x7C2E, 0x7C4E, 0x7C2E, 0x7C4E, 0x7C4E, 0x7C4E,
  0x7C4E, 0x7C4E, 0x7C2E, 0x7C2E, 0x7C2E, 0x7C2E, 0x7C2E, 0x7C4E, 0x7C4E, 0x7C4E, 0x7C4E, 0x7C4E,
  0x7C4E, 0x7C4E, 0x7C4E, 0x7C4E, 0x7C4E, 0x7C4E, 0x7C4E, 0x7C2E, 0x7C2E, 0x7C4E, 0x7C2E, 0x636C,
  0x3A29, 0x29C8, 0x29A8, 0x3229, 0x3208, 0x2187, 0x08E6, 0x1106, 0x1926, 0x10E5, 0x1946, 0x29E8,
  0x00A5, 0x2187, 0x3A49, 0x428A, 0x52EB, 0x636C, 0x6BCD, 0x740D, 0x73ED, 0x73CD, 0x73CD, 0x638C,
  0x21A8, 0x0044, 0x0064, 0x0085, 0x08C5, 0x1126, 0x21A8, 0x3A49, 0x5B0B, 0x636C, 0x6BAC, 0x52EB,
  0x5B4C, 0x7C2E, 0x7C2E, 0x7C2E, 0x7C4E, 0x7C4E, 0x7C4E, 0x7C4E, 0x7C4E, 0x7C4E, 0x7C4E, 0x7C4E,
  0x7C4E, 0x7C4E, 0x7C4E, 0x7C4E, 0x7C2E, 0x7C2E, 0x7C4E, 0x7C4E, 0x7C4E, 0x7C4E, 0x7C4E, 0x7C4E,
  0x7C4E, 0x7C4E, 0x7C4E, 0x7C4E, 0x7C2E, 0x7C2E, 0x7C2E, 0x7C4E, 0x7C4E, 0x7C4E, 0x7C4E, 0x7C2E,
  0x7C2E, 0x7C2E, 0x7C2E, 0x7C4E, 0x7C4E, 0x7C4E, 0x7C4E, 0x7C4E, 0x7C4E, 0x7C4E, 0x7C4E, 0x7C4E,
  0x7C4E, 0x7C4E, 0x7C4E, 0x7C4E, 0x7C4E, 0x7C4E, 0x7C4E, 0x7C4E, 0x7C4E, 0x7C4E, 0x7C4E, 0x7C4E,
  0x7C4E, 0x7C4E, 0x7C4E, 0x7C4E, 0x7C4E, 0x7C2E, 0x7C2E, 0x7C2E, 0x7C2E, 0x7C4E, 0x7C4E, 0x7C4E,
  0x7C2E, 0x7C2E, 0x7C4E, 0x7C4E, 0x7C4E, 0x7C4E, 0x7C4E, 0x7C4E, 0x7C4E, 0x7C4E, 0x7C4E, 0x7C2E,
  0x7C2E, 0x7C2E, 0x7C2E, 0x7C2E, 0x7C4E, 0x7C4E, 0x7C4E, 0x7C4E, 0x7C4E, 0x7C4E, 0x7C4E, 0x7C4E,
  0x7C4E, 0x7C4E, 0x7C4E, 0x7C4E, 0x7C4E, 0x7C4E, 0x7C4E, 0x7C4E, 0x7C4E, 0x7C4E, 0x7C4E, 0x7C4E,
  0x7C4E, 0x7C4E, 0x7C4E, 0x7C4E, 0x7C4E, 0x7C4E, 0x7C4E, 0x7C4E, 0x7C4E, 0x7C4E, 0x7C4E, 0x7C4E,
  0x7C4E, 0x7C4E, 0x7C4E, 0x7C4E, 0x7C4E, 0x7C4E, 0x7C4E, 0x7C4E, 0x7C4E, 0x7C4E, 0x7C4E, 0x7C4E,
  0x7C4E, 0x7C4E, 0x7C4E, 0x7C4E, 0x7C4E, 0x7C4E, 0x7C4E, 0x7C4E, 0x7C4E, 0x7C4E, 0x7C4E, 0x7C4E,
  0x7C4E, 0x7C4E, 0x7C4E, 0x846E, 0x5B2B, 0x1947, 0x1947, 0x08E6, 0x0085, 0x0064, 0x0064, 0x0044,
  0x0064, 0x0064, 0x0064, 0x0065, 0x0085, 0x0085, 0x0085, 0x0085, 0x0085, 0x0085, 0x0085, 0x0085,
  0x0085, 0x0085, 0x0085, 0x0085, 0x0085, 0x0085, 0x0085, 0x0085, 0x0085, 0x0085, 0x0085, 0x0084,
  0x0064, 0x0084, 0x0084, 0x0084, 0x0084, 0x0084, 0x0084, 0x0084, 0x0084, 0x0084, 0x0084, 0x0084,
  0x0084, 0x0084, 0x0084, 0x0084, 0x0064, 0x0064, 0x0064, 0x0064, 0x10E5, 0x530A, 0x7C0D, 0x73ED,
  0x6BCC, 0x6BAC, 0x6BCC, 0x73CD, 0x73CD, 0x73CD, 0x73CD, 0x73CD, 0x73CD, 0x73CD, 0x73CD, 0x73CD,
  0x73ED, 0x73ED, 0x73ED, 0x73ED, 0x73ED, 0x73ED, 0x73ED, 0x73ED, 0x73ED, 0x73ED, 0x73CD, 0x73CD,
  0x73CD, 0x73CD, 0x73CD, 0x73CD, 0x73CD, 0x73CD, 0x73CD, 0x73CD, 0x73CD, 0x73ED, 0x73ED, 0x73CD,
  0x73CD, 0x73CD, 0x73CD, 0x73CD, 0x73CD, 0x73CD, 0x73CD, 0x73CD, 0x73CD, 0x73ED, 0x73ED, 0x73ED,
  0x73ED, 0x73CD, 0x73CD, 0x73CD, 0x73CD, 0x73CD, 0x73CD, 0x73CD, 0x73CD, 0x73CD, 0x73CD, 0x73ED,
  0x7C2D, 0x7C2D, 0x73ED, 0x6BAC, 0x6BAC, 0x6B8C, 0x636B, 0x636B, 0x634B, 0x530B, 0x426A, 0x1127,
  0x0085, 0x08C5, 0x1926, 0x2987, 0x31E8, 0x3A49, 0x426A, 0x426A, 0x4249, 0x29A7, 0x0884, 0x0065,
  0x10E6, 0x2187, 0x4269, 0x5B4B, 0x6B8C, 0x73CD, 0x73ED, 0x740D, 0x740D, 0x73ED, 0x73ED, 0x6BCD,
  0x6BAC, 0x73CD, 0x73ED, 0x73CD, 0x73ED, 0x73ED, 0x73ED, 0x73ED, 0x73ED, 0x73ED, 0x73ED, 0x73CD,
  0x73CD, 0x73CD, 0x73CD, 0x73CD, 0x73CD, 0x73CD, 0x73CD, 0x73ED, 0x73ED, 0x73ED, 0x73ED, 0x73ED,
  0x73ED, 0x73ED, 0x73CD, 0x73CD, 0x73CD, 0x73CD, 0x73CD, 0x73CD, 0x73CD, 0x73CD, 0x73CD, 0x73CD,
  0x73CD, 0x73CD, 0x73CD, 0x73CD, 0x73ED, 0x73ED, 0x73ED, 0x73ED, 0x73ED, 0x73ED, 0x73ED, 0x73ED,
  0x73CD, 0x73CD, 0x73CD, 0x73ED, 0x73ED, 0x73ED, 0x73ED, 0x73ED, 0x73ED, 0x73ED, 0x73ED, 0x73ED,
  0x73ED, 0x73ED, 0x73CD, 0x73CD, 0x73CD, 0x73CD, 0x73CD, 0x73CD, 0x73CD, 0x73CD, 0x73CD, 0x73ED,
  0x73CD, 0x73CD, 0x73CD, 0x73CD, 0x73ED, 0x73ED, 0x73ED, 0x73CD, 0x73CD, 0x73CD, 0x73CD, 0x73CD,
  0x73CD, 0x73CD, 0x73CD, 0x73CD, 0x73ED, 0x73ED, 0x73ED, 0x73ED, 0x73ED, 0x73ED, 0x73ED, 0x73ED,
  0x73ED, 0x73ED, 0x73ED, 0x73ED, 0x73ED, 0x73ED, 0x73ED, 0x73ED, 0x73ED, 0x73ED, 0x73ED, 0x73ED,
  0x73ED, 0x73ED, 0x73ED, 0x73ED, 0x73ED, 0x73ED, 0x73ED, 0x73ED, 0x73ED, 0x73ED, 0x73CD, 0x73ED,
  0x73ED, 0x73ED, 0x73ED, 0x73ED, 0x73ED, 0x73ED, 0x73ED, 0x73ED, 0x73ED, 0x73ED, 0x73ED, 0x73ED,
  0x73ED, 0x73ED, 0x73ED, 0x73ED, 0x73ED, 0x73ED, 0x73ED, 0x73ED, 0x73ED, 0x73ED, 0x73ED, 0x73ED,
  0x73ED, 0x73ED, 0x73ED, 0x73ED, 0x636C, 0x73CD, 0x73ED, 0x6BAC, 0x634B, 0x52EB, 0x4269, 0x3A08,
  0x29A7, 0x2167, 0x1946, 0x1106, 0x08E5, 0x08C5, 0x0084, 0x0084, 0x0084, 0x0084, 0x0084, 0x0084,
  0x0084, 0x0084, 0x0084, 0x0084, 0x0084, 0x0084, 0x0084, 0x0084, 0x0084, 0x0084, 0x0084, 0x0064
};
